time,seconds_elapsed,x,y,z
5447271397345,0.040891512,-0.020638302,-0.14751154,-1.6307335
5447291447027,0.060941194,-0.27862543,-0.2811284,-0.9809799
5447311527228,0.081021395,0.08236043,-0.48686367,1.4680729
5447331576911,0.101071078,-0.10686609,-0.43697447,1.5165977
5447351596077,0.121090244,0.05995159,-0.21615028,0.74060726
5447371645760,0.141139927,-0.060544487,0.061448574,-1.2599726
5447391756477,0.161250644,-0.0921514,0.04752484,-1.146328
5447411806159,0.181300326,0.07592843,-0.1530551,0.6903639
5447431825326,0.201319493,-9.748079E-4,-0.18883392,1.0190544
5447451875009,0.221369176,-0.023605524,0.005689621,-0.015124321
5447471924691,0.241418858,-0.028066937,0.10893121,-0.9360542
5447491943858,0.261438025,0.05932552,-0.029391855,0.066924095
5447511993540,0.281487707,0.011284908,-0.1099078,0.79865646
5447532043223,0.30153739,-0.02382328,0.0016050339,0.13544464
5447552062390,0.321556557,-0.028640246,0.094912484,-0.43877602
5447572112072,0.341606239,-0.0046786526,0.014507189,0.17181778
5447592131238,0.361625405,0.0049617086,-0.06774102,0.50670815
5447612180921,0.381675088,-0.023453215,0.0016909242,0.018292427
5447632200087,0.401694254,-0.03834602,0.047929928,-0.15148926
5447652249770,0.421743937,-0.002515886,-0.009106174,0.29138565
5447672299453,0.44179362,-6.340118E-4,-0.0400683,0.26252174
5447692318619,0.461812786,-0.033145595,0.03172551,-0.06300354
5447712368301,0.481862468,-0.015787806,0.034904465,0.07833004
5447732417985,0.501912152,0.0077257436,-0.017426342,0.2817421
5447752437150,0.521931317,-0.01836863,2.68206E-4,0.08061314
5447772486833,0.541981,-0.024654828,0.012317374,0.011268616
5447792536516,0.562030683,-0.007652404,0.013559967,0.20278168
5447812586200,0.582080367,-0.0030791583,-0.010368407,0.15964127
5447832635883,0.60213005,-0.01698574,-0.0010112971,0.013644218
5447852685566,0.622179733,-0.016841926,0.016982988,0.13576984
5447872704732,0.642198899,-0.0025611818,0.0025200695,0.18600559
5447892754415,0.662248582,-0.01646056,0.006668076,0.0639143
5447912804098,0.682298265,-0.013680738,0.0123607665,0.095067024
5447932823264,0.702317431,-0.001814439,-0.010324761,0.16447449
5447952872947,0.722367114,-0.011254558,-0.0103152245,0.097436905
5447972922629,0.742416796,-0.0012550596,0.0027938336,0.08070183
5447992972312,0.762466479,0.0013446892,-0.008549258,0.15491009
5448012991479,0.782485646,-0.008129338,0.006444022,0.10940933
5448033041161,0.802535328,-0.014994439,-0.0019928068,0.071125984
5448053090844,0.822585011,-0.010059357,-0.016422287,0.150136
5448073140527,0.842634694,-0.0027428325,-0.010545075,0.14053917
5448093190210,0.862684377,-0.012003576,0.022031546,0.06873131
5448113239893,0.88273406,-0.013874238,0.0023543984,0.10704899
5448133289575,0.902783742,-0.0064860918,0.003505811,0.154912
5448153339259,0.922833426,-0.008777518,0.017661422,0.085484505
5448173358425,0.942852592,-0.010815987,0.011800766,0.097476006
5448193408107,0.962902274,-0.0108179245,-0.009224504,0.15013885
5448213457791,0.982951958,-0.0012430549,-0.003703326,0.12378883
5448233507474,1.003001641,-0.010606572,0.01419422,0.09268761
5448253557157,1.023051324,-0.0056067985,0.0065929145,0.13100338
5448273576322,1.043070489,-0.005608743,0.0051409006,0.14056206
5448293626006,1.063120173,-7.1191974E-4,0.016798705,0.092684746
5448313706205,1.083200372,-0.014759108,-5.8861077E-4,0.10706234
5448333725372,1.103219539,-0.012368809,-0.009641439,0.13338852
5448353775054,1.123269221,-2.9519014E-4,0.009825602,0.11662388
5448373824737,1.143318904,-0.009634126,0.03060712,0.10466766
5448393874420,1.163368587,-0.006895112,0.0090265125,0.12382221
5448413893586,1.183387753,0.0051806075,-0.01220718,0.11424065
5448433943269,1.203437436,-0.010846963,0.009131536,0.11663914
5448453992952,1.223487119,-0.005639732,0.006632626,0.1070652
5448474012118,1.243506285,-0.0053275526,0.0021580756,0.12621403
5448494061801,1.263555968,0.0042473096,-0.016995713,0.11184883
5448514111484,1.283605651,0.0043520164,0.00434269,0.10227585
5448534161167,1.303655334,-0.007516237,0.0019482523,0.12142944
5448554210850,1.323705017,0.0021672286,0.011734709,0.11663818
5448574230016,1.343724183,-2.2502616E-4,-0.004919812,0.1142416
5448594279699,1.363773866,-0.005009543,0.009236753,0.11185074
5448614329381,1.383823548,-0.0024078768,-0.009917095,0.114245415
5448634379065,1.403873232,1.9768812E-4,0.0044483542,0.11424732
5448654398231,1.423892398,0.007797179,0.0045527965,0.109457016
5448674447913,1.44394208,-0.0038601924,0.009132162,0.11185551
5448694497597,1.463991764,-0.0011499189,-0.0028386116,0.11185551
5448714547280,1.484041447,-0.005835559,0.0021589547,0.116641045
5448734566445,1.504060612,-0.0033385959,-0.007627517,0.123827934
5448754616129,1.524110296,-8.4178895E-4,-0.00794141,0.09749794
5448774665812,1.544159979,-0.003237944,0.003924653,0.119047165
5448794684977,1.564179144,-0.003032431,0.0017393678,0.1238327
5448814734660,1.584228827,-0.00532208,0.02797106,0.11186314
5448834784344,1.604278511,0.011437332,-8.6407363E-4,0.12144184
5448854803509,1.624297676,0.0021726955,-0.005652711,0.1262312
5448874853192,1.644347359,0.0024863482,-7.598102E-4,0.11904812
5448894902876,1.664397043,-0.006778298,-9.6942484E-4,0.09750366
5448914952559,1.684446726,-0.011353377,0.0061089844,0.114266396
5448935002241,1.704496408,0.005933486,0.008713111,0.11426449
5448955021408,1.724515575,-0.008325063,0.0012166649,0.111875534
5448975071090,1.744565257,0.008854495,0.0010078251,0.1118803
5448995120773,1.76461494,-0.0055126715,0.0010075569,0.11427498
5449015139939,1.784634106,0.0016699303,-0.018041313,0.111878395
5449035189622,1.804683789,0.008852538,0.0034019202,0.123851776
5449055239305,1.824733472,0.004066089,-0.006279275,0.119065285
5449075258470,1.844752637,0.008957244,0.007980883,0.11188412
5449095308154,1.864802321,0.0016700905,0.00569129,0.10709381
5449115357837,1.884852004,-4.099924E-4,-0.0063844323,0.1334343
5449135377002,1.904871169,-3.0724704E-4,-0.008883625,0.11907101
5449155426686,1.924920853,-0.002596898,-0.0015964508,0.107097626
5449175476369,1.944970536,0.00489787,6.92755E-4,0.12146568
5449195526052,1.965020219,0.00989569,-0.011592373,0.11907768
5449215545217,1.985039384,0.0029264353,2.744943E-4,0.11908054
5449235594901,2.005089068,0.0031296369,-0.002225116,0.12626553
5449255644584,2.025138751,0.005626578,-0.0070137978,0.12626553
5449275663749,2.045157916,0.005808862,-0.016541004,0.11668873
5449295713433,2.0652076,0.0059801023,-0.006800726,0.121474266
5449315732598,2.085226765,-0.008389043,-0.0021176338,0.12147617
5449335782281,2.105276448,0.0037735458,-0.011646286,0.10711098
5449355831965,2.125326132,0.006253559,-0.011598885,0.12147522
5449375851130,2.145345297,0.0039640646,4.7686696E-4,0.12147331
5449395900813,2.16539498,0.013723641,-0.0066712946,0.111896515
5449415950497,2.185444664,0.0090399515,0.0052997023,0.114292145
5449435969662,2.205463829,-0.0027236082,0.005194694,0.12147617
5449456019345,2.225513512,0.0021673776,-0.013959199,0.12626457
5449476038511,2.245532678,0.0044608004,0.00998342,0.12865925
5449496088194,2.265582361,0.004563391,3.017336E-4,0.12387371
5449516137877,2.285632044,0.006961517,-0.004381284,0.11429405
5449536157043,2.30565121,0.009355726,3.0235946E-4,0.12387371
5449556206726,2.325700893,-1.1849776E-4,-1.1593103E-5,0.12627316
5449576256409,2.345750576,-0.0048002265,-0.014271781,0.11430073
5449596306091,2.365800258,0.0025937613,-0.0049040765,0.12867069
5449616325258,2.385819425,-0.0068803076,0.009356111,0.1190958
5449636374940,2.405869107,0.009879105,-0.017084643,0.114310265
5449656424623,2.42591879,0.004987959,-0.0027191192,0.11909771
5449676474306,2.445968473,0.0075639877,-0.012141034,0.1238842
5449696493472,2.465987639,0.0030897055,0.007117316,0.12148762
5449716543155,2.486037322,6.9550425E-4,0.0072218776,0.12388134
5449736592838,2.506087005,9.029489E-4,3.8966537E-5,0.12627506
5449756642522,2.526136689,0.008401649,0.014404491,0.14064121
5449776692205,2.546186372,0.0013198107,0.0073259324,0.13345718
5449796741888,2.566236055,0.0038128179,-0.009434432,0.12866974
5449816791570,2.586285737,0.0065172147,-0.0166177,0.12627602
5449836810737,2.606304904,0.006619949,0.009718195,0.12388229
5449856860419,2.626354586,0.013804521,-0.004855782,0.12149143
5449876910102,2.646404269,0.0018315352,0.0023265034,0.12388611
5449896959785,2.666453952,0.0041210335,-0.014432922,0.1286745
5449917009468,2.686503635,0.004121039,-0.0025666356,0.123888016
5449937059151,2.706553318,0.0064124987,-0.002566263,0.114310265
5449957108834,2.726603001,0.015989304,0.011798948,0.13585758
5449977158517,2.746652684,0.0016240943,0.0022221357,0.13346386
5449997208200,2.766702367,0.0040163286,0.0071148723,0.1286745
5450017257883,2.78675205,-0.0030635372,-0.002462238,0.1382513
5450037307566,2.806801733,0.0043324213,-0.0048557967,0.11670399
5450057357249,2.826851416,0.01161973,0.016587287,0.13585949
5450077406932,2.846901099,0.0044371244,0.0069057643,0.131073
5450097456614,2.866950781,0.011827171,0.007010147,0.12867832
5450117506298,2.887000465,0.00953768,0.0071148425,0.12628269
5450137555981,2.907050148,0.002319105,0.023938388,0.12388706
5450157605664,2.927099831,0.0025265533,0.007178575,0.12388706
5450177655347,2.947149514,0.007312987,0.002389893,0.13825226
5450197705029,2.967199196,0.009811899,-0.0023985356,0.13107014
5450217754712,2.987248879,0.0049187914,-1.090616E-4,0.12149429
5450237804395,3.007298562,0.0027379375,-0.014473543,0.14304352
5450257854079,3.027348246,6.598383E-4,0.011758268,0.13107586
5450277903762,3.047397929,0.010341344,0.0020767301,0.13586617
5450297953445,3.067447612,6.5785646E-4,-0.00999932,0.1334734
5450318003127,3.087497294,0.005448237,-0.010208383,0.13587093
5450338022294,3.107516461,0.0052407943,0.0017630011,0.13347721
5450358071977,3.127566144,0.0052467175,0.0016594231,0.13108444
5450378121659,3.147615826,0.01253403,0.0038442314,0.12151241
5450398171342,3.167665509,0.007953055,-0.008231819,0.13588047
5450418221025,3.187715192,0.010296768,-0.012972787,0.13587856
5450438270708,3.207764875,0.007965736,-0.008138627,0.13827324
5450458320391,3.227814558,0.012915056,0.0133206695,0.14306355
5450478370075,3.247864242,0.01273942,-0.015363425,0.13109016
5450498419757,3.267913924,0.0151514765,-0.012897462,0.13587761
5450518469440,3.287963607,0.010246979,-0.022442117,0.13587666
5450538519123,3.30801329,0.010389073,0.003951624,0.1310873
5450558568806,3.328062973,0.019821636,-0.015181586,0.14305878
5450578618489,3.348112656,0.0054676495,0.0015474707,0.1262989
5450598668171,3.368162338,9.431392E-4,-0.00807257,0.13348389
5450618717854,3.388212021,-0.0013811477,-0.005730048,0.13827324
5450638767538,3.408261705,0.008250874,-0.020109668,0.13348484
5450658817221,3.428311388,0.018038567,-0.012893572,0.14066696
5450678866904,3.448361071,0.020312563,-8.203387E-4,0.14305973
5450698916587,3.468410754,0.0035864133,-6.547421E-4,0.12869167
5450718966269,3.488460436,0.003555609,-8.3483756E-4,0.13827229
5450739015952,3.508510119,0.006265901,0.004058644,0.13827038
5450759065635,3.528559802,0.001270067,0.016029939,0.1406641
5450779115319,3.548609486,0.02512348,0.020675778,0.14066601
5450799165002,3.568659169,0.013365012,0.00409168,0.14305878
5450819214685,3.588708852,0.015865853,-0.005491048,0.13348198
5450839233851,3.608728018,0.011002788,-0.01982291,0.14305782
5450859283534,3.628777701,0.008762602,0.009022728,0.13347912
5450879333216,3.648827383,0.003955664,-0.0028380305,0.13587093
5450899382899,3.668877066,0.00890414,-4.2890012E-4,0.14065933
5450919432582,3.688926749,0.011379318,0.011541858,0.1478424
5450939482265,3.708976432,0.009151362,0.018704608,0.14305592
5450959531948,3.729026115,0.0068618655,-0.0029479414,0.13348103
5450979551114,3.749045281,0.009258039,-0.010234892,0.14066505
5450999600797,3.769094964,0.0142021105,-0.015094548,0.14066696
5451019650480,3.789144647,-9.366125E-5,-7.032752E-4,0.13348484
5451039700163,3.80919433,0.021383066,0.018449008,0.13827229
5451059749846,3.829244013,0.014130197,0.016033068,0.14066696
5451079799529,3.849293696,0.014264822,-7.36475E-4,0.14306164
5451099849212,3.869343379,0.01439273,-0.007909313,0.13827324
5451119898895,3.889393062,0.0023733117,-0.007891253,0.14306164
5451139948578,3.909442745,0.014048189,-0.005353406,0.14784622
5451159998261,3.929492428,0.006813973,-0.00314188,0.13827229
5451180047943,3.94954211,0.009166725,0.0063432306,0.14066792
5451200097626,3.969591793,0.0018774346,0.015919685,0.14306259
5451220147310,3.989641477,0.006460376,0.011131987,0.14066696
5451240196993,4.00969116,0.004168907,-0.017703474,0.14306355
5451260246676,4.029740843,0.011566872,0.018001154,0.14785671
5451280296358,4.049790525,0.0068871304,-0.0035458952,0.13588619
5451300346041,4.069840208,0.009279352,-0.010728866,0.13828087
5451320395724,4.089889891,0.0024128482,0.003636688,0.15025234
5451340536959,4.110031126,0.009599417,-0.0010462701,0.14306831
5451360586642,4.130080809,0.014284626,0.008320525,0.14307117
5451380636324,4.150130491,0.011950387,-0.0013537705,0.14307404
5451400655491,4.170149658,0.011999043,0.010508642,0.1430769
5451420705173,4.19019934,0.004713865,-0.008749157,0.15504837
5451440754856,4.210249023,0.016823651,0.0054148138,0.14308167
5451460804539,4.230298706,0.009581488,-0.006640643,0.1454773
5451480854222,4.250348389,0.014394246,0.012616992,0.13589859
5451500903905,4.270398072,0.009639304,-0.016078979,0.15505123
5451520953589,4.290447756,-0.0021203011,-0.001922816,0.1406908
5451541003271,4.310497438,0.014793009,0.0051721334,0.15984726
5451561052954,4.330547121,0.0077713057,0.002894193,0.14548016
5451581102637,4.350596804,0.00554529,-0.00915578,0.15266514
5451601152320,4.370646487,0.0080888085,-0.013991728,0.14069462
5451621202003,4.39069617,0.01518349,-0.013905823,0.15266418
5451641251686,4.410745853,7.639155E-4,4.1024387E-4,0.1430893
5451661301368,4.430795535,0.008026224,-0.0020620078,0.14787865
5451681351052,4.450845219,0.017525429,-0.011670589,0.14787865
5451701400735,4.470894902,5.5858865E-4,0.01695548,0.16224575
5451721419900,4.490914067,0.014896065,0.0047816187,0.15027809
5451741500101,4.510994268,0.010149926,-0.0071624517,0.14788342
5451761549784,4.531043951,0.005331496,-0.004748687,0.14548874
5451781599466,4.551093633,0.010293942,-0.004620567,0.14548779
5451801649149,4.571143316,6.084405E-4,-0.0022270828,0.14309311
5451821698833,4.591193,0.007857021,-0.016756564,0.14788437
5451841748516,4.611242683,0.012804193,-0.0046262145,0.15267086
5451861798199,4.631292366,0.0032852404,-0.0069664717,0.14788055
5451881847881,4.651342048,0.012980295,-0.0259787,0.14787865
5451901897564,4.671391731,0.008229505,0.005013004,0.15267086
5451921947247,4.691441414,0.005996803,-0.011574671,0.15984917
5451942027448,4.711521615,0.010618933,-0.0043254197,0.15745354
5451962046613,4.73154078,0.015416976,-0.011516422,0.15745354
5451982126813,4.75162098,0.008372501,-0.0017704964,0.15505695
5452002145979,4.771640146,0.010793045,-0.013662636,0.14308453
5452022195662,4.791689829,0.00831956,-0.013769895,0.14787483
5452042245345,4.811739512,0.010622781,-0.0042961836,0.15026951
5452062325546,4.831819713,0.020273838,-0.0065798312,0.15026855
5452082375228,4.851869395,0.005826423,-0.008892402,0.15505505
5452102424911,4.871919078,0.0060725976,7.428825E-4,0.15505505
5452122474594,4.891968761,0.013381051,-0.013541982,0.14787197
5452142524277,4.912018444,0.013193453,-0.0015037507,0.14786911
5452162573960,4.932068127,0.010935497,-0.0041539073,0.15745163
5452182623642,4.952117809,0.008552168,-0.021008879,0.15505886
5452202673326,4.972167493,0.010869682,-0.0016742051,0.15266132
5452222723009,4.992217176,0.01316786,-0.008873418,0.14787292
5452242772692,5.012266859,0.008376591,-0.013754591,0.14787483
5452262822375,5.032316542,0.0036387779,0.0030598938,0.14787388
5452282872058,5.052366225,0.013141358,0.005390987,0.14308643
5452302921740,5.072415907,0.008485187,-0.023460329,0.15984821
5452322971423,5.09246559,0.008524366,-0.0042355657,0.1550579
5452343021106,5.112515273,0.018281287,-0.028107405,0.1598463
5452363070790,5.132564957,0.0040336326,-0.0017589927,0.15745258
5452383120473,5.15261464,0.011020344,-0.008727446,0.14787102
5452403170156,5.172664323,0.011137709,-0.006338522,0.16223717
5452423219838,5.192714005,-9.912848E-4,0.0033941716,0.15265656
5452443269521,5.212763688,0.018294996,0.008315355,0.15025997
5452463319204,5.232813371,0.0036793686,-0.01091069,0.15504932
5452483368887,5.252863054,0.017874287,-0.005870551,0.16461945
5452503418571,5.272912738,-0.0012773424,0.0034971833,0.16701889
5452523468254,5.292962421,0.015507735,-0.015483931,0.1502552
5452543548453,5.31304262,0.008336868,-0.01787208,0.15264988
5452563598136,5.333092303,0.017678304,-0.017822295,0.16940689
5452583647820,5.353141987,0.012877831,-0.0059381574,0.15264988
5452603697502,5.373191669,0.005720975,-0.0035634935,0.15743923
5452623747185,5.393241352,0.015496574,-0.012920275,0.15264702
5452643796868,5.413291035,0.013104351,0.0038046688,0.14307117
5452663846551,5.433340718,0.01083478,0.011013031,0.15743637
5452683896234,5.453390401,0.01312376,-0.010688752,0.16701508
5452703945917,5.473440084,0.01324234,-0.00834465,0.15265179
5452724026117,5.493520284,0.015716963,-0.008264378,0.15743923
5452744075800,5.513569967,0.008525342,-0.0130598545,0.15983295
5452764125483,5.53361965,0.015513357,0.013415173,0.15982914
5452784175165,5.553669332,0.0034854077,-0.005915627,0.15025616
5452804224848,5.573719015,0.012888687,-0.0011970848,0.14307404
5452824305049,5.593799216,0.008022126,-0.0060417354,0.15744114
5452844354732,5.613848899,0.015242372,-0.0035051703,0.16222572
5452864404414,5.633898581,0.003198754,0.0012192577,0.16701508
5452884454097,5.653948264,0.010321181,-0.008629963,0.15983772
5452904503781,5.673997948,0.010234252,-0.022993878,0.15983677
5452924553464,5.694047631,0.007961944,-0.010909125,0.16222954
5452944603147,5.714097314,-0.004055131,-0.0036472082,0.17180538
5452964683346,5.734177513,0.010670479,-0.005957052,0.16222763
5452984733030,5.754227197,0.013121897,0.0059434175,0.15504646
5453004782713,5.77427688,0.013154039,-0.0108629465,0.1574421
5453024832396,5.794326563,0.015554577,-0.008288369,0.16222763
5453044882078,5.814376245,0.01805657,-0.0058258325,0.16701412
5453064931761,5.834425928,0.0086168945,0.008464456,0.16701603
5453084981444,5.854475611,0.0036760457,0.018039376,0.15025616
5453105031127,5.874525294,0.013279876,-0.03228095,0.14786339
5453125111327,5.894605494,0.05125711,-0.027366549,0.25799274
5453145161010,5.914655177,-0.023274228,-0.0043327063,0.25801754
5453165210693,5.93470486,-6.935261E-4,0.053083166,0.23432446
5453185260376,5.954754543,0.053378806,0.029205203,-0.25137138
5453205310059,5.974804226,0.07448939,-0.046558753,0.37824345
5453225390259,5.994884426,0.063242406,-0.04587643,0.4616747
5453245439942,6.014934109,-0.013544593,0.029809758,-0.07221508
5453265520142,6.035014309,-0.012185831,0.005553663,0.073988914
5453285569825,6.055063992,0.017362434,-0.023922935,0.33248425
5453305619508,6.075113675,0.013626769,0.016374573,0.03801155
5453325699708,6.095193875,0.0026393496,-0.008483872,0.11943817
5453345749391,6.115243558,-0.028919302,-0.0072987825,0.25339222
5453365860108,6.135354275,0.048314754,-0.007902071,0.11205578
5453385909791,6.155403958,0.0022077598,-0.018487334,0.19577885
5453405959474,6.175453641,0.038843974,-0.013320103,0.23637676
5453426039674,6.195533841,0.01234648,0.0074079037,0.15973186
5453446089357,6.215583524,0.012316491,-0.002985686,0.09270954
5453466169556,6.235663723,0.022247795,-0.0059666485,0.164505
5453486219239,6.255713406,0.023066148,-0.0029080957,0.20276165
5453506268923,6.27576309,0.0152697,-0.0011170805,0.19554424
5453526318606,6.295812773,0.012921575,-0.016049877,0.17640114
5453546398805,6.315892972,0.016693827,-0.0023451447,0.17401409
5453566448488,6.335942655,0.022861045,-6.222129E-4,0.15007782
5453586498172,6.355992339,0.022552423,-0.0063735843,0.10939312
5453606547855,6.376042022,0.022840962,0.0034680963,0.10699463
5453626597538,6.396091705,0.025415547,-0.017335802,0.18117332
5453646677737,6.416171904,0.022148704,-0.005901754,0.21702003
5453666727421,6.436221588,0.013915092,-0.027703777,0.23614502
5453686777104,6.456271271,0.030593758,-0.007439375,0.18349457
5453706826787,6.476320954,0.018470682,0.008843735,0.11894035
5453726876469,6.496370636,0.0058827363,-5.812645E-4,0.16690254
5453746956670,6.516450837,0.012236308,-0.02314438,0.15977669
5453767006353,6.53650052,0.016424194,0.0039949715,0.15505886
5453787056035,6.556550202,-4.1645393E-4,0.005146265,0.13118458
5453807105718,6.576599885,0.014040884,-0.010834575,0.20304203
5453827155401,6.596649568,0.020651827,-0.009421498,0.18869305
5453847205084,6.616699251,0.032590218,-0.0050701797,0.13607502
5453867254767,6.636748934,-5.604476E-4,-0.015769184,0.1553011
5453887304451,6.656798618,0.016238365,-0.0063693672,0.16732407
5453907384650,6.676878817,0.0043541677,-0.011038467,0.157794
5453927434333,6.6969285,0.038216103,-0.010746807,0.19614601
5453947484016,6.716978183,0.0545398,-0.008393645,0.1530981
5453967533698,6.737027865,-0.034670644,0.021461084,0.083740234
5453987613899,6.757108066,-0.068230115,0.011736006,0.15078068
5454007663582,6.777157749,0.007342361,-0.009582847,0.2057867
5454027713264,6.797207431,0.013682973,-0.019565552,0.1985588
5454047762947,6.817257114,0.021045264,-0.004010722,0.10760498
5454067812631,6.837306798,0.023652215,-0.010362312,0.19382954
5454087862314,6.857356481,0.022376247,-0.003182143,0.24650764
5454107911997,6.877406164,0.06559068,-0.0028802752,0.047885895
5454127992196,6.897486363,-0.109984905,0.043218657,0.100645065
5454148041880,6.917536047,0.02797179,-0.010476679,0.11497593
5454168091563,6.93758573,-0.012654692,0.022752494,0.016705513
5454188141246,6.957635413,-0.026084058,-0.017401814,0.29899216
5454208190929,6.977685096,0.1677214,-0.10389857,0.43513203
5454228271129,6.997765296,-0.07273632,0.02975215,0.071172714
5454248320812,7.017814979,0.017028483,0.02510783,-0.07708454
5454268370495,7.037864662,0.035698127,-0.0082923025,0.27485847
5454288420177,7.057914344,0.03680616,-0.013548538,0.2962742
5454308469860,7.077964027,-0.008731764,0.036381215,0.013810158
5454328519543,7.09801371,-0.0035184957,0.001069501,0.12881279
5454348599743,7.11809391,0.027334252,-0.023873746,0.31788063
5454368618910,7.138113077,0.014880942,-0.007916555,0.12631226
5454388668593,7.15816276,-0.0014838278,0.009566918,0.05935383
5454408718275,7.178212442,0.017521031,-0.013927668,0.2317276
5454428767958,7.198262125,0.017351173,-0.021568477,0.18620014
5454448817641,7.218311808,0.0031671003,0.009668097,0.083293915
5454468867324,7.238361491,0.017436493,-0.0071297735,0.17906189
5454488917007,7.258411174,0.017200794,-0.0119303465,0.22450542
5454508966690,7.278460857,0.012488313,-0.01525493,0.119179726
5454529046890,7.298541057,0.019827751,1.4534593E-4,0.14314842
5454549096573,7.31859074,0.012493927,-0.010358036,0.2005806
5454569146256,7.338640423,0.014947964,0.0017914772,0.143116
5454589195938,7.358690105,0.0032120235,0.0030770302,0.13356113
5454609245622,7.378739789,0.0031480715,-0.017991453,0.1886177
5454629295305,7.398789472,0.005475316,-0.012602925,0.16705894
5454649375504,7.418869671,0.0030374862,-0.0062957555,0.13355637
5454669425187,7.438919354,0.012857817,-0.008492261,0.18143845
5454689474871,7.458969038,0.0033817105,0.011288822,0.17184925
5454709555071,7.479049238,0.0034884177,0.01295048,0.12158489
5454729604753,7.49909892,0.005882617,-0.015989676,0.14792633
5454749654436,7.519148603,0.010667007,-8.9231133E-4,0.18621922
5454769704120,7.539198287,0.010876421,0.0060808808,0.14073372
5454789753803,7.55924797,0.018087924,-0.020722121,0.14792538
5454809803486,7.579297653,0.015405247,0.00617142,0.18143272
5454829853169,7.599347336,0.0057742856,-9.86278E-4,0.15748978
5454849902851,7.619397018,0.015564403,0.0054917783,0.14074421
5454869952534,7.639446701,0.0106933825,-0.013407052,0.17665291
5454890002217,7.659496384,0.015374346,-0.0032550395,0.15988159
5454910051900,7.679546067,0.0105797835,-0.0038229972,0.15031528
5454930101584,7.699595751,0.005698558,-0.013530478,0.16947079
5454950151266,7.719645433,0.017465103,0.0013086647,0.16706753
5454970200949,7.739695116,0.0198214,-0.010993347,0.14792061
5454990250632,7.759744799,0.010251675,-0.008733124,0.15989304
5455010300315,7.779794482,0.0053883716,-0.0012867004,0.17425346
5455030380515,7.799874682,0.0103038885,-0.005807683,0.1646719
5455050430198,7.819924365,0.01768922,-0.013323262,0.13115978
5455070479881,7.839974048,0.005651731,0.015433431,0.1622839
5455090529564,7.860023731,-0.0016874559,-0.02259612,0.15030766
5455110579247,7.880073414,0.0079659615,0.0036620349,0.1598854
5455130659447,7.900153614,0.0149893705,-0.0036914349,0.15509987
5455150709130,7.920203297,0.010219291,-0.0035271347,0.16228008
5455170758813,7.94025298,0.017424647,-0.0035913587,0.15270424
5455190808496,7.960302663,0.0031191818,0.005898401,0.15988827
5455210858178,7.980352345,0.0056180917,0.0057936907,0.15989017
5455230907862,8.000402029,0.0033946745,-0.013226956,0.1622839
5455250988062,8.020482229,0.013233893,-0.0062139183,0.15510464
5455271037744,8.040531911,0.0013187975,-0.008455321,0.16946697
5455291087427,8.060581594,0.010941654,-0.0012269318,0.15510082
5455311137110,8.080631277,0.0037121065,-0.022590593,0.16228104
5455331186794,8.100680961,0.01331877,-0.01291135,0.16467285
5455351236477,8.120730644,0.0036718138,-0.015484318,0.15031052
5455371286160,8.140780327,0.008476945,-0.022577956,0.15509701
5455391335842,8.160830009,0.015434546,-0.012807965,0.16227627
5455411355009,8.180849176,0.005802568,0.01348114,0.15748882
5455431435208,8.200929375,0.005907111,0.010982394,0.14791393
5455451484891,8.220979058,0.0103408545,-0.0034637898,0.16227913
5455471534575,8.241028742,0.012780145,-0.0011446178,0.15988636
5455491584258,8.261078425,0.017670259,-0.0057763904,0.16706657
5455511633940,8.281128107,0.008320855,-0.0133078545,0.1670742
5455531683623,8.30117779,0.015284644,-0.010612786,0.15509605
5455551733306,8.321227473,0.008026345,0.01574874,0.15748978
5455571782989,8.341277156,0.017582905,-0.020077795,0.1503048
5455591832672,8.361326839,0.008028815,0.011284292,0.15987778
5455611882356,8.381376523,0.012632854,-0.0102187395,0.17184734
5455631962555,8.401456722,0.017304141,-0.015130401,0.15030098
5455652012238,8.421506405,0.009981278,-0.024854407,0.16706371
5455672061921,8.441556088,0.017015107,-0.005450234,0.17424011
5455692111603,8.46160577,0.016986735,-0.005244106,0.15747738
5455712161287,8.481655454,-0.004414212,-5.0093234E-4,0.15987206
5455732210970,8.501705137,0.012373205,-0.014783055,0.15747738
5455752260653,8.52175482,0.009884208,-0.012265444,0.16465569
5455772310336,8.541804503,0.007504927,-0.005082071,0.16226196
5455792360019,8.561854186,0.016959831,-0.014625177,0.15268517
5455812440219,8.581934386,0.0047325827,0.011641815,0.15507889
5455832489902,8.601984069,0.007311022,0.011544749,0.1598692
5455852539585,8.622033752,0.01465462,-0.0028031617,0.16944695
5455872589267,8.642083434,0.00741159,-0.0124433935,0.1598711
5455892638950,8.662133117,0.01948076,-0.012466162,0.16466045
5455912719151,8.682213318,0.012404051,0.0019563287,0.1598711
5455932768834,8.702263001,0.007739192,0.004280865,0.16226768
5455952818516,8.722312683,-0.011203006,0.0017823875,0.016223907
5455972868199,8.742362366,-0.001833614,0.013439655,0.26283264
5455992917882,8.762412049,-0.0059191734,0.018227711,0.24605751
5456012998082,8.782492249,-0.0027920157,0.008650869,0.145504
5456033047765,8.802541932,0.010338541,-0.02549602,0.10721302
5456053097448,8.822591615,0.013426846,-0.015446976,0.15509033
5456073147131,8.842641298,0.0013491176,0.015886694,0.16466236
5456093196815,8.862690982,0.0104044005,7.888973E-4,0.15030861
5456113246498,8.882740665,0.0269413,-0.04454939,0.17903614
5456133296180,8.902790347,5.2206963E-4,-0.013071299,0.1479044
5456153345863,8.92284003,0.01021881,-0.015938163,0.1742506
5456173395546,8.942889713,-0.9443103,0.01543121,0.15747166
5456193445229,8.962939396,-2.3696017,0.67026645,0.08390999
5456213494912,8.982989079,-1.6756449,0.05711952,0.31581306
5456233575112,9.003069279,-0.17580713,-1.0237914,0.25399685
5456253624795,9.023118962,0.5519898,-0.1549809,4.1515284
5456273674478,9.043168645,1.8173661,0.10948244,-0.87214565
5456293724161,9.063218328,1.2626239,0.5299126,0.25983143
5456313773843,9.08326801,1.3032942,0.13784254,-1.3024244
5456333854044,9.103348211,1.413004,-0.15902573,-1.1786785
5456353903727,9.123397894,1.1121826,-0.2304278,-0.38942814
5456373922893,9.14341706,0.48854455,-0.2298162,-0.27415943
5456393972576,9.163466743,-0.53733903,0.055286467,1.0190392
5456414022259,9.183516426,-0.7873535,-0.59115386,1.6212711
5456434102459,9.203596626,0.1265626,-0.28752294,-0.3850193
5456454152142,9.223646309,0.29208416,-0.074268535,0.15638256
5456474201825,9.243695992,0.2595608,0.92090297,1.116683
5456494251507,9.263745674,1.4564179,0.2583476,1.5510025
5456514301190,9.283795357,-1.9865656,-0.06552782,1.0698633
5456534350873,9.30384504,-1.9033337,-0.064021535,-0.017951012
5456554400556,9.323894723,0.5558057,0.39471602,-0.5927439
5456574450240,9.343944407,1.550066,0.101694375,-0.26259327
5456594530439,9.364024606,0.8698969,-0.09117305,0.6216326
5456614580122,9.384074289,-0.7280754,-0.11665286,1.041295
5456634629805,9.404123972,-1.775769,-0.38275224,0.09011364
5456654679489,9.424173656,0.5384261,-0.061389953,0.5534859
5456674729171,9.444223338,2.030979,-0.29739517,0.89656353
5456694778854,9.464273021,0.7847644,-0.6633005,0.60636044
5456714859054,9.484353221,-0.358127,-0.10949257,0.8550215
5456734908738,9.504402905,0.45355123,0.84303004,0.9326639
5456754958420,9.524452587,1.2488611,0.5881772,1.5074701
5456775008103,9.54450227,0.6084726,-0.19747937,1.4009914
5456795057786,9.564551953,0.9836209,0.09002176,1.2364645
5456815107469,9.584601636,-0.31944093,0.4082639,1.0754824
5456835157152,9.604651319,-0.13588423,0.3339622,1.5111504
5456855206835,9.624701002,0.5736105,0.7235891,2.5301113
5456875256518,9.644750685,0.24773544,-0.53050554,1.2470074
5456895336718,9.664830885,0.6753099,-0.237227,-0.53188324
5456915386401,9.684880568,0.3415432,-0.006404221,-0.560112
5456935436083,9.70493025,-0.2720621,-0.29732245,0.5362396
5456955485767,9.724979934,-0.35456675,0.2704491,0.21416569
5456975535450,9.745029617,-0.5482467,0.30519342,-0.27199554
5456995615649,9.765109816,-0.95699877,0.09272301,0.2631302
5457015665332,9.785159499,-0.48423988,0.49053335,0.7789898
5457035715015,9.805209182,0.30309117,-0.56673205,1.6671734
5457055795216,9.825289383,-0.20146698,-0.4225572,1.5924549
5457075844898,9.845339065,-0.17458975,-0.090471685,-0.28342438
5457095894581,9.865388748,0.2744225,0.2408408,-1.5749178
5457115944264,9.885438431,0.07102132,-0.5486963,-0.42778587
5457135993948,9.905488115,0.03854996,-0.4498598,0.63095284
5457156043631,9.925537798,-0.19316843,0.2745468,0.19255638
5457176093313,9.94558748,0.8146746,0.01751864,-0.42039967
5457196142996,9.965637163,0.65795386,-0.77475893,0.15990353
5457216223197,9.985717364,0.67966294,-0.2601232,0.4618969
5457236272880,10.005767047,0.19579506,-0.22928602,0.18621063
5457256322562,10.025816729,0.12026627,-0.11259401,-0.21239567
5457276372245,10.045866412,0.33984053,0.0861907,-0.3183031
5457296421928,10.065916095,0.35988757,-0.1465106,-0.42718792
5457316471611,10.085965778,-0.50705916,0.14178312,-0.26757812
5457336521294,10.106015461,-0.15955317,-0.057027817,-0.9999895
5457356601494,10.126095661,0.28493935,0.021707296,-0.95208263
5457376651177,10.146145344,-0.18782452,0.18463337,-0.50661564
5457396731377,10.166225544,-0.77249956,0.32642627,0.23457813
5457416781060,10.186275227,-0.7308699,-0.024695873,-0.41287613
5457436861260,10.206355427,-0.5729511,0.11445093,-1.0958214
5457456910943,10.22640511,-0.7240776,0.052291036,-1.5498352
5457476960626,10.246454793,-1.3669251,0.012745142,-1.6699433
5457497010309,10.266504476,-0.4160958,-0.22115695,-1.4031734
5457517059992,10.286554159,0.9111183,-0.068969965,-1.2056942
5457537109675,10.306603842,-0.3978914,-0.31529272,-1.2241259
5457557159358,10.326653525,-0.8746896,0.059309483,-0.3612213
5457577209040,10.346703207,0.21012455,-0.101423025,0.23096085
5457597289241,10.366783408,0.29217905,-0.21708703,0.3472557
5457617338924,10.386833091,0.026588932,0.06817317,0.16536808
5457637388606,10.406882773,-0.23334128,0.071279645,0.083844185
5457657438289,10.426932456,-0.26193285,-0.050269604,0.35320854
5457677487972,10.446982139,-0.1845129,0.024090648,0.760952
5457697537656,10.467031823,-0.26640835,0.16660285,0.9255829
5457717587339,10.487081506,-0.06801443,0.15040421,0.5410795
5457737637022,10.507131189,0.12951483,0.18818986,0.08656883
5457757717221,10.527211388,-0.004346773,0.25841355,0.577384
5457777766905,10.547261072,-0.010727882,0.18692887,0.40835
5457797816588,10.567310755,-0.28850564,0.21339595,-0.31566143
5457817866270,10.587360437,0.06279081,0.108496666,-0.76100254
5457837915953,10.60741012,-0.062222272,0.13488579,-0.56762123
5457857996154,10.627490321,0.07393727,0.08212018,-0.21221924
5457878045837,10.647540004,0.33307233,0.15372169,0.048279762
5457898095519,10.667589686,0.2119056,0.024732351,-0.16736412
5457918145202,10.687639369,0.14321195,0.09313381,-0.19646835
5457938194885,10.707689052,0.44860822,-0.007581353,-0.054603577
5457958275085,10.727769252,0.40236908,-0.08288753,0.17062187
5457978324768,10.747818935,0.36264867,-0.08312905,0.23641682
5457998374451,10.767868618,0.57125634,-0.0067760944,0.11838341
5458018454651,10.787948818,0.49035662,-0.081460595,0.22565365
5458038504334,10.807998501,0.39625597,-0.1649003,0.4859438
5458058554017,10.828048184,0.4492773,0.034403324,0.4743147
5458078603700,10.848097867,0.7103925,0.046020865,0.12986279
5458098683899,10.868178066,0.6247175,-0.007782936,0.21285152
5458118733583,10.88822775,0.321684,-0.07372439,0.26764393
5458138783266,10.908277433,0.20518224,-0.0020080805,-0.026151657
5458158832949,10.928327116,0.12714657,0.068101525,-0.13129711
5458178882632,10.948376799,0.19163218,0.13580489,-0.036312103
5458198932315,10.968426482,0.1864709,0.07276201,0.34705448
5458219012515,10.988506682,0.13745314,-0.07575202,0.69113255
5458239062198,11.008556365,0.034666896,0.013804197,0.7146807
5458259111881,11.028606048,0.1576492,-0.014682889,0.35157013
5458279161563,11.04865573,0.12155387,-0.036984444,0.08616257
5458299211246,11.068705413,0.07245235,-0.07815623,-0.17040253
5458319260929,11.088755096,0.0063266754,-0.29698431,-0.39691067
5458339310613,11.10880478,-0.23112652,-0.04472184,-0.14924812
5458359360296,11.128854463,-0.30482194,-0.068974614,0.3267746
5458379409979,11.148904146,-0.120269835,-0.1811986,0.339633
5458399459661,11.168953828,-0.27702087,-0.13099861,0.31118298
5458419509344,11.189003511,-0.30431238,-0.21429336,0.13605976
5458439559027,11.209053194,-0.23863623,-0.040733933,0.05783558
5458459608710,11.229102877,-0.43281296,-0.061343074,0.29505348
5458479658393,11.24915256,-0.48915917,-0.14781189,0.06814003
5458499708077,11.269202244,-0.6437823,0.086698174,-0.13279533
5458519757759,11.289251926,-0.63811874,0.089726925,0.12747955
5458539807442,11.309301609,-0.58178055,0.022692084,0.26407433
5458559857125,11.329351292,-0.55451417,0.14961374,0.32717514
5458579906808,11.349400975,-0.3818436,0.06846213,0.26987743
5458599956491,11.369450658,-0.2855684,-0.06448901,0.25705814
5458620006173,11.38950034,-0.43817624,-0.11660147,0.05611801
5458640086374,11.409580541,-0.5105839,0.1128937,0.08878708
5458660136057,11.429630224,-0.08560529,0.035149097,0.4591751
5458680185740,11.449679907,0.17668547,-0.13397491,0.36641026
5458700235422,11.469729589,0.106301606,-0.1736232,0.15103531
5458720285106,11.489779273,-0.01007098,-0.17879009,-0.08953667
5458740334789,11.509828956,0.11082035,-0.07021046,0.05459881
5458760414988,11.529909155,0.058183998,-0.0153826475,0.11868
5458780464671,11.549958838,0.109561175,-0.05095315,-0.071564674
5458800514355,11.570008522,0.09122786,-0.1356101,-0.018167496
5458820564038,11.590058205,0.08802667,-0.023124576,0.41029644
5458840613721,11.610107888,0.10520473,-0.07063699,0.548851
5458860663404,11.630157571,0.13898063,-0.06436312,0.29854965
5458880743604,11.650237771,0.098911405,-0.13807642,-0.110565186
5458900793287,11.670287454,0.24351233,-0.11511421,-0.16103363
5458920842970,11.690337137,0.113315314,-0.11269832,0.27247906
5458940892652,11.710386819,-0.1333381,0.17934024,0.61421394
5458960942335,11.730436502,0.047632217,0.110518456,0.43704224
5458981022536,11.750516703,-0.091453135,0.06608832,0.15188122
5459001072219,11.770566386,-0.11981851,0.14310265,-0.029396057
5459021121901,11.790616068,0.044528365,0.19638026,0.0661335
5459041171584,11.810665751,-0.057649493,0.1440798,0.17734718
5459061221267,11.830715434,-0.11999309,0.14765596,0.14758492
5459081301467,11.850795634,-0.116402626,0.067756176,0.020641327
5459101351150,11.870845317,-0.23841292,0.12650478,0.33663177
5459121400833,11.890895,-0.34746486,0.09831619,0.5088701
5459141450516,11.910944683,-0.45229077,0.14612758,0.26105213
5459161500199,11.930994366,-0.4260155,0.17111695,0.17495441
5459181580399,11.951074566,-0.24634051,0.040462017,0.17078876
5459201630082,11.971124249,-0.3527956,-0.17109221,0.23630047
5459221679765,11.991173932,-0.53606665,-0.23152459,0.017080307
5459241759965,12.011254132,-0.64188457,-0.20518315,-0.17020798
5459261809648,12.031303815,-0.665225,-0.032327056,0.058651924
5459281889847,12.051384014,-0.5066604,0.011606216,0.22699451
5459301939531,12.071433698,-0.49965805,-0.08459699,0.44371605
5459321989214,12.091483381,-0.6529748,-0.15437168,0.28208542
5459342038897,12.111533064,-0.504534,-0.28443867,0.0228796
5459362088580,12.131582747,-0.53119105,-0.24524343,0.18494225
5459382138263,12.15163243,-0.59658784,-0.28817135,0.14955139
5459402218463,12.17171263,-0.20752943,-0.28490978,0.20929718
5459422298662,12.191792829,0.28471023,-0.5616739,0.35194016
5459442348345,12.211842512,0.3502727,-0.598547,0.38039398
5459462398029,12.231892196,0.2897164,-0.39588273,0.3905592
5459482447712,12.251941879,0.38831678,-0.33656406,0.2704296
5459502497395,12.271991562,0.58581525,-0.101608515,0.08672047
5459522547078,12.292041245,0.5780456,-0.0399065,-0.011356354
5459542596760,12.312090927,0.49627197,-0.10764384,0.11221981
5459562646443,12.33214061,0.56413513,-0.07386953,0.18490028
5459582696126,12.352190293,0.72852105,-0.054685414,0.35805702
5459602776326,12.372270493,0.47611004,0.052461207,0.25708675
5459622826009,12.392320176,0.2929128,0.106853545,0.05927086
5459642875692,12.412369859,0.25930572,-0.00800699,0.10776138
5459662925375,12.432419542,0.34837285,-0.030447185,0.31600285
5459682975058,12.452469225,0.50925505,-0.0970664,0.21552849
5459703024742,12.472518909,0.38193417,0.09648216,0.14258862
5459723074424,12.492568591,0.15134105,0.110002935,0.2569847
5459743124107,12.512618274,0.03830409,0.011018872,0.106040955
5459763173790,12.532667957,0.16079068,0.02044499,0.069540024
5459783223473,12.55271764,-0.16719005,0.29927957,0.067308426
5459803273156,12.572767323,-0.079645276,0.24098301,0.19428825
5459823353356,12.592847523,-0.058536053,0.043403447,0.078014374
5459843403039,12.612897206,0.18921044,-0.11267769,0.0014343262
5459863452722,12.632946889,0.24115753,-0.13956332,-0.037237167
5459883502405,12.652996572,0.08166994,-0.04248464,0.036685944
5459903552087,12.673046254,0.11010295,0.039117157,0.15863991
5459923601770,12.693095937,0.30812305,0.04087776,0.15176773
5459943651454,12.713145621,0.473175,-0.13595963,0.16458511
5459963701137,12.733195304,0.31368464,-0.119042516,0.20926571
5459983750820,12.753244987,0.10427399,0.0053581,0.26167488
5460003831019,12.773325186,0.06867297,0.018272221,0.18297291
5460023880703,12.79337487,0.29038,0.06460005,0.0021514893
5460043930386,12.813424553,0.15738124,-0.041567087,-0.022891045
5460063980069,12.833474236,0.16550168,-0.024163604,-0.04842186
5460084060268,12.853554435,0.34602934,-0.1088559,-0.016936302
5460104109952,12.873604119,0.21527988,-0.041693687,-0.038814545
5460124159635,12.893653802,0.19381952,0.024391234,0.06309605
5460144209318,12.913703485,0.0912627,0.08755827,0.3198595
5460164259000,12.933753167,0.09814513,0.06441724,0.37823105
5460184308683,12.95380285,-0.049907297,0.059601784,0.15010643
5460204358366,12.973852533,0.026584715,0.023503244,0.12130165
5460224438566,12.993932733,-0.055922925,0.089811385,0.123680115
5460244488249,13.013982416,0.019534647,0.040838838,0.1737318
5460264537932,13.034032099,0.0011597276,0.05363077,0.43622684
5460284587615,13.054081782,-0.12886064,0.104201496,0.39443588
5460304637298,13.074131465,-0.0542835,0.094251156,-9.918213E-4
5460324686982,13.094181149,0.17224413,-0.039752066,-0.33862686
5460344767181,13.114261348,0.063266695,-0.071214974,-0.19358253
5460364816864,13.134311031,0.027534842,0.03242272,0.15604019
5460384866547,13.154360714,0.03747049,0.0721333,0.29238796
5460404916229,13.174410396,0.16983873,0.17461807,0.39599323
5460424996430,13.194490597,0.34423235,0.13797212,0.36426163
5460445046113,13.21454028,0.35596642,-0.043373734,0.29731655
5460465095795,13.234589962,0.2759463,0.082095504,0.22358036
5460485175996,13.254670163,0.19857067,0.14248869,0.25776577
5460505225679,13.274719846,0.14207652,0.13859302,0.36129093
5460525275362,13.294769529,0.18292552,0.030050337,0.3116045
5460545325044,13.314819211,0.29660484,0.02627483,0.171381
5460565374727,13.334868894,0.22794378,0.027140737,0.109918594
5460585424411,13.354918578,0.033455938,0.09178612,0.25602913
5460605474094,13.374968261,-0.041983664,0.15632296,0.36347485
5460625523777,13.395017944,0.117001325,0.026514709,0.20814419
5460645573460,13.415067627,0.14630073,-0.0244025,-0.07604885
5460665623142,13.435117309,-0.00669688,0.015887082,-0.15670109
5460685672825,13.455166992,0.0066245496,0.11656469,0.02330494
5460705722508,13.475216675,-0.043124795,0.121071935,0.31986904
5460725772192,13.495266359,0.13126975,0.007581413,0.34321404
5460745821875,13.515316042,-0.025034636,0.116051316,0.27846336
5460765871557,13.535365724,-0.25102797,0.15425104,0.30978966
5460785951757,13.555445924,-0.16707323,0.16458452,0.1568737
5460806001441,13.575495608,-0.07256019,0.12007958,0.049957275
5460826051124,13.595545291,-0.02197373,0.042220414,0.005224228
5460846100806,13.615594973,0.03452748,0.08561164,0.20443153
5460866150489,13.635644656,0.1796976,0.13696337,0.15910625
5460886230689,13.655724856,0.40577167,0.0031259656,0.042120934
5460906280372,13.675774539,0.19029489,0.05039996,0.27909088
5460926330055,13.695824222,0.32347164,0.060222685,0.47510624
5460946379738,13.715873905,0.15507719,0.019898713,0.54249954
5460966459938,13.735954105,-1.8548965E-4,0.06375712,0.33064747
5460986509621,13.756003788,0.02252832,0.026185513,0.009595871
5461006559304,13.776053471,-0.09272218,0.07743776,-0.08568096
5461026639504,13.796133671,-0.17420276,0.092763424,0.0050554276
5461046689186,13.816183353,-0.1354634,0.08138585,0.3460846
5461066738870,13.836233037,-0.09708707,0.10690719,0.39463615
5461086819070,13.856313237,0.026700288,0.08449221,0.17594051
5461106868752,13.876362919,0.07557985,0.1144582,0.08751297
5461126918435,13.896412602,0.1306729,0.105111,0.2888794
5461146968119,13.916462286,0.18933597,0.06296182,0.45652485
5461167017802,13.936511969,0.19696224,0.003838122,0.30151463
5461187098001,13.956592168,0.025904626,-0.0419026,-0.13732529
5461207147684,13.976641851,-0.024683684,-0.07491964,-0.24294949
5461227197368,13.996691535,-0.060153127,-0.017050862,0.05927372
5461247277567,14.016771734,0.0076209605,-0.019807696,0.46819305
5461267327250,14.036821417,0.120374024,0.010167718,0.59280014
5461287376933,14.0568711,0.21232992,0.0016214848,0.2738514
5461307426617,14.076920784,0.050428033,-0.020655751,-0.01292038
5461327476300,14.096970467,-0.21776773,0.13633013,0.2011652
5461347525983,14.11702015,-0.29321855,0.20066237,0.5298414
5461367606182,14.137100349,-0.3654316,0.16718376,0.33538628
5461387655866,14.157150033,-0.07359682,0.045299053,-0.12545395
5461407705549,14.177199716,-0.17332041,0.05692506,-0.27817917
5461427846782,14.197340949,-0.22081062,0.04588306,-0.033759117
5461447896465,14.217390632,-0.34501785,0.014093399,0.23734283
5461467946148,14.237440315,-0.18289858,0.020057201,0.3814478
5461487995832,14.257489999,-0.14362559,-0.03353226,0.18911934
5461508076031,14.277570198,-0.1889071,-0.047664642,-0.11714935
5461528125714,14.297619881,-0.27249157,-0.09596014,-0.3278904
5461548175397,14.317669564,-0.2621529,-0.0022472143,-0.021188736
5461568225081,14.337719248,-0.18558903,-0.011624932,0.2543831
5461588274763,14.35776893,-0.23136193,0.079931974,0.23284626
5461608354963,14.37784913,-0.13047656,0.04410708,0.21448135
5461628404646,14.397898813,-0.047580257,0.037096024,0.15674686
5461648454328,14.417948495,-0.14116734,0.0024012327,0.11675167
5461668534529,14.438028696,-0.12124166,-0.035877347,0.104273796
5461688584212,14.458078379,-0.23542887,0.11540854,0.20484447
5461708633895,14.478128062,-0.2517803,0.28829157,0.39804554
5461728683577,14.498177744,-0.21974021,0.09270048,0.18157673
5461748763778,14.518257945,-0.22971097,-0.007048011,-0.2350092
5461768813461,14.538307628,-0.43708956,0.098974705,-0.18767834
5461788863143,14.55835731,-0.54626846,0.26978326,0.24577045
5461808912826,14.578406993,-0.4645986,0.23099685,0.421175
5461828993027,14.598487194,-0.2925783,0.059043884,0.2587719
5461849042709,14.618536876,-0.21889374,0.011214256,0.05876732
5461869092392,14.638586559,-0.26836628,0.02809167,-0.031621933
5461889172593,14.65866676,-0.21768865,-0.019079208,0.004343033
5461909222276,14.678716443,-0.041714817,-0.06617403,0.18839455
5461929271958,14.698766125,0.059244663,-0.14121222,0.16575336
5461949352159,14.718846326,0.07221927,-0.14908814,0.03196335
5461969401842,14.738896009,0.15037522,-0.13364136,0.055128098
5461989451524,14.758945691,0.035971433,-0.14733493,0.17150593
5462009531725,14.779025892,-0.02019614,-0.14034748,0.19229603
5462029581408,14.799075575,-0.06589708,-0.0829221,0.1968193
5462049631090,14.819125257,0.14575082,-0.11559057,0.26825142
5462069680773,14.83917494,0.164485,-0.07796919,0.3114786
5462089730456,14.859224623,0.06394327,-0.02598679,0.25758743
5462109810657,14.879304824,-0.045846343,0.023131132,0.28863144
5462129860339,14.899354506,-0.04201381,0.1144197,0.15058327
5462149910022,14.919404189,0.014125645,0.15125477,0.16832829
5462169990223,14.93948439,0.0083681345,0.1919502,0.31001186
5462190039905,14.959534072,-0.043973908,0.12780559,0.30298805
5462210089588,14.979583755,-0.002594471,0.09144962,0.11223793
5462230139271,14.999633438,-0.028053582,0.10071027,0.091739655
5462250188954,15.019683121,0.07538772,0.071558714,0.09700298
5462270238637,15.039732804,0.066330105,0.11007762,0.16628551
5462290318837,15.059813004,0.058560923,0.035476685,0.14678669
5462310368520,15.079862687,0.106897354,0.03949642,0.015509605
5462330418203,15.09991237,0.06286231,0.027155876,0.020482063
5462350467886,15.119962053,0.06804168,0.0815742,0.021800995
5462370548086,15.140042253,0.024553329,0.04564166,0.31889534
5462390597769,15.160091936,0.028621852,-0.043729782,0.23311043
5462410647452,15.180141619,-0.10146804,0.06365514,0.13391876
5462430697135,15.200191302,-0.16901688,0.13168108,0.010855675
5462450777335,15.220271502,-0.22816189,0.15792143,0.06934166
5462470827018,15.240321185,-0.11513448,0.026043296,0.08089256
5462490876701,15.260370868,0.10441698,-0.11274254,-0.033350945
5462510926383,15.28042055,0.20726582,-0.2089628,0.0054559708
5462530976066,15.300470233,0.19494271,-0.21160173,0.08753967
5462551025749,15.320519916,0.10826443,-0.18225646,0.18917084
5462571075433,15.3405696,0.20070171,-0.10037291,0.21534824
5462591125116,15.360619283,0.20282426,-0.069406986,0.18078995
5462611174799,15.380668966,0.12876742,0.015380859,0.19463539
5462631224481,15.400718648,-2.6306883E-4,0.10121167,0.20833397
5462651274164,15.420768331,0.12296352,0.034177423,0.10430527
5462671323847,15.440818014,0.15304267,-0.03445673,0.017269135
5462691373530,15.460867697,0.10950709,0.022179723,-0.06438351
5462711423213,15.48091738,0.15079372,0.10011196,-0.08853912
5462731472897,15.500967064,0.26850817,0.028861284,0.063233376
5462751553096,15.521047263,0.33094406,0.013672829,0.2166214
5462771602779,15.541096946,0.15138988,0.042806506,0.1745243
5462791652462,15.561146629,0.07550633,0.15800631,0.08383751
5462811702145,15.581196312,0.15868698,0.16911542,0.25907516
5462831751828,15.601245995,0.13018131,0.05273235,0.4642105
5462851801511,15.621295678,-0.015377622,0.08793044,0.49459457
5462871851194,15.641345361,-0.20511375,0.106417894,0.33672523
5462891931394,15.661425561,-0.114235446,0.08597052,0.2415247
5462911981077,15.681475244,-0.019454539,0.04052615,0.1765995
5462932030760,15.701524927,0.11810546,-0.059429407,0.16370296
5462952080443,15.72157461,0.07513012,-0.033188224,0.15085888
5462972130126,15.741624293,0.067035384,0.031522393,0.13323212
5462992179808,15.761673975,0.07216672,0.033211946,0.20641899
5463012260009,15.781754176,0.027969776,0.0142662525,0.3011036
5463032309692,15.801803859,0.0018810295,-0.008666396,0.2068882
5463052359375,15.821853542,0.081494935,-0.06961477,0.055832863
5463072409057,15.841903224,0.042774305,-0.13448012,-0.008781433
5463092458740,15.861952907,-0.18967849,-0.087296605,0.019792557
5463112538941,15.882033108,-0.33006006,0.006505728,0.22036743
5463132588623,15.90208279,-0.36806342,0.089395165,0.40617847
5463152638306,15.922132473,-0.19275379,-0.043563843,0.38367176
5463172687989,15.942182156,-0.20669368,-0.085413575,0.2204771
5463192768189,15.962262356,-0.2563667,-0.10174024,0.093343735
5463212817872,15.982312039,-0.13273321,-0.05248785,-0.055535316
5463232867555,16.002361722,-0.034119084,-0.06227362,0.03926754
5463252917238,16.022411405,0.11285746,-0.041104317,0.2554741
5463272966921,16.042461088,0.0546327,-0.053639293,0.36158657
5463293047121,16.062541288,0.02193886,0.007458091,0.27930832
5463313096804,16.082590971,-0.025265448,0.056966066,0.18806553
5463333146487,16.102640654,0.022572652,0.04366386,0.19268036
5463353196170,16.122690337,0.20066613,0.015567422,0.13507366
5463373276370,16.142770537,0.20302777,0.035326242,0.11126709
5463393326053,16.16282022,0.13359347,0.12602389,0.063661575
5463413375736,16.182869903,0.047062144,0.120164156,0.15925026
5463433425419,16.202919586,0.024761975,0.06722486,0.16829586
5463453475102,16.222969269,-0.0050771236,0.055229545,0.06781769
5463473524785,16.243018952,0.008164495,0.00900352,-0.025102615
5463493604985,16.263099152,0.039365564,-0.0074443817,-0.08944607
5463513654667,16.283148834,0.060259603,-0.063093066,-0.123482704
5463533704351,16.303198518,-0.06780403,-0.014932394,-0.11270332
5463553754034,16.323248201,-0.12485636,-0.009054303,-0.07832718
5463573803717,16.343297884,-0.42672616,0.19826865,0.09521294
5463593853400,16.363347567,-0.042448856,0.14580822,0.3909626
5463613903083,16.38339725,0.14076328,-0.049867988,0.37766075
5463633952765,16.403446932,0.08278757,-0.0949986,0.4171381
5463654002448,16.423496615,-0.24180794,0.21357977,0.49960327
5463674052131,16.443546298,-0.13732752,0.14199781,0.51719284
5463694101815,16.463595982,0.21295695,-0.12206912,0.18794537
5463714151498,16.483645665,0.26465994,-0.17431206,0.23493958
5463734201181,16.503695348,0.08315575,-0.05616212,0.23645115
5463754250863,16.52374503,0.16678578,-0.038204074,0.21903896
5463774300546,16.543794713,0.17801645,-0.04452324,0.07507324
5463794350229,16.563844396,0.12178683,-0.071750045,0.02234745
5463814399912,16.583894079,0.09634947,-0.06678581,-0.08050156
5463834480112,16.603974279,0.14838843,-0.044032574,4.8446655E-4
5463854529795,16.624023962,0.095915586,-0.034908652,0.11188507
5463874579478,16.644073645,0.12195613,-0.006953001,0.23975849
5463894629161,16.664123328,0.074376464,0.024053216,0.19573689
5463914678845,16.684173012,0.06406891,0.053528905,0.15725613
5463934759044,16.704253211,0.0762126,0.10945976,0.28902817
5463954808727,16.724302894,0.08952638,0.042683244,0.3391943
5463974858410,16.744352577,-0.05480331,0.060609102,0.29829216
5463994908093,16.76440226,-0.031822212,0.1072911,0.39597416
5464014957776,16.784451943,-0.018322408,0.09556723,0.39321518
5464035007459,16.804501626,0.0348361,0.017274499,0.20446205
5464055087659,16.824581826,0.24882114,-0.14056367,-0.005264282
5464075137342,16.844631509,0.23053043,-0.09501588,-0.071575165
5464095187025,16.864681192,0.23224187,-0.09282982,-0.093393326
5464115236708,16.884730875,0.289323,-0.09439528,-0.13045311
5464135286391,16.904780558,0.31793812,-0.15785784,-0.069880486
5464155336074,16.924830241,0.22038707,-0.04260266,0.050889015
5464175416274,16.944910441,0.23563862,-0.03464818,-0.0047855377
5464195465957,16.964960124,0.19172911,-0.043309927,-0.07668495
5464215515640,16.985009807,0.0403536,0.031038761,-0.17716312
5464235565323,17.00505949,0.02725567,0.087004185,-0.10792446
5464255615005,17.025109172,0.01755701,0.087524295,-0.017827034
5464275664688,17.045158855,0.122211546,0.094281554,0.014602661
5464295714371,17.065208538,0.15010525,0.021160245,-0.012325287
5464315794571,17.085288738,0.075759806,0.10803115,-0.15804863
5464335844254,17.105338421,-0.045985214,0.046987534,-0.34445
5464355893937,17.125388104,0.17352863,0.06414318,-0.39950275
5464375943620,17.145437787,0.25521535,-0.014868021,-0.17782116
5464395993304,17.165487471,0.18924542,-0.07332271,0.04065895
5464416073503,17.18556767,0.07731731,-0.090746164,0.06800556
5464436123186,17.205617353,-0.06464569,0.013943851,-0.03518009
5464456264421,17.225758588,-0.06873698,0.120876014,-0.36481857
5464476314103,17.24580827,-0.086262524,0.07987231,-0.4097767
5464496363786,17.265857953,-0.085456,0.050780118,-0.22310734
5464516413469,17.285907636,0.084481485,-0.07411462,-0.47661304
5464536493669,17.305987836,0.33864647,-0.20501941,-0.38513756
5464556543352,17.326037519,0.2687993,-0.0726611,0.2111721
5464576593035,17.346087202,-0.15243801,0.16842788,0.5617447
5464596642718,17.366136885,-0.44794044,0.25031883,0.5606737
5464616692401,17.386186568,-0.49382848,0.2660827,0.1466198
5464636742084,17.406236251,-0.5483061,0.13529503,0.025399208
5464656822284,17.426316451,-0.5839014,-1.08242035E-4,0.0993309
5464676871967,17.446366134,-0.6336205,0.08420253,0.4353838
5464696921650,17.466415817,-0.5710247,0.062287033,0.6717882
5464716971332,17.486465499,-0.37541145,-0.1400199,0.63267994
5464737021015,17.506515182,-0.23561716,-0.15364832,0.27617455
5464757101216,17.526595383,-0.28368807,0.030302167,0.1565504
5464777150899,17.546645066,-0.16736108,-0.0074428916,0.2772808
5464797200581,17.566694748,-0.14394161,-0.13889581,0.41491985
5464817250264,17.586744431,-0.16153482,-0.05287695,0.1734066
5464837299948,17.606794115,4.6378374E-4,-0.10844478,0.08149433
5464857349631,17.626843798,-0.0052671283,-0.16960347,0.2797613
5464877399314,17.646893481,0.061791327,-0.15012759,0.5860348
5464897448997,17.666943164,-0.0038649142,-0.1469518,0.53145695
5464917498679,17.686992846,0.09710933,-0.1340895,0.4417038
5464937548362,17.707042529,0.15333645,-0.17869386,0.333498
5464957598045,17.727092212,0.11591436,-0.20453916,0.3262005
5464977647729,17.747141896,0.0047764853,-0.09063122,0.33318138
5464997697412,17.767191579,-0.00285206,-0.09998,0.3328371
5465017777611,17.787271778,0.05835679,-0.1773461,0.27502728
5465037827294,17.807321461,0.1856806,-0.24222407,0.11660004
5465057876978,17.827371145,0.05052594,-0.13145864,0.006081581
5465077926661,17.847420828,-0.08237585,-0.093225926,-0.011304855
5465097976343,17.86747051,-0.03966987,-0.09259504,0.21277905
5465118026026,17.887520193,-0.0882399,-0.13309018,0.26203728
5465138075709,17.907569876,-0.16138428,-0.14497297,0.0721426
5465158125392,17.927619559,-0.10963291,-0.042722195,-0.050559044
5465178175075,17.947669242,-0.03400141,-0.122636944,-0.02238369
5465198224758,17.967718925,0.043262064,-0.17957813,-0.07305431
5465218304958,17.987799125,-0.1886762,-0.12799183,-0.07815647
5465238354641,18.007848808,-0.15520562,-0.030308872,-0.13115692
5465258404324,18.027898491,0.065057315,0.069169536,0.038466454
5465278454006,18.047948173,0.10698731,-0.068892375,0.009358406
5465298503690,18.067997857,-0.2532852,0.097084135,0.018639565
5465318553373,18.08804754,-0.41184753,0.1818045,0.32010746
5465338633572,18.108127739,-0.1755744,0.16015661,0.5619221
5465358683255,18.128177422,-0.025707684,0.19566423,0.44280052
5465378732939,18.148227106,0.04365225,0.11054917,0.28166008
5465398782622,18.168276789,0.0824064,0.22432321,-0.05730915
5465418862821,18.188356988,0.32800996,0.046110928,-0.13343716
5465438912504,18.208406671,0.29877922,-0.04598081,0.10749054
5465459023221,18.228517388,0.3094191,0.052871197,0.22177029
5465479072905,18.248567072,0.54377604,0.09876472,-0.053899765
5465499122588,18.268616755,0.30099475,0.33107394,-0.72237015
5465519172271,18.288666438,0.28502482,0.43891144,-0.7862339
5465539221953,18.30871612,0.1391046,0.2202195,-0.40013885
5465559271636,18.328765803,0.47658843,-0.07609725,-0.63357544
5465579351837,18.348846004,0.43315268,-0.25602275,0.07211971
5465599401520,18.368895687,-0.16496852,-0.5142014,2.64709
5465619451202,18.388945369,0.26861322,-0.2250934,2.0053644
5465639500885,18.408995052,-0.4002906,0.20877978,2.4112234
5465659550568,18.429044735,-0.6675899,0.16583404,1.7774076
5465679630768,18.449124935,-0.57337606,0.57081085,1.7064981
5465699680451,18.469174618,-0.21874447,0.44964883,0.34590244
5465719730134,18.489224301,0.32756513,0.07994011,-0.047142982
5465739779817,18.509273984,0.50859106,-0.20511466,-1.2408142
5465759829500,18.529323667,0.49843305,-0.3732051,-1.6537447
5465779879183,18.54937335,-0.09885277,-0.352063,-1.539093
5465799928866,18.569423033,-0.14368738,0.010412037,-1.3895121
5465820009066,18.589503233,0.6757889,0.05616176,-0.6547804
5465840058749,18.609552916,0.4632741,-0.24929,0.83715534
5465860108431,18.629602598,-0.6770369,-0.57649374,2.614293
5465880158115,18.649652282,-0.48105,-0.45936888,2.7439013
5465900207798,18.669701965,0.48902282,-0.12112154,0.6105766
5465920257481,18.689751648,0.27901328,0.112596795,-2.090733
5465940307164,18.709801331,-0.22429234,0.64566535,-2.4716434
5465960356847,18.729851014,-0.34543008,0.15656298,-0.9051151
5465980406529,18.749900696,-0.41694164,-0.76271594,2.0414
5466000456212,18.769950379,-0.59052396,-0.6869645,3.5512285
5466020505896,18.790000063,-0.31289053,0.2613706,0.7415037
5466040555579,18.810049746,0.113337874,0.36951944,-1.9698887
5466060605262,18.830099429,1.1572182,0.056080915,-3.2584534
5466080654945,18.850149112,1.2159808,-0.029485554,-3.8610606
5466100704627,18.870198794,1.2596608,0.36236712,3.147665
5466120754310,18.890248477,1.1066593,0.094043106,0.63874626
5466140834511,18.910328678,2.5681002,0.29164347,-8.745618
5466160884193,18.93037836,-0.5625346,0.3275549,-4.256024
5466180933876,18.950428043,-1.8064374,-0.030885577,0.42981815
5466200983559,18.970477726,0.7922463,-0.09275723,0.8097019
5466221033242,18.990527409,0.36994785,0.08671237,0.37704277
5466241082925,19.010577092,-0.044229627,0.14627135,-0.11588192
5466261163125,19.030657292,0.0011621714,0.15348884,-0.40851116
5466281212808,19.050706975,-0.15256238,0.13112158,-0.25522614
5466301262491,19.070756658,-0.54678786,0.011796551,0.6127968
5466321312174,19.090806341,3.4127214,-0.102406144,13.4321995
5466341361858,19.110856025,1.6253138,0.30331987,-0.8581238
5466361411540,19.130905707,-1.7001898,0.75062275,3.810771
5466381461223,19.15095539,1.1256515,0.2841125,-4.4902697
5466401510906,19.171005073,0.92240155,0.29226363,-1.5993128
5466421591106,19.191085273,0.18083172,-0.13348812,0.60162544
5466441640789,19.211134956,0.587747,-0.14848964,0.62295246
5466461659954,19.231154121,0.5802689,-0.01491446,0.52963066
5466481770671,19.251264838,0.32732722,0.11014058,-0.028603554
5466501850872,19.271345039,0.13238095,0.19140452,-1.0214968
5466521900555,19.291394722,0.28565165,0.05585733,0.0032920837
5466541950238,19.311444405,0.18718565,-0.003906548,0.7616167
5466561999920,19.331494087,0.2681163,0.020086959,0.5219097
5466582080121,19.351574288,0.15636256,0.10313269,-0.07443905
5466602129804,19.371623971,0.15405896,0.13988861,-0.2250328
5466622179486,19.391673653,0.18103324,0.05248537,0.2176733
5466642229169,19.411723336,0.15600967,0.010943741,0.39931297
5466662309370,19.431803537,0.14290194,0.072987944,0.11187363
5466682359052,19.451853219,0.15371712,0.094957255,0.025684357
5466702408735,19.471902902,0.11585583,0.042680763,0.21477318
5466722458418,19.491952585,0.1260152,0.043402433,0.2266407
5466742508101,19.512002268,0.13527027,0.07664172,0.116467476
5466762557785,19.532051952,0.11308734,0.08912238,0.14514351
5466782637984,19.552132151,0.09991368,0.045318715,0.20014763
5466802687667,19.572181834,0.06322744,0.0049990267,0.1474371
5466822737350,19.592231517,0.07560007,0.02198635,0.15699387
5466842787034,19.612281201,0.09012052,0.04195565,0.16893673
5466862836717,19.632330884,0.09498278,0.030327097,0.1497631
5466882886399,19.652380566,0.07895087,0.028782219,0.17608166
5466902936082,19.672430249,0.05653716,0.04420854,0.18085861
5466922985765,19.692479932,0.032494538,0.035391256,0.13776302
5466943035448,19.712529615,0.009949215,-0.048418798,0.058746338
5466963085131,19.732579298,0.09643188,-0.01650972,0.12096596
5466983165331,19.752659498,0.11069588,0.027823597,0.11138439
5467003215014,19.772709181,0.030959442,0.0146321505,0.21672153
5467023264697,19.792758864,0.02781982,0.0048833787,0.22148895
5467043314380,19.812808547,0.062231064,0.044990018,0.17599678
5467063364063,19.83285823,2.0445387,0.5392096,-0.08939743
5467083413746,19.852907913,1.6827419,0.44132596,0.25641918
5467103463429,19.872957596,0.9277783,0.04858692,0.24717045
5467123513112,19.893007279,1.1216048,0.13255236,0.19237614
5467143562795,19.913056962,-0.7850671,-0.3404194,0.17313004
5467163612478,19.933106645,-2.1947668,-1.0450087,0.024362564
5467183662160,19.953156327,-2.1254952,-0.70748013,0.35198116
5467203711843,19.97320601,-0.94809085,0.1336345,0.38518143
5467223761527,19.993255694,-1.0487494,0.14947218,0.29419422
5467243811210,20.013305377,-0.39408705,0.015340388,-0.18438625
5467263891409,20.033385576,-0.27912444,0.010182515,-0.040729523
5467283941092,20.053435259,-0.2866755,-0.0052585155,0.32522774
5467303990776,20.073484943,-0.20153694,-0.05756975,0.32258892
5467324040459,20.093534626,-0.08552045,-0.02364318,0.2003212
5467344090142,20.113584309,-0.028341083,0.036596328,0.018476486
5467364139824,20.133633991,0.04213707,-7.5149536E-4,0.09993553
5467384220025,20.153714192,0.041785184,-0.104894355,0.25065422
5467404269708,20.173763875,0.063877195,-0.09470765,0.23858547
5467424319390,20.193813557,0.06563707,0.001335144,0.12609673
5467444369073,20.21386324,0.117784865,0.0034873486,0.061546326
5467464418756,20.233912923,0.12394806,-0.06305244,0.18603802
5467484468439,20.253962606,0.06271189,-0.02988778,0.2577858
5467504518122,20.274012289,-0.11411331,0.032262787,0.12849998
5467524567805,20.294061972,-0.060707577,-0.028261736,0.09503555
5467544648005,20.314142172,-0.020154832,-0.063278,0.20515251
5467564697688,20.334191855,-0.036728516,-0.008611351,0.183568
5467584747371,20.354241538,-0.057573326,0.021039471,0.11655426
5467604797053,20.37429122,-0.04958819,-0.015022695,0.20035362
5467624846737,20.394340904,-0.04873755,-0.03240736,0.19074345
5467644896420,20.414390587,-0.052288413,0.034061447,0.12850189
5467664946103,20.43444027,-0.032055467,-0.012053028,0.16442394
5467684995786,20.454489953,-0.0480363,-0.053836226,0.17636967
5467705075986,20.474570153,-0.051493816,-0.029206485,0.15959549
5467725125669,20.494619836,-0.05001639,0.020779938,0.15480995
5467745175352,20.514669519,-0.03475908,-0.010139376,0.16917038
5467765225035,20.534719202,-0.021904632,-0.019279346,0.1691618
5467785274717,20.554768884,-0.037713114,-0.006923586,0.16197109
5467805385434,20.574879601,-0.051027093,-0.018830866,0.14999771
5467825435117,20.594929284,-0.03796463,-0.044545323,0.17153358
5467845484800,20.614978967,-0.032249972,-0.029412374,0.173913
5467865534484,20.635028651,-0.033573337,0.0114364475,0.15715122
5467885584167,20.655078334,-0.039827775,0.034818336,0.16434193
5467905633850,20.675128017,-0.04141353,-0.032058388,0.18109894
5467925714049,20.695208216,-0.028867997,-0.0051969886,0.16911793
5467945763733,20.7152579,-0.03302011,0.01601407,0.16194057
5467965813416,20.735307583,-0.022973664,-0.038777903,0.16911793
5467985863099,20.755357266,-0.024543677,-0.047828525,0.17389679
5468005912781,20.775406948,-0.040484305,0.012210593,0.15713406
5468025992982,20.795487149,-0.032739177,0.021473333,0.1547451
5468046042665,20.815536832,-0.013157541,-0.023931608,0.17629242
5468066092347,20.835586514,-0.02480795,-0.023464799,0.17388916
5468086142030,20.855636197,-0.03873958,-0.009041905,0.15234089
5468106191713,20.87568588,-0.03313254,0.0075607,0.15952587
5468126241396,20.895735563,-0.023065848,-0.030364841,0.16670227
5468146291079,20.915785246,-0.010567782,-0.008716032,0.17627716
5468166340762,20.935834929,-0.026992183,0.012630671,0.1499443
5468186390445,20.955884612,-0.02878665,-0.018623412,0.14994621
5468206440128,20.975934295,-0.040122617,-0.016082242,0.16191483
5468226489811,20.995983978,-0.02983841,-0.0134393275,0.16191196
5468246539494,21.016033661,-0.0244842,-0.0017900765,0.15952301
5468266619694,21.036113861,-0.00969566,-0.015853375,0.16430569
5468286669377,21.056163544,-0.016508214,-0.0058058947,0.17626953
5468306719060,21.076213227,-0.035225574,0.018195614,0.1595087
5468326768743,21.09626291,-0.027586792,-0.010644808,0.15951061
5468346818426,21.116312593,-0.0129513545,-0.010430515,0.16668987
5468366868108,21.136362275,-0.019952973,-0.024712428,0.15950584
5468386917791,21.156411958,-0.017322173,0.0016429424,0.16190052
5468406967475,21.176461642,-0.02641121,-0.01039122,0.1547184
5468427017158,21.196511325,-0.016602514,0.013403758,0.17148113
5468447097357,21.216591524,-0.025903216,-0.022370726,0.16429615
5468467147040,21.236641207,-0.008973356,0.0062179267,0.15951061
5468487257757,21.256751924,-0.006552251,-0.01762946,0.16669178
5468507307441,21.276801608,-0.035040025,-0.0102087855,0.16429329
5468527357124,21.296851291,-0.03232551,0.004159257,0.16908169
5468547406807,21.316900974,-0.019842353,-0.0077978075,0.15950489
5468567487006,21.336981173,-0.0100562405,-6.3994527E-4,0.16190052
5468587536690,21.357030857,-0.009984976,-0.014999554,0.17387104
5468607586373,21.37708054,-0.024257094,0.013569787,0.1595087
5468627636055,21.397130222,-0.014322837,-9.6546113E-4,0.16908932
5468647685738,21.417179905,-0.01882729,-0.010678217,0.15472603
5468667735421,21.437229588,-0.009002294,-0.013294354,0.1547308
5468687785104,21.457279271,-0.015937213,9.3212724E-4,0.14994526
5468707834787,21.477328954,-0.020466909,-0.008562863,0.16191483
5468727914987,21.497409154,-0.0058704037,-0.006191343,0.16191578
5468747964670,21.517458837,-0.012852839,0.022337466,0.15952492
5468768014353,21.53750852,-0.017542612,-0.0019018501,0.17629051
5468788033519,21.557527686,0.013580177,-0.0044008642,0.21459961
5468808052685,21.577546852,0.0056879846,-0.030661121,0.16431808
5468828132885,21.597627052,0.003307967,-0.04219155,0.16191673
5468848182568,21.617676735,-0.0067483,-0.02791217,0.183465
5468868232250,21.637726417,-0.023863854,-0.044335723,0.16191196
5468888281934,21.657776101,-0.018686336,-0.008142561,0.16908932
5468908331617,21.677825784,-0.03512178,0.025002167,0.17149067
5468928381300,21.697875467,-0.020436443,0.0031407177,0.1571312
5468948430983,21.71792515,-0.0012343228,-0.025330797,0.16430855
5468968480666,21.737974833,0.010678133,-0.0014191419,0.1738863
5468988530348,21.758024515,-0.010871515,0.02689232,0.16192245
5469008580031,21.778074198,-0.036941096,-0.023400292,0.15713596
5469028629714,21.798123881,-0.029357634,-0.037194252,0.16191387
5469048679398,21.818173565,-0.009813154,-0.0037270337,0.16670322
5469068729081,21.838223248,0.0022488534,0.036566213,0.16671085
5469088778764,21.858272931,-0.009767608,-0.016281456,0.16431904
5469108828446,21.878322613,-0.02397646,-0.035166085,0.16910362
5469128878129,21.898372296,-0.028147494,0.0030544996,0.1667118
5469148927812,21.918421979,-0.015806304,0.012472749,0.16432095
5469168977495,21.938471662,0.0060779112,-0.049451306,0.18346882
5469189027179,21.958521346,0.0037539173,-0.015836015,0.17389011
5469209076861,21.978571028,-0.032106258,-0.006488234,0.15474129
5469229126544,21.998620711,-0.012799303,-0.0018625855,0.17868614
5469249176227,22.018670394,-0.0055081667,-0.020752117,0.16910458
5469269225910,22.038720077,-4.273951E-4,-0.020771116,0.15713501
5469289275593,22.05876976,-0.010049598,0.0054445565,0.16431904
5469309325276,22.078819443,-0.01698193,-0.04681465,0.16909981
5469329374958,22.098869125,-0.0143297035,-0.017788202,0.169096
5469349424642,22.118918809,-0.016384624,0.0038167685,0.15233612
5469369474325,22.138968492,-0.008988026,-0.001270473,0.15713024
5469389554525,22.159048692,-0.0043177567,-0.020176098,0.16670227
5469409604207,22.179098374,-0.0069408948,-9.0904534E-4,0.18585396
5469429653891,22.199148058,-0.028447362,-0.003300354,0.16670036
5469449703574,22.219197741,-0.011456072,-0.0129695535,0.145154
5469469753257,22.239247424,-0.0065647066,-0.012852997,0.16191196
5469489833456,22.259327623,-0.011353989,-0.008263394,0.17628098
5469509883140,22.279377307,-0.011147505,-0.0061804354,0.1619215
5469529902305,22.299396472,-0.006194965,9.534061E-4,0.16192245
5469549982506,22.319476673,-0.015691318,-0.008656621,0.15473938
5469570032189,22.339526356,-0.011014144,-0.0039970875,0.16192532
5469590081871,22.359576038,-0.0059833787,0.007885918,0.16192722
5469610131554,22.379625721,-0.0033186171,-0.03291309,0.15474606
5469630181237,22.399675404,-0.022133896,-0.018367767,0.16431999
5469650230921,22.419725088,-0.0050592553,-0.02553621,0.16192722
5469670280604,22.439774771,-0.014618982,-0.01117906,0.17150402
5469690330287,22.459824454,-0.00505019,-0.0064328015,0.18108177
5469710379969,22.479874136,-0.019396022,-0.011272222,0.16671753
5469730429652,22.499923819,-0.0141987,0.012630165,0.16671848
5469750479335,22.519973502,-0.009125112,-0.011348754,0.16193199
5469770529018,22.540023185,4.197508E-4,-0.016128168,0.15953636
5469790609218,22.560103385,-0.016026322,-0.023243159,0.16193008
5469810658901,22.580153068,-0.013542712,0.009939045,0.1667242
5469830708584,22.600202751,-0.003683066,-0.018887505,0.16433239
5469850758267,22.620252434,0.008322282,-0.016578779,0.1595459
5469870838467,22.640332634,-0.008496432,-0.014148578,0.15475655
5469890888150,22.660382317,-0.008136032,-0.007168293,0.14757824
5469910937833,22.680432,-0.012741376,-0.023852482,0.16673088
5469930987516,22.700481683,-0.022002742,0.0027097613,0.16433334
5469951037198,22.720531365,-0.0076755695,1.7231703E-4,0.15954685
5469971086882,22.740581049,-0.012277855,-0.009532198,0.15476131
5469991136565,22.760630732,-0.00728189,-0.026338711,0.15955067
5470011186248,22.780680415,-0.019027028,-0.009427071,0.16912556
5470031235931,22.800730098,-0.004554564,-0.021414101,0.15236664
5470051285614,22.820779781,-0.013894737,-0.026050895,0.17151833
5470071335296,22.840829463,-0.006587494,-0.020985618,0.16193676
5470091384979,22.860879146,-0.0041064415,-0.006527677,0.15954113
5470111434663,22.88092883,-0.0065434277,0.005332485,0.15954304
5470131484346,22.900978513,-0.0016041826,-0.009039551,0.16672611
5470151534029,22.921028196,-0.008930504,-0.023342326,0.17390728
5470171583712,22.941077879,-0.011266733,0.0054701567,0.15714645
5470191663911,22.961158078,-0.0040398818,0.0029185712,0.16911983
5470211713595,22.981207762,-0.0015101731,-0.0137804,0.17390823
5470231763278,23.001257445,0.013062622,0.017134562,0.32235146
5470251812960,23.021307127,0.02056304,-0.0049363524,0.10449028
5470271862643,23.04135681,0.045895677,0.0044653863,0.08773708
5470291912326,23.061406493,-1.3435528,0.20279421,-0.38817787
5470311962009,23.081456176,-1.6618328,0.15067148,0.5022583
5470332011692,23.101505859,-1.1847208,0.04273808,1.5719366
5470352061376,23.121555543,-1.1208225,-0.32998565,1.4304132
5470372111058,23.141605225,-0.52405715,-0.80918723,-1.606329
5470392191258,23.161685425,0.1691725,0.086048394,-2.9754214
5470412240941,23.181735108,1.8398833,0.07235134,0.31101036
5470432290624,23.201784791,0.9897266,-0.41583067,0.92394733
5470452340307,23.221834474,0.9061451,-0.34285596,0.8489828
5470472389990,23.241884157,1.1165321,-0.33615196,0.83475876
5470492439673,23.26193384,1.4296901,-0.1602217,-0.6871147
5470512489356,23.281983523,0.562654,0.074835286,-0.7246227
5470532539039,23.302033206,0.25140163,-0.10678386,0.41677856
5470552588721,23.322082888,0.04031173,-0.11898094,0.8993616
5470572638404,23.342132571,0.04123422,-0.12255454,0.6740818
5470592688088,23.362182255,-0.24551393,0.14778417,-0.27112198
5470612737771,23.382231938,-0.3868806,0.16924113,-0.6055374
5470632817970,23.402312137,0.47624925,-0.08759114,-0.34716606
5470652867653,23.42236182,1.4134187,0.70199996,0.12890053
5470672917337,23.442411504,1.4080008,0.6354557,0.22705078
5470692936502,23.462430669,0.82978517,0.21187349,-0.02791977
5470712986185,23.482480352,0.19732618,-0.4315737,0.36990166
5470733035869,23.502530036,0.90738183,-0.4440337,0.8245249
5470753085552,23.522579719,0.96606576,-0.4144839,-0.034809113
5470773135235,23.542629402,0.18027277,-0.6300394,-0.11112881
5470793184917,23.562679084,-0.8573041,-0.57654583,-0.113661766
5470813234600,23.582728767,-1.3352312,-0.22678569,0.43889236
5470833314801,23.602808968,-0.7905145,0.036651537,0.54127026
5470853364483,23.62285865,-0.37098664,0.06745623,0.112672806
5470873383649,23.642877816,-0.367703,-0.004681155,-0.25100327
5470893433333,23.6629275,-0.80128497,-0.15279683,0.23959064
5470913513532,23.683007699,-1.2991297,-0.28888708,0.63892555
5470933563215,23.703057382,-1.281584,0.07385394,0.17679977
5470953612898,23.723107065,-0.17596035,0.03299725,-0.2155428
5470973662581,23.743156748,-0.27775127,0.003146112,0.2346077
5470993712264,23.763206431,-0.49163017,-0.0068767816,0.4331007
5471013761947,23.783256114,-0.366779,0.067825645,-0.028906822
5471033811630,23.803305797,-0.11766897,0.03603615,-0.11724186
5471053861313,23.82335548,0.26878554,-0.08685616,0.3471403
5471073910996,23.843405163,0.24996963,-0.101914935,0.4019518
5471093960678,23.863454845,0.32440436,-0.03215474,0.004548073
5471114010362,23.883504529,0.34607896,-0.044030845,-0.0025024414
5471134060045,23.903554212,0.31916347,-0.084246814,0.26790333
5471154109728,23.923603895,0.27965757,-0.060998276,0.27733994
5471174159411,23.943653578,-0.12335363,0.041885242,0.033179283
5471194209094,23.963703261,0.026206484,0.019119725,0.10986614
5471214258776,23.983752943,0.0071627065,-0.02308686,0.22950459
5471234308459,24.003802626,-0.006628709,-0.040644825,0.13848972
5471254358142,24.023852309,0.021471469,-0.016520634,0.12895775
5471274407826,24.043901993,0.020980487,0.0248124,0.21513557
5471294457509,24.063951676,-0.020048345,-0.031793237,0.14807987
5471314507191,24.084001358,-0.041293666,-0.049467906,0.12655067
5471334556874,24.104051041,-0.019695776,0.0038512945,0.1983633
5471354606557,24.124100724,0.011319877,0.032686174,0.14329529
5471374656240,24.144150407,0.032769397,0.0075927973,0.1648655
5471394705923,24.16420009,0.0016996209,-0.03706321,0.18400288
5471414786123,24.18428029,-0.026599895,0.0016109645,0.15287113
5471434835806,24.204329973,-0.038296983,0.024828985,0.15049171
5471454885489,24.224379656,0.0144019555,-0.034538567,0.17681885
5471474935172,24.244429339,0.028510217,-0.038693726,0.1768055
5471494984856,24.264479023,0.016712282,0.025783181,0.15286732
5471515095573,24.28458974,-0.019305447,0.042437866,0.15286922
5471535175772,24.304669939,-0.019194016,-0.0054457635,0.16244602
5471555225455,24.324719622,-0.0071138777,-0.014812589,0.15765381
5471575275138,24.344769305,0.0337734,-0.021849945,0.16962147
5471595324821,24.364818988,0.019423243,-0.028779268,0.17679882
5471615374504,24.384868671,-0.01651103,-0.023791492,0.15764141
5471635424187,24.404918354,-0.023753088,-0.00720419,0.15525055
5471655473870,24.424968037,-0.014308074,-0.009748876,0.16243649
5471675554070,24.445048237,0.002346634,0.028453663,0.16004276
5471695603753,24.46509792,0.01171584,-0.009643704,0.17440414
5471715653436,24.485147603,-0.0098277265,-0.0046456605,0.176795
5471735703119,24.505197286,-0.016844228,-0.03333403,0.16721725
5471755752802,24.525246969,-0.0024216808,-0.011837974,0.16242981
5471775802484,24.545296651,0.007155126,0.019286647,0.1815834
5471795882685,24.565376852,0.012152936,0.011894643,0.13370419
5471815932368,24.585426535,0.005391911,-0.023913413,0.17679787
5471836012568,24.605506735,-0.01375233,-0.021334201,0.16003418
5471856062251,24.625556418,-0.01401532,-0.028322875,0.16960716
5471876111934,24.645606101,-0.009065014,-0.006624654,0.1743927
5471896161617,24.665655784,0.0030549169,-0.03508374,0.16241646
5471916241816,24.685735983,0.0056637614,0.005757883,0.1719904
5471936291500,24.705785667,0.020215815,0.0010240525,0.17438412
5471956341183,24.72583535,0.010817166,0.0056379437,0.15044594
5471976390865,24.745885032,0.006242395,0.005742967,0.15044403
5471996440548,24.765934715,-0.017599134,0.029789358,0.1719904
5472016490231,24.785984398,-0.024886448,0.005742669,0.15044403
5472036570432,24.806064599,-0.008004141,-0.032440215,0.17917252
5472056620114,24.826114281,0.018438935,-0.03189981,0.15761375
5472076669797,24.846163964,0.016327847,0.0013848841,0.15043545
5472096719480,24.866213647,0.06652104,0.0017110556,0.22943783
5472116799680,24.886293847,0.6794206,-0.16301632,0.8661823
5472136849363,24.90634353,1.0306135,-0.022917777,-0.012043953
5472156899046,24.926393213,0.89711756,0.065421134,-0.18339539
5472176948729,24.946442896,0.01782072,-0.052386224,0.22655296
5472196998412,24.966492579,-1.0624807,0.093108505,-0.72353745
5472217048095,24.986542262,-1.8942705,0.01606822,0.5164242
5472237128295,25.006622462,-0.8526266,0.045322925,0.22596931
5472257177978,25.026672145,-0.636885,0.10181464,-0.20276356
5472277227661,25.046721828,-0.29043815,0.11030486,0.20391941
5472297277343,25.06677151,-0.10776645,0.0059794933,0.7850456
5472317327027,25.086821194,0.2274395,-0.1578881,0.20772743
5472337376710,25.106870877,0.44347775,-0.08352456,-0.11056423
5472357426393,25.12692056,0.4307458,-0.04993868,0.24138641
5472377476076,25.146970243,0.40994632,-0.06181349,0.22927856
5472397525759,25.167019926,0.21322104,-0.049005225,0.095191956
5472417575441,25.187069608,0.04187145,-0.055739254,0.27235794
5472437655642,25.207149809,0.1947523,-0.02366741,0.30346966
5472457705325,25.227199492,0.056599565,0.03646387,-0.010026932
5472477755007,25.247249174,-0.28123724,0.051485434,-0.057736397
5472497804690,25.267298857,-0.30062002,0.0499212,0.17203617
5472517823857,25.287318024,-0.007132888,-0.04756856,0.47820187
5472537873539,25.307367706,0.047208194,-0.011954531,0.26259995
5472557923222,25.327417389,0.1473793,0.02315703,-0.0460186
5472577972905,25.347467072,0.052741133,0.019245744,-0.0027532578
5472598053105,25.367547272,-0.22670807,0.029640466,0.1599865
5472618102788,25.387596955,-0.30966145,0.028658465,0.20056057
5472638152471,25.407646638,0.0022835117,-0.040207043,0.31059074
5472658202154,25.427696321,-0.0127978735,0.0016067773,0.16456509
5472678251837,25.447746004,-0.035100937,0.056362778,0.035420418
5472698301521,25.467795688,-0.050801136,0.01944837,0.064216614
5472718381720,25.487875887,-0.026720244,0.021248117,0.11919975
5472738431403,25.50792557,-0.037078075,-0.033195227,0.540431
5472758481086,25.527975253,-0.022038035,0.0077645928,0.11425781
5472778530768,25.548024935,-0.015429341,0.027343735,-0.04358673
5472798580452,25.568074619,0.0014540758,0.010558471,0.29395008
5472818660652,25.588154819,-0.032518357,-0.0036142617,0.2387886
5472838710335,25.608204502,-0.038925767,0.042772084,0.023384094
5472858760017,25.628254184,-0.021642733,0.01923807,0.16946793
5472878809701,25.648303868,0.009132754,-0.061074987,0.25798702
5472898859384,25.668353551,-0.0048728203,0.0038976371,0.15263557
5472918939583,25.68843375,-0.04697445,0.14794311,0.14788342
5472938989266,25.708483433,-0.10897397,0.1150523,0.13594532
5472959038950,25.728533117,-0.01019815,-0.32730326,0.123916626
5472979088633,25.7485828,0.03998048,-0.110999234,0.30098057
5472999168832,25.768662999,-0.005371224,0.18336214,0.14296722
5473019218515,25.788712682,-0.058840554,-0.034708485,0.018561363
5473039268199,25.808762366,-0.06937322,-0.16230488,0.24593163
5473059317882,25.828812049,-0.031054433,0.11506219,0.29612827
5473079367565,25.848861732,0.008360255,0.3028296,0.03527546
5473099417247,25.868911414,0.042227678,-0.07760007,0.047333717
5473119497448,25.888991615,-0.015940988,-0.27946737,0.34648514
5473139547131,25.909041298,-0.07846197,0.048784286,0.27217293
5473159596814,25.929090981,-0.076666996,0.1829321,-0.06288433
5473179646496,25.949140663,0.015003456,-0.08686962,0.09281635
5473199726697,25.969220864,0.0594729,-0.1035624,0.38716602
5473219776380,25.989270547,-4.8763512E-4,0.16879573,0.1764431
5473239826062,26.009320229,-0.051828127,0.117775634,-0.024521828
5473259875745,26.029369912,-0.029925564,-0.18126225,0.21250057
5473279925428,26.049419595,-0.011459654,-0.14708981,0.32248592
5473300005628,26.069499795,-0.02323727,0.117332,0.08309078
5473320055311,26.089549478,-0.015451837,0.056151032,0.047293663
5473340104994,26.109599161,8.9607434E-4,-0.106772065,0.27230453
5473360154677,26.129648844,-0.018609121,0.038590804,0.25786304
5473380204360,26.149698527,-0.04405951,0.15908393,0.03767109
5473400254043,26.16974821,-0.014897427,-0.050330967,0.107170105
5473420303725,26.189797892,0.005856213,-0.16753288,0.2938242
5473440353409,26.209847576,-0.006451165,0.009915456,0.18364143
5473460433609,26.229927776,-0.029590646,0.08929485,0.05683136
5473480483291,26.249977458,-0.017133601,-0.0056501925,0.17417717
5473500532974,26.270027141,-0.0055108955,-0.033383995,0.24354553
5473520582658,26.290076825,-0.029226707,0.088492155,0.11905098
5473540632341,26.310126508,-0.024012787,0.007206723,0.11669922
5473560712540,26.330206707,-0.016759679,-0.13222748,0.20525074
5473580762223,26.35025639,-0.018815834,-0.06483372,0.19562244
5473600811907,26.370306074,-0.046962146,0.110838145,0.119036674
5473620861590,26.390355757,-0.02464562,0.07496871,0.15260029
5473640911273,26.41040544,-7.174802E-4,-0.04392153,0.21004486
5473660991472,26.430485639,0.0017703618,0.004991129,0.1669302
5473681041156,26.450535323,-0.0075301644,0.025337443,0.12625122
5473701090839,26.470585006,-0.0167875,-0.041328207,0.17652321
5473721140522,26.490634689,-0.019148964,-0.075657934,0.18846416
5473741220721,26.510714888,-0.040426794,0.050781965,0.15256023
5473761270405,26.530764572,-0.0041820416,0.09027426,0.15737152
5473781320088,26.550814255,0.026841823,-0.024542615,0.16694546
5473801430805,26.570924972,0.0026943306,-0.03317693,0.18368721
5473821480487,26.590974654,-0.056478668,0.026337907,0.1549635
5473841530170,26.611024337,-0.046554837,-0.010071114,0.14779091
5473861579853,26.63107402,-0.015164752,-0.06439796,0.1812954
5473881629536,26.651123703,0.016177677,-0.0039717555,0.17170906
5473901679219,26.671173386,-3.2661296E-4,0.06937374,0.14778328
5473921728902,26.691223069,-0.012012105,0.033042923,0.16454983
5473941778585,26.711272752,-0.026369754,-0.018924206,0.17890167
5473961828268,26.731322435,-0.025975462,0.035913646,0.16214752
5473981908468,26.751402635,-0.00906734,0.009270564,0.15257645
5474001958150,26.771452317,0.019590966,-0.05978705,0.17411709
5474022038351,26.791532518,0.0028635524,-0.03307627,0.17650509
5474042088034,26.811582201,-0.03027885,0.043336526,0.15496063
5474062137717,26.831631884,-0.020377778,0.04760994,0.14060497
5474082187399,26.851681566,0.0011700396,-0.026505604,0.16933346
5474102237083,26.87173125,0.005960411,-0.01879935,0.18368912
5474122286766,26.891780933,0.0037775962,0.009617001,0.15257072
5474142336449,26.911830616,-0.017770223,-0.007351786,0.15736389
5474162386132,26.931880299,-0.022487357,0.007133022,0.17890835
5474182435815,26.951929982,-0.010421051,0.047536686,0.16694355
5474202485497,26.971979664,0.0016319393,0.039743513,0.15977287
5474222535180,26.992029347,0.0066337143,-0.008035615,0.15977097
5474242584864,27.012079031,0.0043501463,-0.03874111,0.16694546
5474262634547,27.032128714,-0.021727566,-0.019620165,0.16694641
5474282714746,27.052208913,-0.02872628,0.020780489,0.1430111
5474302764429,27.072258596,1.6956124E-4,-0.01758404,0.18131924
5474322814112,27.092308279,-0.0020112665,0.016039684,0.17413425
5474342833278,27.112327445,4.8764236E-4,0.020828128,0.16455746
5474362882961,27.132377128,-0.0064858627,0.0040686727,0.15737534
5474382932644,27.152426811,-0.008668679,-0.026636973,0.16454983
5474402982328,27.172476495,-0.013557843,0.0070914626,0.16933441
5474423032010,27.192526177,-0.008980832,0.01146096,0.15976524
5474443081693,27.21257586,0.005597745,0.0112517625,0.16455746
5474463131376,27.232625543,0.0054950174,-0.02237168,0.17413616
5474483181059,27.252675226,-0.013763307,0.025512353,0.17174244
5474503230742,27.272724909,-0.025663022,0.022965908,0.1525917
5474523280425,27.292774592,-0.023062278,-0.008276075,0.16217136
5474543330108,27.312824275,-0.0038477546,-0.010448247,0.17653275
5474563379791,27.332873958,0.0010453584,0.0109948665,0.15498543
5474583429474,27.352923641,0.0010493193,0.008286759,0.14780998
5474603479157,27.372973324,-0.0037351176,0.012970686,0.16457081
5474623528840,27.393023007,-0.015669046,0.017728165,0.15978336
5474643578523,27.41307269,-0.02024908,0.036546275,0.16697216
5474663628205,27.433122372,0.0014034417,-0.018625066,0.16697502
5474683677888,27.453172055,0.0038036075,-0.0327805,0.1717596
5474703727572,27.473221739,-0.005668495,0.02957347,0.16696835
5474723777255,27.493271422,-0.017742226,0.007816359,0.15739536
5474743826938,27.513321105,-0.020148052,0.019737601,0.17176247
5474763876621,27.533370788,-0.0034893742,-0.0016005635,0.1621809
5474783926303,27.55342047,0.0014057225,0.012764722,0.1621809
5474803975986,27.573470153,-0.012854782,-0.011072561,0.16936111
5474823995152,27.593489319,-0.010314075,-0.027689278,0.17414665
5474844075353,27.61356952,-0.024573531,-0.0015008897,0.17175674
5474864094518,27.633588685,-0.0076297987,0.01267536,0.16457748
5474884144201,27.653638368,0.0043431944,0.019858107,0.16697216
5474904193885,27.673688052,0.013817282,-0.0134512335,0.16457272
5474924274084,27.693768251,-0.002837427,-0.0038743764,0.16936111
5474944323767,27.713817934,-0.0051287506,-0.0063735843,0.15499783
5474964342933,27.7338371,-0.01949197,7.043779E-4,0.15978909
5474984392616,27.753886783,-0.014737574,-0.008821011,0.1669712
5475004442299,27.773936466,0.0142022595,0.017305776,0.15739822
5475024491982,27.793986149,0.0023359573,0.0075195283,0.15500736
5475044541665,27.814035832,-0.014310782,0.01001893,0.15740108
5475064591348,27.834085515,-0.0022330787,0.002941206,0.16697502
5475084641031,27.854135198,-0.014204088,0.002941206,0.15739822
5475104690714,27.874184881,-0.011807899,-0.001742363,0.159791
5475124740397,27.894234564,0.002664009,-0.020895883,0.17415619
5475144790080,27.914284247,0.0051668906,0.015122116,0.15978813
5475164839763,27.93433393,-0.011379134,0.019806042,0.15260887
5475184889445,27.954383612,-0.013561931,0.0078351945,0.1550026
5475204969646,27.974463813,-0.008771541,0.010229543,0.1502142
5475225019329,27.994513496,0.0059102583,-0.011318162,0.16458035
5475245069011,28.014563178,-0.0011676392,-0.01850076,0.17415714
5475265118694,28.034612861,-0.003455148,-0.009028524,0.15021706
5475285168378,28.054662545,-0.0033504413,0.021991402,0.16697979
5475305218061,28.074712228,-0.015210771,0.014809221,0.15021992
5475325298260,28.094792427,-0.003239763,0.01949291,0.16458702
5475345347943,28.11484211,-0.00313689,-0.009237647,0.1669817
5475365397626,28.134891793,0.0041504186,-0.0019502938,0.15979671
5475385447310,28.154941477,-0.00781661,0.002838403,0.15500832
5475405496993,28.17499116,-7.347306E-4,0.00512816,0.1574049
5475425546675,28.195040842,-0.0054184245,0.012624875,0.15739918
5475445596358,28.215090525,-0.010100136,0.024491355,0.1645832
5475465646041,28.235140208,0.0019735908,0.0029433966,0.15740108
5475485726242,28.255220409,0.001975582,-0.008922741,0.17176437
5475505775924,28.275270091,-0.01705103,-0.030541822,0.16218948
5475525825607,28.295319774,-0.019066896,-0.009030104,0.16697884
5475545535623,28.31502979,-0.01411601,0.007865861,0.16458225
5475565585305,28.335079472,0.0051405365,-0.0041051656,0.15740013
5475585634988,28.355129155,0.0028550196,0.0077614635,0.14782429
5475605684671,28.375178838,0.0053539285,0.029309258,0.17176723
5475625734354,28.395228521,-0.006508398,-0.0019197017,0.16458702
5475645814554,28.415308721,-0.0039008046,-0.0018146634,0.17416191
5475665864237,28.435358404,0.003388659,-0.020968124,0.16219139
5475685913920,28.455408087,-0.0010856222,0.005368054,0.15740299
5475705963603,28.47545777,0.008599864,0.019943044,0.16218758
5475726013286,28.495507453,-0.0057633575,-0.0063930154,0.15739918
5475746062968,28.515557135,-0.0103383735,-0.0018136799,0.16458607
5475766112652,28.535606819,-0.005549969,-0.0042078793,0.16698074
5475786162335,28.555656502,0.00392412,0.005369082,0.16458511
5475806212018,28.575706185,0.0063222963,6.8575144E-4,0.15021801
5475826261701,28.595755868,0.0039300807,0.0053696185,0.16458511
5475846311384,28.615805551,0.0017492706,0.010053664,0.16219425
5475866361066,28.635855233,-0.005538037,0.012447834,0.17177105
5475886380233,28.6558744,-0.0052219313,-0.013783485,0.1669817
5475906429915,28.675924082,-0.005010847,-0.0064961463,0.15021992
5475926479598,28.695973765,0.0047753714,-0.008576229,0.15739727
5475946529281,28.716023448,0.0024858778,0.010786802,0.15739346
5475966578964,28.736073131,-0.0117766075,0.032334432,0.15021038
5475986628648,28.756122815,0.028985946,0.025071263,0.17415428
5476006678331,28.776172498,0.034054443,0.010923237,0.17415047
5476026728013,28.79622218,0.0061260164,0.027316123,0.13585186
5476046777696,28.816271863,0.006664388,7.99641E-4,0.123885155
5476066827379,28.836321546,-0.0078114886,-0.023038253,0.14542961
5476086877062,28.856371229,0.0082129855,-0.015855834,0.16697693
5476106896228,28.876390395,0.0052535646,-0.03251034,0.17415714
5476126976428,28.896470595,-0.009115299,-0.015629828,0.17176056
5476147026111,28.916520278,-0.015973372,0.05588256,0.15979576
5476167075794,28.936569961,-0.008736402,0.06969775,0.16220093
5476187125477,28.956619644,0.024742851,0.012373596,0.16219807
5476207175160,28.976669327,0.017664952,-0.066006824,0.16218662
5476227224843,28.99671901,-0.010982744,-0.03446324,0.1478138
5476247274526,29.016768693,-0.032045312,-0.02024436,0.14063454
5476267324208,29.036818375,-0.02259669,0.020405471,0.16936493
5476287404409,29.056898576,0.015400376,0.039454773,0.15979004
5476307454092,29.076948259,0.020371642,0.055944726,0.1837368
5476327503774,29.096997941,0.011062147,0.005548954,0.15022087
5476347553457,29.117047624,-0.014957966,-0.04212548,0.15740013
5476367603141,29.137097308,-0.0077657048,-0.034451574,0.15499687
5476387652824,29.157146991,-0.007740345,-0.0059523135,0.15021229
5476407702507,29.177196674,0.0067323036,-0.0037075877,0.15500355
5476427752190,29.197246357,0.0066315606,0.010762781,0.17176247
5476447801872,29.217296039,-0.0026271567,0.05125515,0.1597948
5476467851555,29.237345722,0.009524677,0.038819835,0.14304543
5476487901238,29.257395405,0.014417787,-0.020721063,0.1669817
5476507950921,29.277445088,1.5728176E-4,-0.029879063,0.15739727
5476528000605,29.297494772,-0.026283642,0.020189747,0.13585281
5476548050288,29.317544455,-0.02625411,-0.011343241,0.15501404
5476568130487,29.337624654,0.01655266,-0.04224442,0.16219234
5476588180170,29.357674337,0.014043179,-0.0037530065,0.15740013
5476608229854,29.377724021,-0.005112419,0.027057305,0.14064598
5476628279536,29.397773703,-0.03129039,-0.023271233,0.15980148
5476648329219,29.417823386,-0.012028713,-0.03962411,0.16218853
5476668378902,29.437873069,0.0071268864,0.034596294,0.16697693
5476688428585,29.457922752,0.0144161815,0.026890397,0.15262127
5476708478268,29.477972435,-0.0048381574,0.017209291,0.16938305
5476728527951,29.498022118,-0.026380008,0.007842481,0.15980148
5476748577634,29.518071801,-0.0188892,0.019523725,0.15741348
5476768657834,29.538152001,0.014524919,2.6540458E-4,0.15741539
5476788707517,29.558201684,0.028787255,-0.011285931,0.15980148
5476808757199,29.578251366,0.019321106,0.0056835115,0.15979767
5476828806883,29.59830105,-0.01898214,0.027022302,0.15980148
5476848887083,29.61838125,-0.016271835,0.017341033,0.15741062
5476868936766,29.638430933,0.0052739875,-0.035226732,0.15980244
5476888986448,29.658480615,0.021932663,0.020049736,0.15740395
5476909036131,29.678530298,0.0029884689,0.017550811,0.14543533
5476929085815,29.698579982,7.0294924E-4,-0.001916483,0.15980625
5476949135498,29.718629665,-0.011165341,-0.004310921,0.15262413
5476969185181,29.738679348,0.0034112763,0.024210319,0.15502262
5476989234864,29.758729031,0.012752913,0.031213298,0.15263176
5477009315064,29.778809231,0.0032828078,-0.016670525,0.15263176
5477029364747,29.798858914,-0.008791072,-0.011881888,0.15742016
5477049414430,29.818908597,-0.0039986763,0.021323234,0.15263748
5477069464112,29.838958279,-0.010967873,0.011642143,0.15742874
5477089513795,29.859007962,0.012873435,-0.01000993,0.15982437
5477109563478,29.879057645,9.0443157E-4,-0.0076155663,0.15503597
5477129613161,29.899107328,-0.006171476,0.016326696,0.15743065
5477149662845,29.919157012,-0.008567678,-0.0147981495,0.16221905
5477169743044,29.939237211,0.0036187377,-0.01240328,0.15503597
5477189762210,29.959256377,0.008512018,0.011433855,0.14546204
5477209842410,29.979336577,0.003832154,0.01132974,0.16940594
5477229892094,29.999386261,-0.010212446,0.004252687,0.16222286
5477249941776,30.019435943,0.0066556716,-0.0026153922,0.15982246
5477269991459,30.039485626,0.009154577,0.0070661753,0.15742683
5477290041142,30.059535309,0.011552773,-0.0072986037,0.16460896
5477310090825,30.079584992,0.0161765,-0.016823992,0.1693964
5477330140508,30.099634675,0.00203068,0.009408653,0.17179298
5477350190191,30.119684358,-0.012225827,0.009199679,0.15264416
5477370239873,30.13973404,-1.4611334E-4,0.008990735,0.1550417
5477390289557,30.159783724,0.016718,0.0040976554,0.1646204
5477410430791,30.179924958,0.012036309,-0.012661502,0.1454668
5477430480474,30.199974641,0.0024344902,-0.019910902,0.15504551
5477450530156,30.220024323,0.012254655,-0.022086576,0.16461849
5477470579839,30.240074006,0.005047543,0.01135613,0.14307213
5477490629523,30.26012369,0.014725054,0.02311726,0.1430769
5477510679206,30.280173373,0.002548635,0.020932928,0.15743732
5477530728889,30.300223056,-0.016284866,0.004278943,0.15264797
5477550778572,30.320272739,-0.00430586,-0.026740044,0.15264606
5477570858772,30.340352939,0.012533477,-0.033707187,0.16940117
5477590908455,30.360402622,0.007814064,-0.007381901,0.16221905
5477610958138,30.380452305,0.007993287,-0.004921779,0.1622181
5477631007820,30.400501987,-0.0039757174,0.019020408,0.15503502
5477651057503,30.42055167,-0.008655431,0.016731441,0.16221619
5477671137704,30.440631871,0.010600898,0.01215218,0.1646061
5477691187387,30.460681554,0.003315419,-0.0023176074,0.1550312
5477711237069,30.480731236,0.0035248343,-0.023865417,0.14784908
5477731286752,30.500780919,0.0035288278,0.018916562,0.16700935
5477751336435,30.520830602,-0.008440187,-0.0049204975,0.16700745
5477771386118,30.540880285,0.010715419,0.0023670346,0.16939926
5477791435802,30.560929969,0.0060317237,0.016732246,0.15024567
5477811485485,30.580979652,0.010713426,-0.0047111213,0.1693964
5477831504650,30.600998817,-0.013333302,0.0072598755,0.16221523
5477851554333,30.6210485,-0.010838537,-1.3230741E-4,0.14306545
5477871604016,30.641098183,0.008419787,0.0024712682,0.15742683
5477891653699,30.661147866,0.013103478,0.014756441,0.15981388
5477911703382,30.681197549,0.0034981873,0.031133756,0.15503216
5477931753065,30.701247232,-0.010969741,0.009481534,0.1574297
5477951802748,30.721296915,-0.0061793365,0.004798025,0.14785099
5477971852431,30.741346598,0.013078982,0.0022991598,0.15982342
5477991902113,30.76139628,0.022713581,0.014337093,0.15742874
5478011951797,30.781445964,0.022839084,-0.021562874,0.15024567
5478032001480,30.801495647,-0.0082855355,0.0072722584,0.14306164
5478052051163,30.82154533,-0.015679551,0.012165129,0.16221237
5478072100846,30.841595013,-0.015683535,-0.004804179,0.15982151
5478092150529,30.861644696,0.015439093,-0.016565993,0.1550293
5478112200211,30.881694378,0.015374711,-0.05692342,0.1622057
5478132249894,30.901744061,-0.0038083792,-0.008967593,0.119109154
5478152299577,30.921793744,-0.015765121,0.005470112,0.16459751
5478172349261,30.941843428,-0.020547558,0.026913986,0.16938686
5478192398944,30.961893111,-0.003549466,0.03895183,0.17656994
5478212448626,30.981942793,0.015815549,0.0028296113,0.16220951
5478232498309,31.001992476,0.011131857,-0.028190315,0.15502357
5478252547992,31.022042159,0.0016455967,-0.0279226,0.14783669
5478272597675,31.042091842,0.0063292924,0.012674153,0.15741539
5478292677875,31.062172042,0.003935091,0.017462552,0.15980911
5478312697042,31.082191209,-9.5817633E-4,0.013093606,0.17416668
5478332777241,31.102271408,-0.005642034,0.015383244,0.1454382
5478352826924,31.122321091,0.0038299114,-0.032500774,0.16698551
5478372876607,31.142370774,0.018053528,-0.015580669,0.16219425
5478392926291,31.162420458,0.005871117,-0.0012157112,0.16698265
5478412975973,31.18247014,-0.00838938,0.015648395,0.15979767
5478432995139,31.202489306,-0.008284677,0.020646214,0.15740013
5478453044822,31.222538989,0.008478689,0.006281495,0.15500546
5478473125022,31.242619189,0.013476502,0.0012837052,0.15022182
5478493174705,31.262668872,0.01358336,-0.02036877,0.15980053
5478513224387,31.282718554,-8.865595E-4,-0.0036093146,0.16698265
5478533274070,31.302768237,-0.01983472,0.022621647,0.15740871
5478553323754,31.322817921,-5.744193E-4,0.013149783,0.16937828
5478573373437,31.342867604,0.00889768,-0.01058279,0.15500832
5478593423120,31.362917287,0.016082263,0.013464183,0.15500641
5478613472803,31.38296697,0.0018217638,0.0036779493,0.15261745
5478633522485,31.403016652,-0.0052581187,0.0012834966,0.14064503
5478653602686,31.423096853,0.0042119958,0.0012832731,0.15501118
5478673652369,31.443146536,0.0040022656,-0.0060041845,0.1574068
5478693702052,31.463196219,0.018262766,0.01554364,0.16937637
5478713751734,31.483245901,0.006398456,-0.003714472,0.16219711
5478733801417,31.503295584,-0.0030815843,0.005756691,0.15501595
5478753851100,31.523345267,-4.779622E-4,0.008360282,0.16698456
5478773931300,31.543425467,0.011595767,-0.0036109537,0.16219616
5478793980983,31.56347515,0.016119093,-0.027704656,0.16938019
5478814030666,31.583524833,-9.5245615E-4,0.010498166,0.16698742
5478834080349,31.603574516,-0.003133271,-0.0039713085,0.1550188
5478854130033,31.6236242,-0.0124947075,0.012788862,0.1645956
5478874210232,31.643704399,0.01134658,0.00539732,0.15502357
5478894259915,31.663754082,0.00916808,-0.01386039,0.15742111
5478914309598,31.683803765,-0.0051951446,-0.011465937,0.16460323
5478934359282,31.703853449,-0.0025875494,0.0076881796,0.14784431
5478954408964,31.723903131,0.002307551,0.004980102,0.16460896
5478974489164,31.743983331,0.028438345,0.012058511,0.17418766
5478994538847,31.764033014,0.019001767,0.0023777187,0.16700745
5479014588530,31.784082697,-0.005040964,0.009246722,0.15264797
5479034638213,31.80413238,-0.007332457,-0.005223453,0.15504456
5479054687896,31.824182063,0.007032752,-0.010011852,0.15983295
5479074737579,31.844231746,0.00953366,0.009142011,0.16940975
5479094787262,31.864281429,0.0071414504,-0.01001136,0.16701603
5479114836945,31.884331112,0.002459757,0.009037808,0.15983486
5479134886627,31.904380794,-0.0046161376,0.0136170685,0.17659855
5479154936310,31.924430477,-0.0020105187,-0.0010619909,0.15266418
5479174985994,31.944480161,0.009962498,0.017777756,0.1526699
5479195035677,31.964529844,0.015067032,-0.015740797,0.17421818
5479215054842,31.984549009,7.0584007E-4,-0.0013750792,0.15745926
5479235104526,32.004598693,9.149369E-4,0.012781069,0.15746307
5479255154209,32.024648376,-0.0014792662,-0.015949354,0.15746307
5479275203892,32.044698059,0.020021807,-0.015998319,0.15985775
5479295253575,32.064747742,0.020175088,0.024498299,0.1670456
5479315303257,32.084797424,0.0010234881,0.019500807,0.15986633
5479335352940,32.104847107,-0.0059476886,0.0026369542,0.1550808
5479355402623,32.12489679,0.0035264306,3.476888E-4,0.15028954
5479375452306,32.144946473,0.010815763,0.0072164536,0.16226768
5479395501990,32.164996157,0.008630972,0.009505957,0.15987587
5479415551672,32.185045839,-7.364247E-4,-0.0073581487,0.15509033
5479435601355,32.205095522,0.0015550964,0.02595155,0.15748787
5479455651038,32.225145205,0.003947269,0.020953476,0.1598854
5479475700721,32.245194888,0.004049951,0.006692648,0.16467285
5479495750404,32.265244571,0.025555871,-0.031388283,0.16227436
5479515800087,32.285294254,0.01597924,-0.01217401,0.15748501
5479535849770,32.305343937,-0.0055986773,-0.0051722378,0.16227627
5479555899453,32.32539362,-0.015171437,0.011378303,0.15749168
5479575949136,32.345443303,0.011062101,0.018456489,0.15749454
5479595998819,32.365492986,0.008563191,0.015748188,0.15989304
5479616048502,32.385542669,0.010963487,0.0036732703,0.14792538
5479636098185,32.405592352,0.013515297,-0.0344806,0.16228771
5479656147867,32.425642034,-0.0032646228,-0.010498166,0.15510368
5479676197550,32.445691717,-8.704215E-4,0.01791814,0.16708088
5479696247234,32.465741401,-7.636808E-4,-0.0037341118,0.17187214
5479716296917,32.485791084,0.011106695,-0.0014440715,0.15750885
5479736346600,32.505840767,0.0061088763,0.0152106285,0.1575098
5479756365766,32.525859933,0.0062176585,-0.018517062,0.1646967
5479776415449,32.545909616,0.0039013568,-0.01835911,0.15751171
5479796495648,32.565989815,0.0062403306,-0.030282795,0.1575098
5479816545331,32.586039498,0.008681124,-0.006324291,0.1527214
5479836595015,32.606089182,0.010932977,0.015259996,0.16469097
5479856644698,32.626138865,0.0133251455,0.012760818,0.14314651
5479876694381,32.646188548,0.003746299,7.895231E-4,0.15990543
5479896744063,32.66623823,0.0038530473,0.0031840056,0.15511703
5479916793746,32.686287913,0.0038530454,-0.018468514,0.15751362
5479936843429,32.706337596,0.010830316,7.903278E-4,0.16229916
5479956893112,32.726387279,0.0058345404,-0.0016036034,0.14793396
5479976942796,32.746436963,0.017861804,6.043315E-4,0.16948414
5479996992479,32.766486646,0.015501462,0.022245795,0.15511799
5480017011644,32.786505811,0.0058652703,-0.020923764,0.15511894
5480037061327,32.806555494,0.003530508,-0.0038216412,0.16229534
5480057111010,32.826605177,0.0012031775,-0.013240978,0.15271568
5480077160693,32.84665486,0.010782021,0.0035187155,0.1551094
5480097210376,32.866704543,0.017697029,-0.0035261512,0.15510654
5480117260059,32.886754226,0.012927618,-0.013137177,0.15750217
5480137309742,32.906803909,0.005682379,0.0037659556,0.16468048
5480157359425,32.926853592,-0.01097233,0.0061601996,0.15749931
5480177409107,32.946903274,0.0010907054,-0.027313784,0.16468048
5480197458791,32.966952958,0.008168597,0.006100312,0.15750027
5480217508474,32.987002641,0.010419789,-0.017876714,0.17186642
5480237558157,33.007052324,0.0036139507,-0.012997776,0.15989304
5480257607840,33.027102007,0.0014014374,-0.005747512,0.16228771
5480277627006,33.047121173,0.0037805382,0.0013661534,0.16228867
5480297676689,33.067170856,0.0061441045,-0.012841031,0.1670742
5480317726372,33.087220539,0.008330917,0.0040233433,0.16707134
5480337776054,33.107270221,0.020136014,-0.0055037886,0.16228104
5480357825737,33.127319904,0.010516998,0.0110619515,0.15749645
5480377875420,33.147369587,0.0058333,0.0015898347,0.16467762
5480397925103,33.16741927,-0.0012405347,0.008563578,0.16228771
5480417944269,33.187438436,0.006157577,-0.0060102344,0.16708088
5480437993952,33.207488119,0.003739586,-0.01794295,0.15510845
5480458043635,33.227537802,0.010765177,-0.008304104,0.17665482
5480478093319,33.247587486,0.001041213,-0.024944827,0.16228676
5480498143001,33.267637168,-0.0036404543,0.008574247,0.15031624
5480518162167,33.287656334,-0.0010474157,-0.010506719,0.15749836
5480538242367,33.307736534,0.013213243,0.020617932,0.15510368
5480558261533,33.3277557,0.008426877,-0.0035335869,0.16707897
5480578311216,33.347805383,0.010823105,-0.008217171,0.15750027
5480598391416,33.367885583,0.008638311,-0.0010345578,0.15510559
5480618441098,33.387935265,-0.00572283,-0.010505974,0.17425728
5480638490782,33.407984949,0.003939932,-0.010463595,0.15749836
5480658540465,33.428034632,0.0016484074,0.006295517,0.16946888
5480678590148,33.448084315,0.0063069295,-0.020077363,0.16468048
5480698639831,33.468133998,0.008666603,-0.008146316,0.17425823
5480718689514,33.488183681,0.011016709,-9.122491E-4,0.16707516
5480738739196,33.508233363,0.0060886145,-0.00814496,0.16707516
5480758788879,33.528283046,-9.251293E-4,-0.020009682,0.15510178
5480778838563,33.54833273,0.015692271,0.0014864653,0.1670742
5480798888246,33.568382413,0.008335754,-0.022118047,0.16467285
5480818937929,33.588432096,0.0035149846,0.0017757565,0.16706848
5480838987612,33.608481779,-0.008575968,-0.005446598,0.15749168
5480859037294,33.628531461,0.005981693,-0.012571767,0.1646738
5480879086977,33.648581144,-0.0012116842,-0.012394264,0.14791107
5480899136660,33.668630827,0.010731292,-0.0051372647,0.16466808
5480919186344,33.688680511,0.012979751,0.001992166,0.15030384
5480939236027,33.708730194,8.7970495E-4,-0.0074398667,0.15748405
5480959285710,33.728779877,0.0031712204,0.002137199,0.15748405
5480979335392,33.748829559,0.0055674464,0.004426971,0.15030289
5480999385075,33.768879242,0.005362084,0.016293779,0.15988159
5481019434758,33.788928925,0.012442004,-0.022013173,0.14791012
5481039484441,33.808978608,0.014940914,0.013795152,0.15748882
5481059534124,33.829028291,-0.0041368436,-0.02217877,0.15270233
5481079583807,33.849077974,0.007834159,0.008841172,0.1646738
5481099633490,33.869127657,0.019854154,-0.0033089668,0.14791965
5481119683173,33.88917734,0.0029900353,-0.001019463,0.16228676
5481139732856,33.909227023,-0.006482063,0.01116091,0.15509987
5481159782539,33.929276706,0.005698355,-0.02204378,0.16467094
5481179832222,33.949326389,0.005769413,-0.010113582,0.15748978
5481199881904,33.969376071,0.015302673,0.0016878545,0.15988731
5481219931588,33.989425755,0.010467201,0.0041078776,0.16228008
5481239981271,34.009475438,0.010418802,0.0040216744,0.16707039
5481260061471,34.029555638,9.46695E-4,0.004021719,0.16467571
5481280111153,34.04960532,0.0032172203,-0.019788906,0.15749168
5481300160837,34.069655004,0.0030838381,-0.014731333,0.16466808
5481320210520,34.089704687,0.0029382948,-0.026462987,0.16226864
5481340290719,34.109784886,0.007692734,0.0021371394,0.15987682
5481360309886,34.129804053,0.0051671416,-0.009871349,0.1670599
5481380390085,34.149884252,0.012249239,0.03072606,0.15748501
5481400439769,34.169933936,0.00996396,0.0041805953,0.15748882
5481420489452,34.189983619,0.002785407,-0.0099746585,0.15269756
5481440539135,34.210033302,0.003061859,-0.026559114,0.15987682
5481460588817,34.230082984,0.0030419957,-0.0026867688,0.16227245
5481480638500,34.250132667,0.012590842,-0.0050387084,0.15987682
5481500688183,34.27018235,0.014924979,-0.009763956,0.15508652
5481520737866,34.290232033,6.664973E-4,0.004706204,0.15748024
5481540787550,34.310281717,6.664973E-4,-0.002476409,0.15987396
5481560837233,34.3303314,-0.006302653,-0.0073689967,0.1670599
5481580886915,34.350381082,0.005670376,-0.007264018,0.17184544
5481600936598,34.370430765,0.007926753,-0.016865164,0.16466236
5481620986281,34.390480448,0.024481738,-0.019013181,0.18141747
5481641035964,34.410530131,0.012436295,0.017049164,0.15747261
5481661085647,34.430579814,-0.001610754,0.021628648,0.1598711
5481681135330,34.450629497,9.968914E-4,0.0073686987,0.1598692
5481701185013,34.47067918,0.01526143,-0.014178574,0.15747547
5481721234696,34.490728863,0.03199327,0.0028127432,0.15986443
5481741284379,34.510778546,0.003273446,-0.016282141,0.15986347
5481761334062,34.530828229,-0.008726073,-0.018519223,0.15986061
5481781414262,34.550908429,-0.0060157347,6.3465536E-4,0.17422676
5481801494462,34.570988629,0.0037748367,0.017289743,0.15986347
5481821544144,34.591038311,0.020604953,-0.009021565,0.16225815
5481841593827,34.611087994,0.0086964425,-0.013559312,0.16225338
5481861643511,34.631137678,-0.007954238,-0.0038772374,0.14309788
5481881693194,34.651187361,0.0017292909,0.029641867,0.15746307
5481901742877,34.671237044,0.0066223983,-0.018242165,0.16943455
5481921792560,34.691286727,0.025420386,0.0057118237,0.15267467
5481941842242,34.711336409,0.013306476,0.008212492,0.16943073
5481961891925,34.731386092,0.006189432,0.020060912,0.16225147
5481981941608,34.751435775,-0.010565955,0.0033020228,0.1694336
5482001991292,34.771485459,0.008486969,-0.0062742233,0.15746307
5482022040975,34.791535142,0.017961083,0.015273869,0.15746212
5482042090658,34.811584825,0.008384276,-0.00866814,0.14788532
5482062170857,34.831665024,0.006043479,-0.020491436,0.15267086
5482082220541,34.851714708,0.013389064,-0.010979459,0.15985584
5482102270224,34.871764391,0.0063131712,0.0153570175,0.1454897
5482122319906,34.891814073,0.00641788,0.017646506,0.15267467
5482142369589,34.911863756,0.008914778,7.8214705E-4,0.16704273
5482162419272,34.931913439,0.006520577,-0.015977263,0.15746593
5482182468955,34.951963122,0.006725965,-0.004006818,0.15267849
5482202518638,34.972012805,0.0114863785,7.967651E-4,0.16464901
5482222568321,34.992062488,0.016440008,0.00788331,0.15986252
5482242618004,35.012112171,0.0021774862,0.007673666,0.15747261
5482262698204,35.032192371,0.006965887,0.009858459,0.16226578
5482282747887,35.052242054,0.0067581814,-0.009294942,0.16944695
5482302797569,35.072291736,0.006758176,-0.0021122992,0.15987015
5482322847253,35.09234142,0.021182857,8.511543E-5,0.15748024
5482342896936,35.112391103,-3.1162053E-4,-0.014237151,0.16945076
5482362946619,35.132440786,0.0021893103,-8.109212E-5,0.16945457
5482382996302,35.152490469,0.006977709,-1.8577278E-4,0.17185116
5482403045985,35.172540152,0.026139243,0.006913781,0.16466999
5482423126185,35.192620352,0.009219261,-3.5986304E-4,0.14791203
5482443175868,35.212670035,0.0118263895,-0.014662772,0.15748882
5482463225551,35.232719718,0.0023522675,0.011463776,0.16467476
5482483275234,35.252769401,0.004750518,0.0017828196,0.1622839
5482503324916,35.272819083,0.019158132,0.01135774,0.16467762
5482523374599,35.292868766,0.012020747,-0.01973623,0.16707039
5482543424283,35.31291845,8.258596E-5,-6.4501166E-4,0.1670723
5482563473966,35.332968133,-2.2117049E-5,0.016009703,0.1622858
5482583554165,35.353048332,0.0048689637,0.01340583,0.16468334
5482603603848,35.373098015,0.009659398,-0.017928258,0.15989971
5482623653531,35.393147698,0.011989304,-0.020357773,0.17426586
5482643703215,35.413197382,-1.239609E-4,0.0010273755,0.17426777
5482663752898,35.433247065,-0.0048056226,0.0080008805,0.17187881
5482683802580,35.453296747,-0.0045982487,0.010290146,0.16230488
5482703852263,35.47334643,0.0097669605,-0.011257663,0.16230488
5482723901946,35.493396113,0.017052231,0.003002569,0.16230679
5482743951629,35.513445796,0.009826483,-0.011324629,0.15991116
5482764001312,35.533495479,0.002746556,-0.0019575655,0.167099
5482784050996,35.553545163,0.007393049,-0.006911099,0.16949558
5482804100678,35.573594845,0.012432587,-0.009452984,0.16231632
5482824150361,35.593644528,0.009768808,-0.0022172034,0.16231537
5482844200044,35.613694211,0.0025841538,0.004860446,0.16471004
5482864249727,35.633743894,0.007446008,-0.016860306,0.15753174
5482884299410,35.653793577,0.0074007306,-0.007219702,0.17189693
5482904349092,35.673843259,-0.0018830355,-0.004889339,0.17429161
5482924398776,35.693892943,0.010237256,-0.028795749,0.17429161
5482944448459,35.713942626,0.010375291,-0.0024576634,0.16950321
5482964498142,35.733992309,0.012684469,-0.0073499978,0.16471672
5482984547825,35.754041992,0.010222955,0.004474312,0.16950798
5483004597508,35.774091675,0.017526772,0.0114783645,0.1647234
5483024647190,35.794141357,0.01511387,-0.014889315,0.1647234
5483044696873,35.81419104,0.0055183396,-0.034076333,0.16233063
5483064746556,35.834240723,0.005315451,-0.0147482455,0.15993214
5483084796240,35.854290407,0.012278159,-0.009682536,0.16710854
5483104845923,35.87434009,0.010002034,-1.0967255E-4,0.16950321
5483124895606,35.894389773,0.009622153,0.0023474693,0.16471195
5483144945288,35.914439455,0.0049974713,0.0023840517,0.17907715
5483164994971,35.934489138,0.0051062666,0.011961415,0.16950035
5483185044654,35.954538821,4.2461604E-4,0.002384916,0.16231918
5483205094337,35.974588504,0.007571999,-0.019122735,0.16471195
5483225144021,35.994638188,0.0145783685,-0.021210477,0.15991688
5483245193704,36.014687871,0.005040938,-0.018791229,0.1814642
5483265243386,36.034737553,0.0028098896,-0.011295989,0.15751743
5483285293069,36.054787236,-0.001911182,-0.0064005703,0.17666912
5483305312235,36.074806402,-0.0016202312,-0.008495182,0.17426872
5483325361918,36.094856085,0.00564155,-0.008412614,0.16469097
5483345411601,36.114905768,0.0056162607,-0.0058519393,0.16708279
5483365461284,36.134955451,0.010577131,-0.010465026,0.15271473
5483385510967,36.155005134,0.0033756122,-0.0032408983,0.1646843
5483405560650,36.175054817,0.010712286,-0.022490025,0.16708088
5483425640850,36.195135017,0.010841776,-0.0032212138,0.18144512
5483445690533,36.2151847,0.018171512,0.03498368,0.16947556
5483465740216,36.235234383,0.020458946,-0.007981449,0.1598959
5483485789898,36.255284065,0.011098579,-0.007837638,0.16707611
5483505839581,36.275333748,0.0039269906,-0.019722953,0.16946888
5483525889265,36.295383432,0.003972821,-0.01246132,0.15749645
5483545908430,36.315402597,0.00868576,-4.1426718E-4,0.15510082
5483565958113,36.33545228,0.020562246,-4.5788288E-4,0.16946697
5483586038314,36.355532481,0.015678037,0.0069656223,0.15988445
5483606087996,36.375582163,0.013281093,-0.0144124925,0.17185307
5483626198713,36.39569288,-0.008159997,0.0023472607,0.15988159
5483646248396,36.415742563,0.00391604,-0.005045429,0.16706848
5483666298079,36.435792246,0.017898886,-0.004993826,0.1694603
5483686347763,36.45584193,0.015523206,-0.024047941,0.16706467
5483706427962,36.475922129,0.010761177,-1.3951957E-4,0.16945934
5483726477645,36.495971812,0.01089054,-0.0023682863,0.15509129
5483746527328,36.516021495,0.0035547502,0.009730279,0.1670599
5483766577011,36.536071178,0.017742148,0.00973922,0.16945267
5483786626695,36.556120862,0.010403879,-0.006794542,0.16944885
5483806676377,36.576170544,0.01521459,-0.011538938,0.17663097
5483826726060,36.596220227,-0.0040887967,-0.011483893,0.17184067
5483846775743,36.61626991,-0.003980061,4.876703E-4,0.16226387
5483866855944,36.636350111,0.0033092666,0.009960055,0.1694479
5483886905626,36.656399793,0.008097669,-0.008878961,0.16465378
5483906955309,36.676449476,0.0058101863,0.003197059,0.16465282
5483927004992,36.696499159,0.010814039,-0.0038799644,0.16704655
5483947085192,36.716579359,0.010814039,9.084344E-4,0.17183495
5483967134875,36.736629042,0.010715209,0.01516971,0.15507603
5483987184558,36.756678725,-0.0011490807,0.007987365,0.1622591
5484007234241,36.776728408,0.0061382353,0.003094256,0.16226196
5484027283924,36.796778091,0.0037460458,-0.0064822584,0.17423248
5484047364124,36.816858291,0.008222338,-0.0017982274,0.18141556
5484067413807,36.836907974,0.020485403,0.014749929,0.17184448
5484087463490,36.856957657,0.0037280153,0.009857073,0.16705799
5484107513173,36.87700734,-0.0035572797,-0.028763935,0.16945744
5484127562855,36.897057022,-0.0012657568,0.0071493685,0.16706371
5484147612538,36.917106705,0.0036273506,-0.019082114,0.1718502
5484167662222,36.937156389,0.015449777,-0.0071510524,0.16945553
5484187711905,36.957206072,0.008420102,-0.0070775747,0.15987778
5484207761588,36.977255755,0.0039458144,0.009577155,0.18142986
5484227811271,36.997305438,0.013419936,0.004684329,0.16467094
5484247860953,37.01735512,0.011101205,-3.0124187E-4,0.16228104
5484267910636,37.037404803,0.011050599,-0.0074543804,0.17185783
5484287990837,37.057485004,0.0087087955,0.009421676,0.16227913
5484308040519,37.077534686,0.0064235106,-0.0028633624,0.17904377
5484328090202,37.097584369,0.0017104652,-0.012412697,0.15749645
5484348139885,37.117634052,0.0039606225,-0.014947891,0.15989208
5484368189568,37.137683735,0.018279037,0.0065244436,0.16946983
5484388239251,37.157733418,0.020991813,-0.0031067878,0.16947174
5484408288935,37.177783102,0.0066458806,-0.012717307,0.16707897
5484428369134,37.197863301,0.004105583,0.0016798675,0.15989494
5484448418817,37.217912984,0.008925363,0.0016189367,0.15989685
5484468468500,37.237962667,0.018535139,-0.007918045,0.1598959
5484488518184,37.258012351,0.016141757,-0.010451123,0.15511036
5484508567866,37.278062033,0.008790765,0.018083975,0.17426682
5484528617549,37.298111716,0.004269894,0.0058049113,0.16230297
5484548667232,37.318161399,0.013983351,-0.013314158,0.1646967
5484568716915,37.338211082,0.009209219,-0.022899702,0.1646967
5484588766598,37.358260765,0.023400307,-0.023027971,0.17188168
5484608816280,37.378310447,0.0066355523,-0.0062486827,0.169487
5484628896481,37.398390648,0.013399041,-0.0016738772,0.15751934
5484648946164,37.418440331,0.0037659109,-0.0017230362,0.15991402
5484668995847,37.438490014,0.022928338,0.012672737,0.16470146
5484689045529,37.458539696,0.013241245,-0.0066414773,0.17428112
5484709095212,37.478589379,0.0034600422,-0.032844514,0.16948986
5484729144896,37.498639063,-0.0059615895,-0.008781016,0.15751743
5484749194579,37.518688746,0.01323815,5.609691E-4,0.167099
5484769244262,37.538738429,0.015776366,0.007368654,0.17428875
5484789293945,37.558788112,0.011033179,0.0050005317,0.1790762
5484809343627,37.578837794,0.008588092,-0.0020521581,0.15992069
5484829393310,37.598887477,0.0012415703,-0.021341413,0.17189312
5484849442993,37.61893716,0.013120058,-0.02109234,0.1814661
5484869523193,37.63901736,0.020225398,0.017149895,0.16710186
5484889572876,37.659067043,0.008083915,0.012167826,0.17428684
5484909622559,37.679116726,0.0032687392,-0.009572208,0.16471386
5484929672242,37.699166409,0.008224266,-0.0048583,0.16711044
5484949721926,37.719216093,0.018025288,-0.016856134,0.16950512
5484969771609,37.739265776,0.013250773,-0.005019948,0.16950798
5484989821291,37.759315458,0.010865139,-0.009829417,0.15035439
5485009870974,37.779365141,0.015431536,0.0068868995,0.16471958
5485029981691,37.799475858,0.008282075,-4.645586E-4,0.17908955
5485050031374,37.819525541,0.00822201,0.01858583,0.17669678
5485070081057,37.839575224,0.010559082,-0.0029511452,0.1695137
5485090130740,37.859624907,0.008190222,-0.029102683,0.15753937
5485110180423,37.87967459,9.528566E-4,-0.0028107017,0.16711712
5485130230106,37.899724273,0.008191992,-0.012427717,0.15754128
5485150279789,37.919773956,0.01302066,-0.01015377,0.16711998
5485170329472,37.939823639,0.0035102554,0.008825973,0.17430592
5485190379155,37.959873322,0.01541933,0.011030823,0.16712761
5485210398321,37.979892488,-0.003758395,-0.01548405,0.16473675
5485230448004,37.999942171,0.01065463,-0.020182654,0.17191792
5485250497687,38.019991854,0.010671904,-0.017645657,0.16712666
5485270547370,38.040041537,0.012983729,-0.0033856481,0.16952133
5485290597052,38.060091219,0.022543605,-0.0032905191,0.15754986
5485310646735,38.080140902,0.01542831,-0.0056884736,0.15994358
5485330665901,38.100160068,0.008229986,-0.0101634115,0.1599369
5485350715584,38.120209751,-0.0013427213,0.018567577,0.1743021
5485370765267,38.140259434,0.017842267,0.0018294603,0.18148518
5485390814950,38.160309117,0.017662967,-0.0029355586,0.17669582
5485410864634,38.180358801,0.01041406,-5.1909685E-4,0.15754223
5485430914317,38.200408484,0.008031759,-4.8670173E-4,0.17908859
5485450963999,38.220458166,0.0031406991,0.0019077957,0.1503582
5485471013682,38.240507849,0.01732184,-0.012306243,0.18147945
5485491063365,38.260557532,0.0054873433,-0.014730349,0.16950893
5485511113048,38.280607215,0.010090014,-0.019406483,0.16950607
5485531162731,38.300656898,-0.0042216703,-0.021760926,0.16232395
5485551212415,38.320706582,0.007693207,-0.0072738975,0.16471481
5485571262097,38.340756264,0.007856043,0.0046579987,0.1671114
5485591311780,38.360805947,0.010110918,0.002196893,0.162323
5485611330946,38.380825113,0.007781597,-0.009833589,0.16950607
5485631380629,38.400874796,0.0030529983,-0.014547303,0.1718998
5485651430312,38.420924479,6.5879524E-4,0.004501611,0.15993118
5485671479995,38.440974162,0.007843446,0.0068960786,0.16950798
5485691529678,38.461023845,0.010137044,0.009081453,0.16711712
5485711579361,38.481073528,0.00753548,0.0042933226,0.16711712
5485731629043,38.50112321,3.5287254E-4,-0.0051787347,0.16471958
5485751678726,38.521172893,0.00750768,-0.026471421,0.15034962
5485771758927,38.541253094,-0.014352206,-0.0026338398,0.16471672
5485791808610,38.561302777,0.0097995475,0.0020496696,0.1719017
5485811858292,38.581352459,0.012195789,0.018809408,0.1575365
5485831938493,38.60143266,0.009904241,-0.0027387142,0.16711426
5485851957659,38.621451826,0.009799382,-2.3964047E-4,0.1718998
5485872007342,38.641501509,0.007716771,-0.0024250448,0.15753174
5485892087541,38.661581708,0.002984954,-0.031074896,0.15992355
5485912137224,38.681631391,0.0052284095,-0.009543255,0.16710663
5485932186908,38.701681075,0.007574059,-0.011947289,0.16471195
5485952236591,38.721730758,0.009726357,0.011922166,0.1695013
5485972286274,38.741780441,0.014518853,0.014316902,0.1742897
5485992335956,38.761830123,0.00967012,-0.016556129,0.17189026
5486012385639,38.781879806,-9.346753E-6,0.0028071404,0.17428017
5486032435322,38.801929489,-0.0025354773,-0.020968989,0.16230583
5486052485005,38.821979172,0.009439606,0.0030782819,0.16948605
5486072534689,38.842028856,0.01904768,-0.01111345,0.16230106
5486092584372,38.862078539,0.014200611,0.01732105,0.16709518
5486112634054,38.882128221,0.0025437195,0.0077442974,0.15991211
5486132683737,38.902177904,0.0027572159,-0.0042262077,0.17667294
5486152733420,38.922227587,3.650561E-4,7.7186525E-4,0.15512085
5486172783103,38.94227727,0.010255981,-0.008804902,0.16709328
5486192832786,38.962326953,0.010321211,-0.015838727,0.16230202
5486212882468,38.982376635,0.0055970214,-0.010996789,0.16708946
5486232932152,39.002426319,0.00794968,0.0032010972,0.16948605
5486252981835,39.022476002,0.005768966,0.010174885,0.17427921
5486273031518,39.042525685,0.025048252,0.005297363,0.16470432
5486293081201,39.062575368,0.006052356,-0.0066508055,0.18385792
5486313130884,39.082625051,0.0013219081,-0.009107873,0.16470623
5486333211084,39.102705251,0.0013800357,-0.023182154,0.16470051
5486353260767,39.122754934,0.015788117,0.0031085163,0.16709614
5486373279933,39.1427741,0.00865202,-0.01618144,0.1766758
5486393360133,39.1628543,0.01824955,0.014877334,0.15752411
5486413409815,39.182903982,0.011095462,0.017376617,0.16949272
5486433428982,39.202923149,0.006260501,-0.0017711818,0.16230965
5486453478664,39.222972831,0.0109939035,6.310791E-4,0.17188644
5486473528347,39.243022514,0.0014789775,-0.018488005,0.15512562
5486493578030,39.263072197,0.008696819,-0.020784646,0.16709518
5486513627713,39.28312188,0.0013646632,-0.0039514005,0.16709328
5486533677397,39.303171564,0.008444594,0.03206666,0.16230297
5486553727080,39.323221247,0.0109496135,-0.013527021,0.169487
5486573776762,39.343270929,0.008563556,0.0149951875,0.17428017
5486593826445,39.363320612,0.011277996,5.261749E-4,0.16949463
5486613876128,39.383370295,-4.815571E-4,6.311238E-4,0.1623106
5486633925811,39.403419978,0.016215555,-0.013593033,0.16948986
5486653975494,39.423469661,0.01373423,-0.003759995,0.16709137
5486674025178,39.443519345,0.009002233,0.003546387,0.16230011
5486694074860,39.463569027,0.016199507,-0.0059896857,0.1718769
5486714124543,39.48361871,0.011428887,0.010888368,0.16469097
5486734174226,39.503668393,0.006590713,0.018161833,0.16468906
5486754223909,39.523718076,0.009034613,0.0014981478,0.16708183
5486774273592,39.543767759,0.013433232,-0.007857069,0.16468239
5486794323274,39.563817441,0.006390605,-0.005542472,0.1646843
5486814372957,39.583867124,0.004151847,-0.01039575,0.16229248
5486834422641,39.603916808,0.009049021,0.015836298,0.15989971
5486854472324,39.623966491,0.014001976,-0.010582387,0.1575079
5486874522007,39.644016174,0.023344547,0.0015283674,0.17426395
5486894571690,39.664065857,0.0139719015,0.023159489,0.1646862
5486914651890,39.684146057,0.0042283926,0.008879095,0.16228962
5486934701573,39.70419574,0.008954953,-0.026895165,0.16946888
5486954751256,39.724245423,0.0066090245,-0.010090411,0.16946888
5486974800939,39.744295106,0.015996423,-0.022072375,0.1622858
5486994850621,39.764344788,0.009171553,0.011380196,0.16228771
5487014900304,39.784394471,0.011690402,0.006622985,0.16707611
5487034949987,39.804444154,-0.0024694465,0.006622359,0.17904758
5487054999671,39.824493838,0.011998439,0.0041231513,0.15989685
5487075049354,39.844543521,0.00977926,-0.0030511469,0.15510845
5487095099036,39.864593203,0.0050390344,-0.026927069,0.1598959
5487115179236,39.884673403,0.005077662,-0.024610817,0.17186832
5487135228920,39.904723087,0.00980483,0.006689802,0.16468239
5487155278603,39.92477277,0.01700769,0.0017493963,0.17186832
5487175328285,39.944822452,0.0050387103,0.01611492,0.16707993
5487195377968,39.964872135,0.002644509,-0.002933994,0.16947174
5487215427651,39.984921818,0.012400091,-0.007910803,0.16708183
5487235507851,40.005002018,0.007555926,-0.019711226,0.16228962
5487255557534,40.025051701,0.005228471,-0.0028075576,0.16946888
5487275607217,40.045101384,0.026671981,-0.010013148,0.17425728
5487295656900,40.065151067,0.016870778,-0.0052461177,0.16707611
5487315706583,40.08520075,0.014152494,0.009265929,0.17425442
5487335756266,40.105250433,0.011756649,0.0044021904,0.15749645
5487355805948,40.125300115,0.021192465,-0.002534449,0.16946125
5487375855632,40.145349799,0.01617645,0.009550646,0.17185402
5487395905315,40.165399482,0.004119009,8.921325E-5,0.16706276
5487415954998,40.185449165,-0.0077493135,0.004772663,0.16466999
5487436004681,40.205498848,0.0065152273,0.012060508,0.16706276
5487456054364,40.225548531,0.013595144,-0.004803285,0.16466999
5487476104046,40.245598213,0.020601938,-1.0956824E-4,0.16945934
5487496153729,40.265647896,0.011063164,0.011854991,0.17185402
5487516203413,40.28569758,-0.019745316,0.016538963,0.1646738
5487536253096,40.305747263,-0.0051646214,-0.0075068325,0.1622839
5487556302779,40.325796946,0.028418496,-0.019447431,0.17904186
5487576352462,40.345846629,0.030374918,0.007021606,0.17903805
5487596432661,40.365926828,0.008615579,-0.0027297735,0.15509892
5487616482345,40.385976512,-0.008139776,-0.0028340518,0.16946602
5487636532028,40.406026195,-8.5247494E-4,0.021003306,0.1622858
5487656551193,40.42604536,0.023164801,-6.482005E-4,0.16707611
5487676631393,40.44612556,0.034977376,-0.0076956153,0.18622684
5487696681076,40.466175243,0.0156667,-0.019688964,0.16228485
5487716730759,40.486224926,-0.0032561198,-0.014817029,0.1479187
5487736780442,40.506274609,-0.0033961013,0.004270613,0.16228485
5487756830126,40.526324293,0.020317787,-0.036247686,0.16467476
5487776879808,40.546373975,0.020264301,-0.014716774,0.17903996
5487796960008,40.566454175,0.003524702,0.0069170147,0.16946125
5487816979174,40.586473341,-0.010731591,0.0045233965,0.15749168
5487837059374,40.606553541,-9.4367005E-4,0.009207532,0.16228199
5487857109057,40.626603224,0.0063458346,0.008998111,0.16707516
5487877158740,40.646652907,0.023065526,0.0016127974,0.1694727
5487897208423,40.66670259,0.011140829,-0.012929037,0.17665958
5487917258106,40.686752273,0.008779699,-0.022321954,0.18144512
5487937307789,40.706801956,-0.0030220728,-0.008091167,0.18144703
5487957357471,40.726851638,0.0042672716,0.006169617,0.15990067
5487977407154,40.746901321,0.011451904,0.008459434,0.15990353
5487997456838,40.766951005,0.0090617705,0.00596112,0.17427063
5488017506521,40.787000688,0.014003123,9.778589E-4,0.17188168
5488037556204,40.807050371,0.0067537464,-0.018224835,0.17188263
5488057605887,40.827100054,0.009211915,-0.0016423464,0.16949081
5488077655569,40.847149736,0.011445684,-0.0064896047,0.17188644
5488097705252,40.867199419,0.0065119583,0.009870887,0.15992165
5488117754935,40.887249102,0.0064656325,-0.018805027,0.16710472
5488137804619,40.907298786,0.010979947,-0.01871249,0.17428398
5488157854302,40.927348469,0.008505506,-0.013794854,0.17428112
5488177903985,40.947398152,0.008755362,0.017061502,0.16231632
5488197953667,40.967447834,0.011088163,-0.01639539,0.15992069
5488217972834,40.987467001,0.006245451,-0.0067533404,0.16710186
5488238022516,41.007516683,0.006191151,-0.008974731,0.16709805
5488258072199,41.027566366,0.011039652,0.012390375,0.17428398
5488278121882,41.047616049,0.013343553,-0.021038458,0.16470528
5488298141048,41.067635215,0.0060928185,-0.004206881,0.16949177
5488318190731,41.087684898,0.008324176,5.2440166E-4,0.15991592
5488338240414,41.107734581,-0.0039941818,-0.016267195,0.1623106
5488358290097,41.127784264,-0.001824379,-0.0042450875,0.1623087
5488378339780,41.147833947,0.01025133,0.016988605,0.16231537
5488398389462,41.167883629,0.017433943,0.004808128,0.16710758
5488418439146,41.187933313,0.019654837,-0.01420252,0.15513325
5488438488829,41.207982996,0.0077358093,-0.0020980388,0.15752506
5488458538512,41.228032679,0.010174334,-0.0022714436,0.16710567
5488478588195,41.248082362,0.010004092,0.0024418384,0.16710663
5488498637878,41.268132045,0.012345576,-0.0026349276,0.17190075
5488518687560,41.288181727,0.009797646,-3.2357872E-4,0.16950703
5488538737243,41.30823141,0.009616075,-0.019404352,0.1575346
5488558786927,41.328281094,0.0047712103,-0.014645606,0.17429352
5488578836610,41.348330777,-1.6068853E-4,-0.0027109236,0.15035248
5488598886293,41.36838046,0.0021288097,0.009155378,0.16950798
5488618935976,41.388430143,0.0021329075,-0.007708162,0.17669296
5488638985658,41.408479825,-2.5718287E-4,-8.391589E-4,0.16951561
5488659035341,41.428529508,0.016689062,-0.008096054,0.18388271
5488679115542,41.448609709,0.021806166,-0.015092179,0.17191029
5488699134707,41.468628874,0.019157315,-0.015159339,0.16951561
5488719214907,41.488709074,3.8072467E-6,-0.017397553,0.16472435
5488739234074,41.508728241,0.0023267101,-0.0077977628,0.16711807
5488759283756,41.528777923,4.593376E-4,0.023222893,0.16712189
5488779333439,41.548827606,0.01721875,0.011251882,0.16951561
5488799444156,41.568938323,0.03155129,-0.0029859692,0.16711903
5488819524357,41.589018524,0.007680841,-0.02931936,0.17908955
5488839574039,41.609068206,-0.006678203,0.016066462,0.15993786
5488859623722,41.629117889,-0.0018856898,-0.010269195,0.15993786
5488879673405,41.649167572,0.017219929,-0.010222301,0.16711998
5488899723088,41.669217255,0.017152585,0.016233563,0.16232872
5488919803288,41.689297455,0.012110096,0.006452307,0.16233158
5488939852971,41.709347138,-0.0048569925,0.013425499,0.16233635
5488959902654,41.729396821,0.0023297276,-0.015304387,0.17191315
5488979952337,41.749446504,0.016441334,-0.008196071,0.16233635
5489000002020,41.769496187,0.013993194,-0.00826107,0.16233826
5489020082220,41.789576387,0.007054746,-0.010794088,0.16712952
5489040131903,41.80962607,-0.012126537,-0.022871375,0.1599493
5489060181586,41.829675753,-0.0119108185,-0.010988504,0.17192268
5489080231269,41.849725436,0.016696816,7.250905E-4,0.16474438
5489100280951,41.869775118,0.028487755,0.005461931,0.15995598
5489120330634,41.889824801,0.014144763,-0.013826773,0.16235352
5489140380318,41.909874485,-0.014620127,-0.02806358,0.15516853
5489160460517,41.929954684,-0.005067464,-0.034881026,0.17192078
5489180510200,41.950004367,0.011776513,0.025022298,0.16473675
5489200559883,41.97005405,0.009591721,0.019919783,0.1623497
5489220609567,41.990103734,0.012092696,-0.006625563,0.16953659
5489240659250,42.010153417,0.0025200173,-0.0064156055,0.1719265
5489260708933,42.0302031,0.0027314872,-0.008809477,0.17432117
5489280789132,42.050283299,0.0026000235,-0.011365831,0.17193031
5489300838816,42.070332983,0.009857543,5.4208934E-4,0.17432594
5489320888499,42.090382666,0.012306732,-0.006587833,0.16235447
5489340938181,42.110432348,0.0077298004,0.01006718,0.15756893
5489360987864,42.130482031,0.010287071,-0.004480332,0.16714859
5489381037547,42.150531714,0.01029627,-0.042613357,0.17672253
5489401087230,42.170581397,0.01270982,0.007750228,0.16474915
5489421136913,42.19063108,0.0032878201,0.0050894916,0.1623621
5489441186597,42.210680764,-0.0013917498,-0.00448671,0.1815157
5489461236279,42.230730446,0.010634365,-0.016484886,0.1623621
5489481285962,42.250780129,0.013087996,0.014455855,0.15757847
5489501335645,42.270829812,0.01539536,-0.009432599,0.15997028
5489521385328,42.290879495,0.0034633726,-0.009576678,0.17194462
5489541435011,42.310929178,-0.0014753472,-0.026126847,0.16475677
5489561484694,42.330978861,-0.0037627649,0.0073922276,0.16954613
5489581534376,42.351028543,0.010769952,-0.0071136206,0.16715527
5489601614577,42.371108744,0.0106236525,-0.011834145,0.17673016
5489621633743,42.39112791,0.0036029592,-0.011844099,0.16954803
5489641683426,42.411177593,0.003568815,-0.007081583,0.17194271
5489661733109,42.431227276,0.008320535,-0.0069068074,0.15757465
5489681813309,42.451307476,0.02498136,-0.009201825,0.16954231
5489701862992,42.471357159,0.010522392,0.0051232576,0.17193699
5489721912675,42.491406842,0.005478626,0.0027566701,0.16714764
5489741962358,42.511456525,-0.0041987523,2.5834143E-4,0.17912006
5489762012040,42.531506207,0.007847467,-0.016457438,0.16236019
5489782061723,42.55155589,0.010346377,0.0073798597,0.1719408
5489802111406,42.571605573,0.022336062,-0.014208689,0.1671524
5489822161090,42.591655257,0.012650109,-0.0093318075,0.17433262
5489842210773,42.61170494,0.003096193,-0.011734426,0.15996742
5489862260456,42.631754623,0.010322759,-0.0022016615,0.1719408
5489882310138,42.651804305,0.007860484,-0.009310186,0.15996742
5489902359821,42.671853988,0.015047645,-0.0117022395,0.1671505
5489922409504,42.691903671,0.010269206,-0.004531622,0.1575737
5489942459187,42.711953354,6.1915256E-4,-0.01659894,0.16236305
5489962539387,42.732033554,0.0030771084,0.005002022,0.1815157
5489982589070,42.752083237,0.002871519,4.529953E-6,0.17673111
5490002638753,42.77213292,0.014593441,-6.635487E-5,0.16715527
5490022688436,42.792182603,0.0074087717,0.0069065243,0.1695528
5490042738119,42.812232286,0.005018715,-3.8015842E-4,0.17434406
5490062787802,42.832281969,-0.0020591822,-3.8017333E-4,0.16716194
5490082837485,42.852331652,0.0074835904,-0.017089948,0.17434311
5490102887168,42.872381335,0.0025596563,-0.026571438,0.16236973
5490122936851,42.892431018,0.005018888,-0.021844149,0.16955376
5490142986534,42.912480701,0.017021867,-0.005166471,0.18152618
5490163036217,42.932530384,0.016925292,-0.0028699934,0.15519142
5490183085899,42.952580066,0.0024998412,-7.119477E-4,0.16716766
5490203135583,42.97262975,0.01223063,0.0017288476,0.16716671
5490223185266,42.992679433,0.009662727,-0.003110975,0.16956139
5490243234949,43.012729116,0.011859479,-0.017586783,0.1647749
5490263284632,43.032778799,0.021514095,0.0014409721,0.16477776
5490283334315,43.052828482,-0.0070634503,0.0014883727,0.1647768
5490303383997,43.072878164,0.007379068,-0.0057712793,0.1743555
5490323433680,43.092927847,0.014590701,-0.017860651,0.16956902
5490343483363,43.11297753,0.009935692,-0.006015539,0.16478443
5490363533047,43.133027214,0.009718519,-0.032160133,0.16477966
5490383582730,43.153076897,0.0072299037,-0.01044333,0.16238213
5490403632412,43.173126579,1.001358E-4,0.0064013004,0.17435074
5490423682095,43.193176262,0.014301008,-0.0054985285,0.16477203
5490443762296,43.213256463,1.4936551E-4,0.0062636286,0.1743536
5490463811979,43.233306146,0.019324392,-0.0200831,0.17435455
5490483861661,43.253355828,0.014431266,-0.008113101,0.16717148
5490503911344,43.273405511,-0.0023239814,0.018118992,0.15759754
5490523961027,43.293455194,0.0074127614,-0.015346721,0.16717339
5490544010710,43.313504877,0.0049758777,-0.012787834,0.15998745
5490564060393,43.33355456,0.0073272027,-0.015414491,0.16238594
5490584110077,43.353604244,0.017019853,-0.010504931,0.16956615
5490604159759,43.373653926,0.0023700297,-0.017649978,0.16717148
5490624209442,43.393703609,0.0024364293,0.008636385,0.15998936
5490644259125,43.413753292,-0.004848808,0.008636713,0.15280628
5490664308808,43.433802975,-2.8002448E-4,-0.027203724,0.16238213
5490684389008,43.453883175,0.018902682,-0.031785965,0.15998268
5490704438691,43.473932858,0.011523494,-0.01243946,0.16237259
5490724488374,43.493982541,0.0019922573,-0.0055411756,0.16237831
5490744538057,43.514032224,0.0043531563,0.0015036613,0.17195797
5490764587740,43.534081907,0.00445994,0.0086865425,0.17435265
5490784637422,43.554131589,-1.1697039E-4,-0.0035983026,0.17196465
5490804717623,43.57421179,0.021490984,-0.0035658777,0.17675304
5490824797822,43.594291989,0.007164143,-0.02273187,0.16956997
5490844847506,43.614341673,0.0023260098,-0.010568559,0.16238499
5490864897189,43.634391356,0.0073865205,0.0059274584,0.16957283
5490884946872,43.654441039,0.009743774,-0.005998969,0.17435932
5490904996555,43.674490722,0.009788942,-0.005931571,0.17435837
5490925046237,43.694540404,0.019472258,-0.005850792,0.16956902
5490945126438,43.714620605,0.007627204,-0.008070424,0.16238403
5490965176121,43.734670288,0.0029577408,-0.029559493,0.16238308
5490985225803,43.75471997,0.0078538,-0.024558648,0.16716671
5491005275486,43.774769653,-0.0038470104,-7.981658E-4,0.16717148
5491025325169,43.794819336,0.010457864,-0.010346234,0.16717052
5491045374852,43.814869019,0.012896565,-8.981377E-4,0.16717339
5491065455052,43.834949219,0.008069549,0.0108965635,0.1623888
5491085504735,43.854998902,0.005885076,0.0060032755,0.16478443
5491105554418,43.875048585,0.0011600815,-0.017983407,0.17196941
5491125604101,43.895098268,0.015429961,-0.029890403,0.16957283
5491145653785,43.915147952,0.0103345085,-0.022399068,0.16717243
5491165733984,43.935228151,0.017410668,0.0014680177,0.16477871
5491185783667,43.955277834,0.0077977143,0.027502552,0.16717911
5491205833350,43.975327517,0.010158086,0.010432884,0.15760803
5491225883032,43.995377199,0.0101057645,-0.008803487,0.17197514
5491245932716,44.015426883,0.0077618007,-0.01115495,0.17197418
5491265982399,44.035476566,0.010081284,-0.0136835575,0.17437077
5491286032082,44.055526249,-0.0042797383,0.002971679,0.16479683
5491306081765,44.075575932,0.010340631,-0.02118817,0.15043545
5491326131448,44.095625615,0.022197392,-0.01874572,0.16479969
5491346181130,44.115675297,0.026989443,-0.013648316,0.17915916
5491366261331,44.135755498,0.017031316,0.012573853,0.16479492
5491386311014,44.155805181,3.8306043E-4,0.017277211,0.16000843
5491406360697,44.175854864,-0.008894689,-0.01882428,0.16958904
5491426410379,44.195904546,0.007911297,-0.021113679,0.16240597
5491446460062,44.215954229,0.019895623,-0.001976192,0.16240597
5491466509746,44.236003913,0.010217814,-0.018708006,0.18155956
5491486589945,44.256084112,0.0029623527,-0.00682877,0.15761852
5491506639628,44.276133795,-0.0042571183,-0.0044537038,0.16719532
5491526689311,44.296183478,0.0053785834,-0.021184936,0.16958904
5491546738995,44.316233162,0.02195359,-0.009301305,0.1648016
5491566819194,44.336313361,0.01944311,-0.011662796,0.17677212
5491586868877,44.356363044,0.014529554,1.0448694E-4,0.17438126
5491606918560,44.376412727,3.4365244E-4,0.023951396,0.1624136
5491626968244,44.396462411,0.017435463,-0.017006546,0.15044785
5491647017927,44.416512094,0.024565976,-0.0121201575,0.14805222
5491667098126,44.436592293,0.0096392,-0.016986892,0.16481113
5491687208843,44.45670301,0.0022455808,-0.021507725,0.18156528
5491707258526,44.476752693,-5.115643E-4,0.014256984,0.1767788
5491727308210,44.496802377,0.009344215,0.00439471,0.17678452
5491747357892,44.516852059,0.012012859,0.0019175559,0.15284538
5491767407575,44.536901742,0.002504643,-0.015005901,0.16003036
5491787457258,44.556951425,0.011904576,-0.02187407,0.16960144
5491807506941,44.577001108,0.0116266245,-0.007209733,0.17438221
5491827556624,44.597050791,-0.0074578077,-0.0025713444,0.1528387
5491847606307,44.617100474,-0.009862043,-0.035923213,0.16241169
5491867655989,44.637150156,0.009152217,-0.018847972,0.16240501
5491887705673,44.65719984,0.011698711,-0.002148345,0.15522385
5491907755356,44.677249523,0.014010007,-0.0164503,0.16958809
5491927805039,44.697299206,0.011731551,-0.013782427,0.16240025
5491947854722,44.717348889,0.0021996293,6.864816E-4,0.16718674
5491967934922,44.737429089,-2.3493543E-4,-0.011505723,0.16958427
5491987984605,44.757478772,0.004731709,-0.0042564273,0.16479492
5492008034288,44.777528455,0.0094661005,-0.018401653,0.16239643
5492028083971,44.797578138,0.014410298,0.012974754,0.15760422
5492048133653,44.81762782,-0.004665833,-0.013628513,0.16958046
5492068183336,44.837677503,0.011951073,-0.011067435,0.16239452
5492088233019,44.857727186,0.014379026,-0.008381814,0.16957092
5492108282703,44.87777687,0.012017128,0.017880052,0.15760231
5492128362902,44.897857069,0.016702538,-0.013077036,0.16238594
5492148412585,44.917906752,0.014373789,-0.039226994,0.1695652
5492168462268,44.937956435,7.794611E-5,-0.04354094,0.17434502
5492188511951,44.958006118,0.009524498,-0.009839296,0.16955185
5492208561635,44.978055802,0.0069294516,-0.009632394,0.16475868
5492228611318,44.998105485,0.001970781,-0.0022966862,0.1623621
5492248661000,45.018155167,0.01633123,-0.023637772,0.15278053
5492268710683,45.03820485,0.0021110699,0.0052933246,0.16474819
5492288760366,45.058254533,-0.005096685,-0.0041101873,0.16235065
5492308810049,45.078304216,0.0045449547,-0.027805522,0.16952801
5492328859732,45.098353899,0.0068870764,-0.018166617,0.1743145
5492348939932,45.118434099,0.014214877,0.012932211,0.15755749
5492368989615,45.138483782,0.009451659,-0.022533998,0.16951847
5492389039298,45.158533465,0.0069133528,0.006143227,0.15994263
5492409088981,45.178583148,0.009305498,0.015719756,0.1575489
5492429138664,45.198632831,0.0067018904,0.0037487,0.16233635
5492449188347,45.218682514,0.01381796,-0.015150309,0.1695137
5492469238030,45.238732197,-0.00523505,-0.0030751675,0.15275288
5492489318229,45.258812396,0.00899278,-0.015002668,0.15514565
5492509367913,45.27886208,-2.9406324E-4,-0.007667631,0.17190361
5492529417596,45.298911763,0.009032799,-0.021835983,0.17429256
5492549467279,45.318961446,0.013859186,-3.016591E-4,0.16950512
5492569516962,45.339011129,0.013990847,-0.007296443,0.1742897
5492589566645,45.359060812,0.0018564295,-0.00970681,0.16710758
5492609616327,45.379110494,0.011464902,-0.009611115,0.17428684
5492629666010,45.399160177,0.013889432,0.007202804,0.16710472
5492649715693,45.41920986,0.00893019,-4.1410327E-5,0.15992165
5492669765377,45.439259544,0.015950361,-0.004792303,0.1551323
5492689815060,45.459309227,0.0040372387,-0.0073580146,0.1599245
5492709864743,45.47935891,0.006668927,-0.016842052,0.15992355
5492729914425,45.499408592,0.008973971,-0.023874775,0.17428493
5492749964108,45.519458275,0.016119039,-0.028412223,0.17188644
5492770013791,45.539507958,0.013699612,-0.00657396,0.17427444
5492790063474,45.559557641,0.004134733,-0.0018646121,0.16230583
5492810113158,45.579607325,0.0017005056,0.010149926,0.169487
5492830162841,45.599657008,0.008932261,5.146712E-4,0.16709423
5492850212523,45.61970669,0.006435385,0.010196507,0.16948605
5492870262206,45.639756373,0.0064040814,-0.016211197,0.16709328
5492890311889,45.659806056,-7.1343593E-4,-0.021025524,0.17667103
5492910361572,45.679855739,-5.3744577E-4,-0.016121253,0.16469765
5492930411255,45.699905422,0.0068156067,-0.0017814338,0.1646986
5492950460937,45.719955104,0.009184744,0.0052291304,0.1623087
5492970510621,45.740004788,0.004396338,3.3600628E-4,0.16949272
5492990560304,45.760054471,0.009289445,0.0049150586,0.16710281
5493010609987,45.780104154,0.009348277,-0.026143417,0.16231346
5493030659670,45.800153837,0.006778354,-0.021223918,0.167099
5493050739870,45.820234037,0.0044420157,-0.006762743,0.1623087
5493070789553,45.84028372,-2.6125833E-4,2.6543438E-4,0.1766777
5493090839236,45.860333403,0.016668145,0.012052476,0.16710472
5493110888919,45.880383086,0.009546792,1.03354454E-4,0.15992069
5493130938602,45.900432769,0.00971471,-0.002268821,0.16949749
5493150988284,45.920482451,2.036374E-4,-0.0141937435,0.15992069
5493171007451,45.940501618,0.0025686603,-0.0046778917,0.16231632
5493191057133,45.9605513,0.0026303101,-0.03358139,0.16232014
5493211106816,45.980600983,0.014403783,-0.021492437,0.16710567
5493231156499,46.000650666,0.014341645,0.00731723,0.16949749
5493251206183,46.02070035,-0.009700989,0.016685203,0.16710663
5493271255866,46.040750033,-1.2213364E-4,-0.0146485865,0.16471672
5493291305549,46.060799716,0.0069286637,-0.016967148,0.15753269
5493311355231,46.080849398,0.018845094,-0.009805724,0.17189789
5493331404914,46.100899081,0.013952123,-0.024214342,0.16471577
5493351424080,46.120918247,0.0020052437,-0.016854912,0.16710663
5493371473763,46.14096793,0.009239376,0.011734292,0.16232109
5493391523446,46.161017613,0.016460866,0.011453629,0.16950893
5493411573129,46.181067296,0.011701138,0.0040877312,0.15754223
5493431622812,46.201116979,0.011624028,-0.017508999,0.1599369
5493451672495,46.221166662,0.016279727,-0.027138397,0.16711998
5493471722178,46.241216345,0.011474649,-0.00318411,0.1599369
5493491771861,46.261266028,0.0017164852,-0.005799532,0.16233635
5493511821544,46.281315711,-0.0031020232,-0.0035568178,0.15755081
5493531871227,46.301365394,0.016055709,0.020281032,0.17431164
5493551920910,46.321415077,0.016088964,-0.0036363006,0.16234016
5493571970593,46.34146476,0.01134449,-0.0084973425,0.17670727
5493592020275,46.361514442,0.004284654,-0.025250316,0.1599474
5493612069958,46.381564125,0.0018223766,-0.018034741,0.16952324
5493632119642,46.401613809,0.0017687641,-0.001481235,0.16713428
5493652169325,46.421663492,0.0017708242,0.0076770186,0.16953564
5493672219008,46.441713175,-0.002912879,-0.0020044744,0.16235638
5493692268691,46.461762858,0.011557036,-0.006792903,0.1695385
5493712287857,46.481782024,0.021189652,-0.0044659227,0.17432785
5493732337540,46.501831707,0.007054426,-0.02360417,0.17193413
5493752387222,46.521881389,-2.8450042E-4,-0.004462391,0.16953945
5493772528456,46.542022623,0.0020730533,-0.0067783147,0.18150997
5493792578140,46.562072307,0.018782053,0.01718621,0.16714382
5493812627823,46.58212199,0.01868683,-0.009202823,0.1743269
5493832677506,46.602171673,0.001897404,0.0050721467,0.17672253
5493852727188,46.622221355,-0.0122646075,-0.0070043504,0.16954231
5493872776871,46.642271038,-0.007580908,-0.009607986,0.15996933
5493892826554,46.662320721,0.009065498,-0.014455199,0.15997028
5493912876237,46.682370404,0.011461769,0.0069881827,0.16236782
5493932925921,46.702420088,0.016252248,0.009173244,0.17194843
5493952975603,46.72246977,0.006728895,-0.012436345,0.1480074
5493973025286,46.742519453,-5.5633485E-4,-3.6038458E-4,0.16715908
5493993074969,46.762569136,0.004232064,-0.007647693,0.16716099
5494013124652,46.782618819,0.011416751,-5.695373E-4,0.16955662
5494033174335,46.802668502,0.01861072,-0.010075867,0.17195034
5494053224018,46.822718185,0.008990241,0.006603822,0.1623745
5494073243184,46.842737351,0.006591888,0.016180068,0.16476822
5494093292867,46.862787034,-0.010060901,-0.007761687,0.16716385
5494113342550,46.882836717,0.0018983409,-0.02438496,0.16476631
5494133392232,46.902886399,0.004499877,-0.0028374344,0.15518951
5494153441916,46.922936083,0.009392979,0.006739408,0.15758419
5494173491599,46.942985766,0.0022083,0.013921753,0.16716099
5494193541282,46.963035449,0.018965637,0.0067388415,0.15518951
5494213590965,46.983085132,-0.0024774708,-0.0050227493,0.16715813
5494233640647,47.003134814,-0.002582172,-0.024071649,0.17194366
5494253690330,47.023184497,0.007171344,-0.016815096,0.15757751
5494273740013,47.04323418,0.011702257,-0.0047704577,0.16475773
5494293789697,47.063283864,0.0068725087,0.0025623143,0.18151379
5494313808862,47.083303029,0.0069344454,-0.014130041,0.15996456
5494333858545,47.103352712,0.0020117052,-0.0022120327,0.16475391
5494353908228,47.123402395,0.0065549742,-0.011619672,0.1599617
5494373957912,47.143452079,0.009206455,-0.0139152855,0.1599598
5494394007595,47.163501762,0.0069703665,-0.0043588877,0.16474915
5494414057277,47.183551444,-1.05468556E-4,0.0051134825,0.16714668
5494434106960,47.203601127,0.014261812,0.002510175,0.16954422
5494454156643,47.22365081,0.0072220117,-0.014075294,0.17911816
5494474206326,47.243700493,0.026160479,-0.006810695,0.16714573
5494494256009,47.263750176,0.02125498,-0.039962515,0.15995502
5494514305693,47.28379986,0.0089883525,-0.023023129,0.15995121
5494534355375,47.303849542,-5.778372E-4,-0.0014259964,0.1551609
5494554374541,47.323868708,0.018650286,-0.013223141,0.15755272
5494574454741,47.343948908,0.018308472,0.0036471486,0.16952038
5494594473907,47.363968074,0.013274908,-0.010495678,0.15754414
5494614523590,47.384017757,-0.0058547575,-0.01754637,0.16233063
5494634573273,47.40406744,-0.0010948963,0.006441012,0.16711807
5494654653472,47.424147639,0.008586617,0.003942117,0.1647253
5494674672639,47.444166806,0.027556866,0.0063607544,0.17669678
5494694722321,47.464216488,0.020640112,-0.022478327,0.16951561
5494714833038,47.484327205,0.006248908,-0.022124574,0.17190361
5494734882721,47.504376888,0.006254088,-0.0052553415,0.16950607
5494754932405,47.524426572,0.006195169,0.013828903,0.15514278
5494774982088,47.544476255,-0.0035249908,-0.017233059,0.15753555
5494795001253,47.56449542,-0.0011482947,-0.010000274,0.17429352
5494815050937,47.584545104,0.008193791,-0.010148048,0.15993118
5494835100620,47.604594787,0.015512694,-0.0076506287,0.16711235
5494855150303,47.62464447,0.022495728,-0.007559359,0.16710949
5494875199985,47.644694152,-0.0062832907,-0.0054070204,0.17429638
5494895249668,47.664743835,-0.0013901871,0.0040650964,0.16711712
5494915299351,47.684793518,0.01797079,0.01593113,0.16711903
5494935349034,47.704843201,0.013120001,-0.0055921823,0.16711903
5494955398718,47.724892885,0.0061989203,-0.008163035,0.15754604
5494975448401,47.744942568,-0.0056948215,-0.017588153,0.1647253
5494995498083,47.76499225,0.0038484633,-0.015211597,0.16233158
5495015547766,47.785041933,0.0038484577,0.0062315166,0.14796925
5495035566932,47.805061099,0.020505223,0.011124909,0.16711998
5495055647132,47.825141299,0.01336181,-0.0102805495,0.17190552
5495075666298,47.845160465,0.008739157,-0.005353093,0.16232681
5495095715981,47.865210148,-8.7032095E-4,-0.010100335,0.16711426
5495115765664,47.885259831,0.011416859,0.011343047,0.15754032
5495135815347,47.905309514,0.028072901,-0.012440085,0.15035343
5495155865029,47.925359196,0.018482616,-0.0029130727,0.16950798
5495175914713,47.94540888,0.0040349457,-4.7758222E-4,0.17190266
5495195964396,47.965458563,0.0089555215,-4.3731928E-4,0.1671133
5495216014079,47.985508246,0.013559902,-0.007890731,0.15754128
5495236033245,48.005527412,-0.0032564383,-0.010116085,0.16232586
5495256082928,48.025577095,0.0014813077,-0.015025735,0.16950989
5495276132611,48.045626778,0.0038289689,-0.021860227,0.16950321
5495296182294,48.065676461,0.010954357,-0.014647916,0.17668629
5495316231976,48.085726143,0.015674636,0.0044823736,0.16232109
5495336281659,48.105775826,-0.003372224,0.014164135,0.17189598
5495356331342,48.125825509,-0.0033701845,-0.00956817,0.16231537
5495376381025,48.145875192,0.0065186974,0.007086262,0.17189503
5495396430709,48.165924876,0.0019376595,-0.0024908334,0.17428875
5495416480392,48.185974559,0.01390662,-0.0021769404,0.15273571
5495436530074,48.206024241,0.009432338,0.009794027,0.16470718
5495456579757,48.226073924,0.0026665144,0.0026111603,0.15752602
5495476598924,48.246093091,0.0075657517,0.0075051337,0.1671009
5495496648606,48.266142773,0.019684834,-0.016300812,0.1718874
5495516698289,48.286192456,0.017182536,-0.013937235,0.15991592
5495536747972,48.306242139,0.009973329,-0.03270556,0.16948509
5495556797655,48.326291822,6.236974E-4,-0.0015604347,0.16230297
5495576847338,48.346341505,-0.0043070745,-0.003974721,0.16230297
5495596897020,48.366391187,-0.0022249557,0.017573401,0.16948509
5495616946704,48.386440871,5.8427453E-5,0.01975733,0.16230583
5495636996387,48.406490554,0.009635234,-0.01365678,0.1599102
5495657046070,48.426540237,0.009637272,-0.003974989,0.17427254
5495677095753,48.44658992,-4.4237822E-5,0.010704353,0.16468906
5495697145436,48.466639603,0.0071403943,0.0037314594,0.1694746
5495717164602,48.486658769,0.004748231,-0.012923002,0.16228962
5495737305835,48.506800002,0.011830335,0.008834496,0.16946697
5495757325002,48.526819169,0.011937563,0.015912145,0.16707611
5495777374685,48.546868852,0.016757073,-0.029733226,0.15750313
5495797393851,48.566888018,-0.002499221,0.006284833,0.16468239
5495817443534,48.586937701,0.0071861874,-0.0032914132,0.16228867
5495837493216,48.606987383,0.0071902424,0.010864928,0.16708088
5495857542899,48.627037066,0.012081326,0.0035773665,0.15750694
5495877562066,48.647056233,0.019381799,-0.0107513815,0.16468811
5495897611748,48.667105915,-0.0021660198,-0.0033596456,0.15989685
5495917661431,48.687155598,0.014548527,-0.010401815,0.16468143
5495937711114,48.707205281,0.009795319,-8.829385E-4,0.15510559
5495957760797,48.727254964,0.017095666,0.018067181,0.17187023
5495977810481,48.747304648,0.007475421,0.0154526085,0.15511417
5495997860163,48.76735433,0.007554071,-0.013166919,0.16229534
5496017909846,48.787404013,0.0147908665,-0.005861476,0.17187023
5496037959529,48.807453696,-0.0021126792,-0.013106406,0.17426491
5496058009212,48.827503379,0.007502621,-0.036902964,0.16229153
5496078058895,48.847553062,-0.0018935725,-0.0031981468,0.16947079
5496098108578,48.867602745,0.014828818,0.015879378,0.14552975
5496118158261,48.887652428,0.0076159406,-0.0011700541,0.16229534
5496138207944,48.907702111,0.005262047,-0.032170534,0.16468716
5496158257627,48.927751794,7.49195E-4,-0.0010734797,0.15750599
5496178307310,48.947801477,-0.0036402512,-0.005909547,0.17426682
5496198356993,48.96785116,0.00830375,-0.008341104,0.15750885
5496218406676,48.987900843,0.020292446,-0.006056249,0.1575098
5496238456358,49.007950525,0.020295447,0.0059732497,0.16708565
5496258506041,49.028000208,-0.0012523681,0.0059732497,0.16708565
5496278555725,49.048049892,-0.012920624,-0.025210828,0.15990543
5496298605408,49.068099575,-0.0056393556,-0.025188655,0.15032864
5496318655091,49.088149258,0.0061042495,-0.02033849,0.16948032
5496338704774,49.108198941,0.008382827,0.015396312,0.16948318
5496358754456,49.128248623,0.010855809,-0.006308779,0.16709328
5496378804139,49.148298306,0.018185025,-0.0016716421,0.18146133
5496398853822,49.168347989,0.008714957,0.01977177,0.16949177
5496418872988,49.188367155,-7.5510144E-4,-0.013746783,0.16470432
5496438922671,49.208416838,-0.007724542,-0.013641626,0.16949177
5496458972354,49.228466521,0.013671235,-0.023212656,0.15273094
5496479022038,49.248516205,0.0207819,0.0076642632,0.16231346
5496499071721,49.268565888,0.023146596,-0.004535094,0.16231728
5496519121403,49.28861557,0.0043443404,0.0074689835,0.15752983
5496539171086,49.308665253,-3.37312E-4,0.019440308,0.16710663
5496559190253,49.32868442,-0.005016925,0.012153596,0.15753174
5496579239935,49.348734102,0.009452831,-0.023863986,0.16471672
5496599289618,49.368783785,0.025956787,-0.047473356,0.15752697
5496619339301,49.388833468,0.020997932,-0.011363283,0.15752316
5496639388984,49.408883151,-0.007523071,0.036416024,0.16231346
5496659438667,49.428932834,-0.0024144258,0.014555007,0.15513706
5496679457833,49.448952,0.009558622,2.9480457E-4,0.15752983
5496699507516,49.469001683,0.021672748,0.01225166,0.16950226
5496719557199,49.489051366,0.016688243,2.7415156E-4,0.1599245
5496739698433,49.5091926,0.00943991,-0.021340385,0.16950226
5496759717598,49.529211765,0.0071975794,-0.009425998,0.17429256
5496779767282,49.549261449,0.0024649482,0.0070459545,0.15993309
5496799847482,49.569341649,0.00507061,0.013914734,0.17191124
5496819897164,49.589391331,0.0073207356,-0.019563362,0.16472626
5496839946847,49.609441014,0.014425148,-0.014693528,0.16233063
5496859996531,49.629490698,0.011773258,0.0044936985,0.16711807
5496880046214,49.649540381,0.01645936,-0.021947727,0.1743021
5496900126413,49.66962058,0.021217674,-0.0050882846,0.16232967
5496920176096,49.689670263,-0.0050569717,0.013986215,0.1647253
5496940225779,49.709719946,0.002226241,0.035219267,0.16233826
5496960275463,49.72976963,0.016535936,0.013323128,0.16234398
5496980325146,49.749819313,0.016377859,-0.008230314,0.1695261
5497000374828,49.769868995,0.014007053,0.008305669,0.15516567
5497020424511,49.789918678,0.0043465234,-0.015920445,0.16235352
5497040474194,49.809968361,0.008972537,-0.013378099,0.16235065
5497060523877,49.830018044,0.008920956,9.134859E-4,0.15756321
5497080573560,49.850067727,0.020987192,-0.018253714,0.16953373
5497100623244,49.870117411,0.020747177,-0.001517877,0.16474533
5497120642409,49.890136576,0.011266014,0.0031140447,0.16235542
5497140692092,49.910186259,0.0015285108,0.005321458,0.16714764
5497160741776,49.930235943,0.00174205,4.2892992E-4,0.16236115
5497180791458,49.950285625,0.006604422,-0.02108343,0.16236019
5497200841141,49.970335308,0.00656648,0.0049687177,0.16954803
5497220890824,49.990384991,0.011359027,0.0143366605,0.1743412
5497240940507,50.010434674,0.0063046813,-0.012170404,0.16955566
5497260990190,50.030484357,0.011233874,-0.024051905,0.16716003
5497281039872,50.050534039,0.0017028488,-0.021733955,0.17913246
5497301089555,50.070583722,0.016096458,-0.009535879,0.1695509
5497321139239,50.090633406,0.0065636523,-0.002267465,0.16236687
5497341188922,50.110683089,0.011272812,-0.019008368,0.16476059
5497361208087,50.130702254,0.0063069854,-0.011908203,0.16715622
5497381257771,50.150751938,0.013413255,-0.004729256,0.15997314
5497401307454,50.170801621,0.018091109,-0.011892259,0.17194366
5497421357137,50.190851304,0.001253821,-0.014162213,0.16475868
5497441406820,50.210900987,0.013097602,-0.028187692,0.16953945
5497461456502,50.230950669,0.0033206195,-0.0042718947,0.17432785
5497481506185,50.251000352,0.010637756,-0.0042601675,0.17432785
5497501555868,50.271050035,-0.0035537109,0.009839624,0.15278721
5497521575034,50.291069201,0.01075864,-0.004361987,0.1575718
5497541624717,50.311118884,0.017990613,-0.00421305,0.17672157
5497561674400,50.331168567,0.017993294,0.002908513,0.15996265
5497581724083,50.35121825,0.015468463,-0.018647388,0.16235733
5497601773767,50.371267934,0.0034088474,-0.0018161684,0.1695385
5497621823449,50.391317616,-0.0014358032,-0.013802588,0.16714478
5497641842615,50.411336782,0.00807664,-0.0043500215,0.17911816
5497661892298,50.431386465,0.017488366,0.017012209,0.17433262
5497681941981,50.451436148,0.005480798,-0.009297386,0.16954327
5497701991664,50.471485831,9.038709E-4,0.007462308,0.17433262
5497722041347,50.491535514,-0.003779821,3.8442016E-4,0.16475391
5497742121547,50.511615714,0.0059037507,-0.013875738,0.17193508
5497762171230,50.531665397,0.012828619,-0.023365408,0.16714478
5497782220913,50.55171508,0.020127214,-0.011281654,0.1599598
5497802240079,50.571734246,0.0080700945,-0.008882359,0.16714191
5497822289762,50.591783929,-0.0014411956,0.0030374676,0.16235447
5497842339445,50.611833612,0.0035147537,-0.018315598,0.16235161
5497862389128,50.631883295,0.017619763,0.00557141,0.15756321
5497882438811,50.651932978,0.01773963,-0.006436646,0.15995789
5497902488493,50.67198266,0.0033907443,-0.02296649,0.16234875
5497922538176,50.692032343,-0.0039429795,-0.008596092,0.1623478
5497942587859,50.712082026,-0.0015467182,0.005664706,0.1575613
5497962637543,50.73213171,0.007927446,-0.0015176237,0.16474342
5497982687226,50.752181393,0.017340783,-0.013312101,0.16952801
5498002706391,50.772200558,0.014852956,-0.01797983,0.15994835
5498022756075,50.792250242,-0.002008941,0.017933458,0.17910099
5498042805758,50.812299925,4.9408525E-4,-0.0086116195,0.16713524
5498062855440,50.832349607,0.012727524,-0.013337016,0.16713524
5498082874607,50.852368774,0.012570509,-0.0012113899,0.16713142
5498102924290,50.872418457,0.017256524,-0.010596946,0.15755081
5498122973972,50.892468139,0.0029177424,-0.017769635,0.15994453
5498143023655,50.912517822,0.0030710772,-0.012771308,0.16712284
5498163042821,50.932536988,0.0054035187,-0.015039355,0.15993786
5498183092504,50.952586671,-0.0041002724,-0.0053606927,0.15514755
5498203142187,50.972636354,0.007837504,-0.010271311,0.16951561
5498223161353,50.99265552,0.012579954,-0.0030157566,0.1695137
5498243211036,51.012705203,0.007854354,-4.5995414E-4,0.16472244
5498263260719,51.032754886,0.0053554457,0.02129729,0.15992928
5498283310402,51.052804569,0.003044391,-0.02415958,0.16950607
5498303360085,51.072854252,0.0031157508,-0.007133618,0.17189598
5498323409767,51.092903934,-0.0059582777,-0.021498412,0.15513706
5498343459450,51.112953617,0.018034702,-0.0021623373,0.15513325
5498363478617,51.132972784,0.022647478,0.0074588954,0.16470909
5498383528299,51.153022466,0.006131042,0.03865376,0.16949749
5498403577982,51.173072149,0.008424625,-0.01422748,0.16231823
5498423627665,51.193121832,0.0038098078,-0.02844204,0.16710377
5498443677349,51.213171516,0.008650886,-0.0067297965,0.15752506
5498463727032,51.233221199,0.018028833,-0.013810933,0.167099
5498483746197,51.253240364,0.0084945485,0.007573262,0.15752506
5498503795881,51.273290048,0.0038106982,0.019648835,0.16231251
5498523845564,51.293339731,-0.0031624977,0.012570918,0.1575222
5498543895246,51.313389413,0.011309458,0.002994433,0.16470432
5498563944929,51.333439096,0.016151221,-0.003975004,0.15751839
5498583994612,51.353488779,0.013904235,-0.011238009,0.15512562
5498604044295,51.373538462,-0.0075347964,0.007916197,0.15752125
5498624093978,51.393588145,0.006832447,7.338822E-4,0.15273285
5498644113144,51.413607311,0.013916464,-0.006447822,0.16949081
5498664162827,51.433656994,0.023298893,-0.006407127,0.16230774
5498684212510,51.453706677,0.01590505,-0.015908137,0.15991116
5498704262192,51.473756359,0.0015659202,-0.003560871,0.1575098
5498724311876,51.493806043,0.0016290452,0.0036529899,0.15990257
5498744361559,51.513855726,0.011312602,0.008232236,0.15272522
5498764411242,51.533905409,0.016121821,-0.003810957,0.16469765
5498784460925,51.553955092,0.011357369,8.992553E-4,0.15751743
5498804480091,51.573974258,0.011280173,-0.011025608,0.15033245
5498824529774,51.594023941,0.004253391,-0.010976657,0.17427349
5498844579457,51.614073624,0.008983234,-0.0108091235,0.16230011
5498864629140,51.634123307,0.013718831,0.015547365,0.15511703
5498884678822,51.654172989,0.013838663,-0.0060641915,0.15751266
5498904728505,51.674222672,0.0042232256,0.0059215575,0.16230106
5498924778188,51.694272355,0.011260064,0.0010416061,0.16230202
5498944797354,51.714291521,0.011204483,-0.008609399,0.1551199
5498964847037,51.734341204,0.0138486875,0.008268207,0.16948414
5498984896720,51.754390887,0.011379609,-0.0036789626,0.16230202
5499004946404,51.774440571,0.006641224,-0.0012639314,0.16230106
5499024996087,51.794490254,0.0137587385,0.012997851,0.16709137
5499045015252,51.814509419,0.016273538,0.015265524,0.15033436
5499065064936,51.834559103,0.016168209,0.020000607,0.14794064
5499085114618,51.854608785,0.01367928,-0.023079604,0.15272903
5499105164301,51.874658468,0.011189884,-0.015848994,0.15751648
5499125213984,51.894708151,0.006320115,-0.013178363,0.1622982
5499145263667,51.914757834,0.0038549006,-0.015582919,0.15751076
5499165313350,51.934807517,0.023009729,0.0036389232,0.16469193
5499185363033,51.9548572,0.013211685,0.0037943423,0.15989971
5499205382199,51.974876366,0.010856267,-9.6540153E-4,0.16708183
5499225431882,51.994926049,0.006216407,0.0014533103,0.16947556
5499245481565,52.014975732,0.008457651,0.0061496347,0.16468906
5499265531247,52.035025414,0.013390464,-0.001016587,0.16708374
5499285580931,52.055075098,0.0016308986,-0.003515184,0.16947937
5499305630614,52.075124781,0.006483551,-0.017837241,0.15272045
5499325680297,52.095174464,0.0040934123,0.013183296,0.16229916
5499345699463,52.11519363,0.01101004,-0.020480424,0.15751266
5499365749146,52.135243313,0.006155148,-0.017874032,0.16469097
5499385798829,52.155292996,0.010771558,-0.0012416691,0.1670866
5499405848512,52.175342679,0.0038869549,0.0058544874,0.15751266
5499425898194,52.195392361,0.008638436,-0.01086019,0.15751171
5499445947877,52.215442044,0.011094378,0.008106738,0.16709232
5499465997560,52.235491727,0.011151025,-0.0013415068,0.16948414
5499486077760,52.255571927,0.011299035,-0.003805533,0.15751457
5499506127443,52.27562161,-0.005590612,-0.013344079,0.1503315
5499526146610,52.295640777,0.0015665814,-0.00840418,0.15032768
5499546196292,52.315690459,0.009015359,-0.015707627,0.16230297
5499566245975,52.335740142,0.006797729,0.005979821,0.15990543
5499586295658,52.355789825,0.009150103,-0.0011674017,0.15751171
5499606345341,52.375839508,0.006651202,0.0011220425,0.16708946
5499626425541,52.395919708,0.001756059,-0.008455053,0.15751266
5499646475224,52.415969391,0.004152298,-0.008245021,0.16708565
5499666524907,52.436019074,0.004045561,-0.0032475144,0.16229248
5499686574590,52.456068757,0.016119247,0.008513793,0.16229725
5499706624273,52.47611844,0.013645393,-0.010482773,0.17426395
5499726673956,52.496168123,0.00652653,0.00629209,0.15989876
5499746723639,52.516217806,0.009081578,0.025532976,0.16708088
5499766773322,52.536267489,0.009290988,-0.003092721,0.1598959
5499786823005,52.556317172,0.016602224,-0.007865399,0.15271473
5499806872688,52.576366855,0.009354545,-5.6286156E-4,0.15271091
5499826983405,52.596477572,0.021330032,-0.0028263927,0.15989113
5499847033088,52.616527255,0.011860708,0.011644259,0.1670723
5499867113288,52.636607455,0.009388225,-4.2389333E-4,0.16467953
5499887162971,52.656657138,0.0022656973,0.00904493,0.15989304
5499907212654,52.676706821,0.01191196,-0.014777273,0.152709
5499927262336,52.696756503,0.012044549,0.0020047128,0.15031433
5499947312019,52.716806186,1.7824024E-4,-0.0074673444,0.1479187
5499967361702,52.736855869,0.01221505,-0.0072318614,0.17185593
5499987411386,52.756905553,0.009774469,-1.2734532E-4,0.15749264
5500007461069,52.776955236,0.0025918633,0.021315798,0.16707134
5500027480234,52.796974401,0.012271354,0.009344459,0.1718607
5500047529918,52.817024085,0.0051912796,0.002266094,0.16228199
5500067579601,52.837073768,0.0052980017,-0.00720568,0.1694622
5500087629283,52.85712345,0.0053667612,-0.021635741,0.15988636
5500107678966,52.877173133,0.012364671,-0.021630928,0.14791584
5500127728649,52.897222816,0.0052410644,0.0023676306,0.16706848
5500147778332,52.917272499,-0.002046248,0.035781786,0.16946411
5500167828015,52.937322182,0.009926785,0.002263248,0.15988636
5500187877699,52.957371866,3.4997799E-4,-0.007208854,0.15030766
5500207927381,52.977421548,0.010140231,-0.009707108,0.15509892
5500227977064,52.997471231,0.010559063,-0.00262928,0.15989113
5500248026747,53.017520914,0.013000002,0.0022859424,0.16228294
5500268076430,53.037570597,0.017714845,-0.0024748743,0.15988827
5500288126113,53.05762028,0.020107113,0.009402424,0.16228485
5500308175796,53.077669963,0.022331193,-0.0145831555,0.15749645
5500328225478,53.097719645,0.022259528,0.016547427,0.16707325
5500348275162,53.117769329,0.0028118193,-0.012155786,0.15749454
5500368324845,53.137819012,0.007536009,0.002227947,0.15031052
5500388405044,53.157899211,0.009830331,-0.0094861835,0.16227722
5500408424211,53.177918378,0.0072541516,-0.016491815,0.15748501
5500428504411,53.197998578,0.019107759,-0.01170826,0.15748501
5500448523576,53.218017743,0.011809511,-0.0019438863,0.17184544
5500468573259,53.238067426,0.01898313,0.0030025393,0.1742363
5500488622943,53.25811711,0.011787437,0.005431056,0.1550827
5500508672626,53.278166793,0.013972788,8.776784E-4,0.15507698
5500528722309,53.298216476,0.013754391,-0.011043921,0.15746975
5500548771992,53.318266159,0.004095938,-0.02064015,0.1574707
5500568821674,53.338315841,0.011588138,-0.015825003,0.1622591
5500588871357,53.358365524,0.011369387,-0.010905147,0.15746784
5500608921040,53.378415207,0.011156326,-0.0037180036,0.15746689
5500628970723,53.39846489,0.0182306,0.008103922,0.16225815
5500649020407,53.418514574,0.003989307,-0.011185586,0.16704941
5500669070089,53.438564256,0.015970135,0.005620122,0.15747166
5500689119772,53.458613939,0.011161542,-0.023095205,0.1718359
5500709169455,53.478663622,0.004023809,0.0030834973,0.15747356
5500729219138,53.498713305,0.008749282,-0.0065397173,0.15268707
5500749268821,53.518762988,0.015967362,0.015027165,0.15986824
5500769318504,53.538812671,-0.0030815434,0.017107233,0.16466331
5500789398704,53.558892871,0.004099043,0.0027417243,0.16226959
5500809509421,53.579003588,0.001914572,0.01700209,0.15987778
5500829528587,53.599022754,0.0139885815,-0.0024669021,0.16227818
5500849578270,53.619072437,0.014039005,-0.009637132,0.15748978
5500869627953,53.63912212,-1.1678785E-4,-6.03199E-5,0.17424965
5500889677636,53.659171803,-0.005007878,0.009412095,0.16228008
5500909727319,53.679221486,0.009357326,-0.009636804,0.16227818
5500929777001,53.699271168,0.011810388,-0.021654814,0.16706848
5500949826685,53.719320852,0.01413663,-0.0025430322,0.15270329
5500969876368,53.739370535,0.0045967847,-0.014736608,0.15749645
5500989926051,53.759420218,0.016490636,-0.007472202,0.15031147
5501009975734,53.779469901,0.004472321,-4.5146048E-4,0.1718626
5501030025417,53.799519584,-0.00270826,0.0065220445,0.16707802
5501050075099,53.819569266,0.016203785,-0.007812694,0.15510559
5501070124782,53.839618949,0.018583283,-0.03647855,0.16468143
5501090174465,53.859668632,-0.0031446237,-0.014864191,0.16946697
5501110224149,53.879718316,0.0041210577,0.013800085,0.17425728
5501130243314,53.899737481,0.013560926,0.008927882,0.17186451
5501150292997,53.919787164,0.015705803,0.004050657,0.16228962
5501170342681,53.939836848,0.008559113,-0.019829437,0.15510464
5501190392364,53.959886531,-0.0010688696,-0.010077342,0.15510178
5501210442046,53.979936213,0.0012925621,-0.0051265806,0.16228104
5501230491729,53.999985896,0.0011627246,-0.021894276,0.15749264
5501250541412,54.020035579,0.008554745,0.011519834,0.15988922
5501270591095,54.040085262,0.016015768,-0.0055173934,0.15031815
5501290640778,54.060134945,0.004149463,0.006453648,0.16228962
5501310690462,54.080184629,0.008986745,-0.022313192,0.16707993
5501330740144,54.100234311,0.011419781,-0.00797677,0.15750313
5501350789827,54.120283994,0.004201198,-9.5778704E-4,0.16468906
5501370839510,54.140333677,0.013519057,0.013218775,0.16469193
5501390889193,54.16038336,0.015924197,-0.015650123,0.1718769
5501410938876,54.180433043,0.020824544,0.0035443157,0.15511703
5501430988559,54.200482726,0.0062862113,0.02497746,0.15751362
5501451038241,54.220532408,0.0037893448,-0.006251633,0.16230297
5501471087925,54.240582092,0.0037445985,-0.01807949,0.15990543
5501491107090,54.260601257,0.015525311,-0.013105005,0.16469097
5501511156773,54.28065094,0.005905807,0.0058692247,0.15032864
5501531206457,54.300700624,0.01542015,7.9907477E-4,0.1646986
5501551256140,54.320750307,0.010536185,-0.027925745,0.1503334
5501571305823,54.34079999,-0.001475621,0.005434081,0.16948986
5501591355506,54.360849673,0.010551821,5.8330595E-4,0.15512657
5501611405188,54.380899355,0.0082197245,5.0871074E-4,0.16949272
5501631454871,54.400949038,0.015218245,-0.009113282,0.16231155
5501651504554,54.420998721,9.1633946E-4,-0.011351436,0.16709614
5501671554237,54.441048404,0.007950902,4.5199692E-4,0.16949272
5501691603921,54.461098088,6.3130446E-4,-0.013750538,0.15273094
5501711653604,54.481147771,0.012501688,0.019559458,0.16709995
5501731703286,54.501197453,0.019724207,0.0075944066,0.1623106
5501751752969,54.521247136,0.012469144,-0.0021775812,0.15992069
5501771772135,54.541266302,0.00774478,-0.009131119,0.16470432
5501791821818,54.561315985,0.0031157713,-0.01376994,0.16230774
5501811932535,54.581426702,0.005641183,-0.020834938,0.16469955
5501831951702,54.601445869,0.006001396,-0.0016019195,0.16230583
5501852001384,54.621495551,0.01082693,7.5113773E-4,0.16470051
5501872051067,54.641545234,0.0061061904,7.798523E-4,0.14794064
5501892100750,54.661594917,0.008607138,0.007648647,0.15752411
5501912150433,54.6816446,0.00850039,-0.0020331591,0.15752602
5501932200116,54.701694283,-0.005862776,0.019619644,0.1671009
5501952249798,54.721743965,0.015582366,-0.0067162365,0.1671009
5501972299482,54.741793649,0.00850651,-0.0067159384,0.15752411
5501992349165,54.761843332,0.010902753,0.009729639,0.15752983
5502012398848,54.781893015,-0.0059572775,-0.019000188,0.16471195
5502032448531,54.801942698,-9.822007E-4,-0.02630134,0.15992641
5502052498214,54.821992381,0.015931115,-0.009226799,0.16470909
5502072547896,54.842042063,0.017932221,-0.0045568794,0.17428684
5502092597579,54.862091746,0.0012371335,0.0024612248,0.15513706
5502112647262,54.882141429,-0.0036518797,-0.0024312884,0.16471481
5502132696946,54.902191113,0.0035307184,0.016408205,0.16232777
5502152746629,54.922240796,0.0058222637,-0.0028498173,0.16711807
5502172796312,54.942290479,0.0154011175,-0.0077426285,0.1695137
5502192845994,54.962340161,0.005770499,-0.022018433,0.1695118
5502212865161,54.982359328,0.0056160893,-0.012354597,0.16232777
5502232914844,55.002409011,0.007752748,0.0065407306,0.16711998
5502252964526,55.022458693,0.010251658,0.032667533,0.15515327
5502273014209,55.042508376,0.007857457,0.015908122,0.17430687
5502293063892,55.062558059,0.0031778682,-0.034264877,0.16712284
5502313113575,55.082607742,0.0030377451,-0.012451693,0.14796352
5502333163258,55.102657425,0.012663809,-0.017150596,0.15275097
5502353212941,55.122707108,0.015074087,-0.003001988,0.16711998
5502373262624,55.142756791,0.01500226,-6.504208E-4,0.16951466
5502393312307,55.162806474,0.0052588545,0.006359741,0.16472816
5502413361990,55.182856157,0.00557708,0.018017277,0.155159
5502433442190,55.202936357,0.015196275,0.0061468333,0.17191792
5502453461356,55.222955523,0.022268396,-0.015363172,0.16233921
5502473511038,55.243005205,0.005721653,-0.019963294,0.16473007
5502493560722,55.263054889,-0.008673605,-0.01064229,0.16234112
5502513640922,55.283135089,0.017580606,-0.015317097,0.16233826
5502533690605,55.303184772,0.012600589,-0.0106218755,0.16952229
5502553740287,55.323234454,0.012437881,0.022713125,0.1647377
5502573759454,55.343253621,0.014626887,-0.015629783,0.16473675
5502593839654,55.363333821,-0.0069643743,-0.017733335,0.16473103
5502613889337,55.383383504,0.004757,-0.012749329,0.16951561
5502633939020,55.403433187,0.0093903765,-0.0031922609,0.16233349
5502653988702,55.423482869,0.014076123,0.018251136,0.15754604
5502674038385,55.443532552,0.014136292,0.00868018,0.15515137
5502694088068,55.463582235,0.00700845,0.015849665,0.16472816
5502714107234,55.483601401,0.011751794,0.023102686,0.15754509
5502734156917,55.503651084,0.006965451,-0.017703041,0.16473007
5502754206600,55.523700767,0.013951944,-0.031981453,0.16951561
5502774256283,55.54375045,0.008987941,0.0014897138,0.16233444
5502794336483,55.56383065,0.0065478403,0.0035976022,0.15036774
5502814386166,55.583880333,0.0066568274,0.005782634,0.1599493
5502834435849,55.603930016,0.0066609494,0.015255272,0.17192268
5502854485532,55.623979699,0.011344648,0.012756377,0.16713619
5502874535216,55.644029383,0.016181847,-0.01596044,0.15995216
5502894584898,55.664079065,-0.0032315552,-0.03481765,0.16712952
5502914634581,55.684128748,-0.0055515915,-0.025194988,0.16952229
5502934684264,55.704178431,0.0064914282,0.0010261536,0.1695242
5502954733947,55.724228114,0.013836203,0.0079494715,0.16713715
5502974783630,55.744277797,0.004364105,7.6687336E-4,0.17192554
5502994833313,55.76432748,-0.005210642,0.0031613559,0.17431927
5503014882995,55.784377162,0.0018512197,-0.020729795,0.16713619
5503034932679,55.804426846,0.0043203905,-0.02290298,0.17191982
5503054982362,55.824476529,0.0066781435,-0.011020228,0.16473866
5503075032045,55.844526212,0.00917705,0.019894987,0.1623497
5503095081728,55.864575895,0.016308049,0.0029539317,0.15995789
5503115100894,55.884595061,0.0092781205,-0.0067907423,0.1743269
5503135150577,55.904644744,0.016501404,-0.009243086,0.15756893
5503155230776,55.924724943,0.016404403,0.0050589293,0.16714668
5503175280460,55.944774627,0.0093261935,-0.02824451,0.16953659
5503195330143,55.96482431,0.0022646058,-0.023195833,0.16953182
5503215379826,55.984873993,-0.0027975012,-0.020605147,0.16952705
5503235429508,56.004923675,0.01609076,0.0034262985,0.15755367
5503255479191,56.024973358,0.008744495,-0.006174132,0.17431355
5503275528874,56.045023041,-0.0034662057,-0.008501068,0.15515804
5503295578557,56.065072724,-0.0058806147,-0.022628888,0.16233635
5503315628241,56.085122408,0.0034764651,0.0059512258,0.16952038
5503335677924,56.105172091,0.015521191,-0.0036795884,0.16473389
5503355727606,56.125221773,0.015260674,-0.0014433414,0.15755367
5503375807806,56.145301973,-0.0013940334,0.0031356663,0.16234684
5503395857489,56.165351656,0.0010001659,0.0029259324,0.16713905
5503415907173,56.18540134,0.0013163518,-0.011543706,0.16474724
5503435956855,56.205451022,0.020304665,-0.011375055,0.1767149
5503456006538,56.225500705,0.00813783,-0.030357063,0.15995121
5503476056221,56.245550388,-0.001398487,-0.025559738,0.15276909
5503496136421,56.265630588,0.0058447625,0.0055579394,0.15516281
5503516186104,56.285680271,0.0056954324,-0.013484135,0.1647377
5503536235787,56.305729954,0.010334314,-0.006213084,0.16473484
5503556285470,56.325779637,0.012857558,-0.0013272762,0.16952133
5503576335153,56.34582932,0.013088506,-0.0061404854,0.16473484
5503596384836,56.365879003,0.0010709111,-0.004107848,0.1623478
5503616434518,56.385928685,0.0129701365,-0.0089211315,0.16474247
5503636484202,56.405978369,0.017574884,8.138716E-4,0.16713333
5503656564402,56.426058569,0.0032096747,0.0127848685,0.16234493
5503676614084,56.446108251,0.008063195,-0.008842945,0.16952896
5503696663767,56.466157934,7.75883E-4,-0.0017650276,0.16234875
5503716713451,56.486207618,0.010211847,-0.009223878,0.16714191
5503736763134,56.506257301,0.01000243,0.004931897,0.16235733
5503756812817,56.526306984,0.0053166673,-0.004645169,0.16235733
5503776862500,56.546356667,-0.0040486604,0.009510905,0.1671505
5503796942700,56.566436867,-0.0017570946,-0.0048540533,0.16714954
5503817022899,56.586517066,7.4611977E-4,-0.00964193,0.1575737
5503837103100,56.606597267,0.015006468,-0.0071428716,0.16714764
5503857152783,56.62664695,7.440448E-4,-0.0025644451,0.16475773
5503877232982,56.646727149,0.005846562,0.0022239685,0.16475868
5503897282666,56.666776833,-0.0011263154,-0.012350962,0.16476345
5503917332349,56.686826516,0.018177265,-0.012277126,0.17194462
5503937382032,56.706876199,0.015383804,-0.005114138,0.16954994
5503957462231,56.726956398,0.012804424,-0.0027558804,0.16476154
5503977511914,56.747006081,0.0032775216,-0.01247479,0.159976
5503997561598,56.767055765,-0.001508804,0.025728002,0.16955471
5504017611280,56.787105447,0.005671719,-0.005501583,0.17195225
5504037660963,56.80715513,0.012856405,0.011153385,0.16955948
5504057741163,56.82723533,0.005677961,-0.010498598,0.15998459
5504077790846,56.847285013,-0.006099753,-0.019927174,0.16477108
5504097840529,56.867334696,0.0060806666,0.0015159547,0.16477299
5504117890212,56.887384379,0.015394796,-0.0223407,0.16237736
5504137939895,56.907434062,0.008274198,0.011003539,0.1599865
5504157989578,56.927483745,-0.008506538,-0.012882128,0.17435074
5504178039261,56.947533428,-0.013182029,-0.017681211,0.15998554
5504198088943,56.96758311,0.0036777072,-0.010404855,0.15758991
5504218138627,56.987632794,0.027553722,-0.008124948,0.15998554
5504238188310,57.007682477,0.013109921,-0.015295267,0.16716862
5504258237993,57.02773216,-0.0014242195,-0.019816741,0.1671629
5504278287676,57.047781843,-0.015896568,0.003989637,0.16477108
5504298337359,57.067831526,-0.001325326,-0.007901236,0.16716385
5504318387041,57.087881208,0.025010895,0.023118675,0.16237736
5504338436724,57.107930891,0.02254723,0.0014839619,0.17195606
5504358486407,57.127980574,0.00583452,-0.01533705,0.15998554
5504378536091,57.148030258,-0.008319197,0.0012132078,0.16717339
5504398585774,57.168079941,0.0013469178,-0.013429567,0.16239071
5504418635457,57.188129624,0.015771886,-0.0038029552,0.16478443
5504438685139,57.208179306,0.010727306,9.188652E-4,0.16717911
5504458734822,57.228228989,0.013053346,9.549856E-4,0.16478348
5504478784505,57.248278672,0.0011870414,-0.0015438646,0.15999794
5504498834188,57.268328355,0.008423474,-0.023131385,0.16239357
5504518883872,57.288378039,0.013338782,-0.008674815,0.16239166
5504538933555,57.308427722,-9.829197E-4,-0.025390849,0.17436123
5504558983237,57.328477404,0.0038652085,-0.011116251,0.15760422
5504579032920,57.348527087,0.006211102,-0.008506656,0.1623888
5504599082603,57.36857677,0.013334567,-0.0061205328,0.16478252
5504619132286,57.388626453,0.017935958,-0.006339237,0.17436314
5504639181969,57.408676136,0.008270817,-0.0014608055,0.16239071
5504659201135,57.428695302,-0.0059896912,0.0031181872,0.15760708
5504679281335,57.448775502,-0.013279861,-0.018382713,0.16478729
5504699300501,57.468794668,0.008346159,-0.015982598,0.15760517
5504719350183,57.48884435,0.01320973,9.3992054E-4,0.16239071
5504739399867,57.508894034,0.0013413373,0.010307029,0.1600008
5504759449550,57.528943717,-0.012814464,-0.0066618025,0.16718864
5504779499233,57.5489934,0.0062234234,-0.016284093,0.17676544
5504799609950,57.569104117,0.013370294,-0.013914362,0.16958332
5504819659633,57.5891538,0.013299245,-0.01627712,0.16718864
5504839709316,57.609203483,0.011061371,0.0028336048,0.16479492
5504859758998,57.629253165,0.0016484372,-0.01165992,0.16479778
5504879808681,57.649302848,-5.604848E-4,-0.0044228286,0.16958618
5504899858365,57.669352532,0.011683851,2.0222366E-4,0.1600132
5504919908048,57.689402215,0.021077454,-0.011590973,0.1671915
5504939988247,57.709482414,0.011708195,-0.018750325,0.16958618
5504960037930,57.729532097,0.009291995,-0.030507222,0.16240025
5504980087614,57.749581781,0.0022417847,-0.0040305257,0.1647911
5505000137297,57.769631464,0.004682496,-0.0017548054,0.15042782
5505020186980,57.789681147,0.021429818,-0.013593584,0.16239643
5505040267179,57.809761346,0.018896945,-0.0086654425,0.15281677
5505060316863,57.82981103,0.0023547318,-0.001488328,0.16239357
5505080366546,57.849860713,0.0026047807,-0.013471454,0.15760708
5505100416228,57.869910395,0.012085917,-0.020814762,0.16718674
5505120465911,57.889960078,0.016760707,-0.0064206123,0.17676258
5505140515594,57.910009761,0.009566598,-0.015835285,0.17675972
5505160565277,57.930059444,0.0025123358,-0.006240234,0.16239357
5505180614960,57.950109127,0.0072414596,0.0034074336,0.17436314
5505200664643,57.97015881,0.0074889082,-0.0014198571,0.16239357
5505220714326,57.990208493,0.009802459,-0.015784457,0.17197037
5505240764009,58.010258176,0.014576646,-0.020515203,0.17436314
5505260813692,58.030307859,0.0048311204,0.005681306,0.16957664
5505280863375,58.050357542,-0.00466503,-0.0015600473,0.16718483
5505300913058,58.070407225,0.009907499,0.010201275,0.15521812
5505320962741,58.090456908,0.012461611,-0.00662823,0.16000843
5505341012423,58.11050659,0.014767941,-0.011350155,0.16000652
5505361062107,58.130556274,0.0053484123,-0.004332781,0.15761662
5505381142307,58.150636474,-0.0017701965,-0.018830344,0.1600132
5505401191989,58.170686156,0.0030759294,-0.016422719,0.16719627
5505421241672,58.190735839,0.0029446725,-0.0019892305,0.17198277
5505441291356,58.210785523,0.012364625,0.0027568787,0.17677212
5505461341039,58.230835206,0.012195435,-0.021397457,0.1648035
5505481390722,58.250884889,0.016855894,-0.026177123,0.1648035
5505501409887,58.270904054,0.009533802,-0.023515835,0.16240406
5505521459571,58.290953738,-0.0048065763,-0.01867403,0.16958523
5505541509254,58.311003421,-0.0026585609,0.0029118657,0.16479492
5505561558936,58.331053103,0.0020975936,-0.01153262,0.1719799
5505581608619,58.351102786,0.006756326,0.002894789,0.1624012
5505601658302,58.371152469,0.011599173,-0.011382639,0.17197704
5505621707985,58.391202152,0.013919676,-0.016051874,0.17915535
5505641757668,58.411251835,0.009032669,-0.023037493,0.15760422
5505661807352,58.431301519,0.0020923,-0.008729801,0.16718292
5505681857034,58.451351201,-2.4987943E-4,-0.011083558,0.16718292
5505701906717,58.471400884,0.021430422,-0.0015118569,0.17675972
5505721986917,58.491481084,0.019130774,-0.0065039396,0.16718769
5505742036601,58.511530768,0.0070613883,-0.0019396096,0.16958523
5505762086283,58.53158045,-8.060224E-5,4.1656196E-4,0.16240406
5505781827032,58.551321199,-0.009785878,-0.021146894,0.17198086
5505801907232,58.571401399,0.016606782,3.633052E-4,0.16958714
5505821987432,58.591481599,0.023701044,-0.002067104,0.18395233
5505842037114,58.611531281,0.016401498,-0.018821016,0.18155766
5505862086798,58.631580965,0.0044802334,0.009842232,0.16958904
5505882136481,58.651630648,-1.3451837E-4,-0.004700452,0.17438126
5505902186164,58.671680331,-0.0072372016,-0.011834443,0.1695919
5505922235847,58.691730014,0.019130792,-0.023776278,0.15522575
5505942285530,58.711779697,0.030850388,-0.006985754,0.18634987
5505962365730,58.731859897,-0.0025445502,-0.0043849647,0.15282726
5505982415413,58.75190958,-0.0071617775,-0.009408981,0.15762138
5506002465096,58.771959263,-8.387305E-5,0.007141009,0.17438412
5506022514778,58.792008945,0.021110449,-1.3306737E-5,0.15762329
5506042564461,58.812058628,0.028285954,-0.0024623424,0.17438316
5506062614144,58.832108311,0.013904713,-0.026292086,0.15522766
5506082663827,58.852157994,-0.00523434,-0.016572714,0.16959
5506102713511,58.872207678,0.00678993,0.0073192716,0.16480255
5506122793710,58.892287877,0.0022130348,0.02137065,0.1672039
5506142843393,58.91233756,0.023749046,-0.043342322,0.16481018
5506162893076,58.932387243,0.013821779,-0.023769125,0.16719532
5506182942760,58.952436927,0.008901298,-0.011806488,0.16719532
5506202992442,58.972486609,0.0090132,-0.0070912093,0.16959095
5506223072642,58.992566809,0.01625214,-0.016471252,0.16958714
5506243122325,59.012616492,-5.4859556E-4,0.024360597,0.15761471
5506263172009,59.032666176,0.001738809,0.024255604,0.16719246
5506283221691,59.052715858,0.0041351095,1.0447204E-4,0.16719723
5506303271374,59.072765541,0.016080333,-0.018925577,0.17198277
5506323321057,59.092815224,0.01852026,0.009817839,0.16240597
5506343370740,59.112864907,0.0044193584,-0.011698991,0.16958809
5506363420423,59.13291459,0.00444901,-0.028347254,0.15761566
5506383470105,59.152964272,0.006880626,0.005244732,0.16479683
5506403519788,59.173013955,0.021051012,0.019518971,0.16000938
5506423569472,59.193063639,0.02587824,-0.009365603,0.16958904
5506443619155,59.213113322,0.018592063,-0.040298387,0.16958523
5506463668838,59.233163005,-0.014935864,-0.03770645,0.16479206
5506483718521,59.253212688,-0.017239813,-0.0065840483,0.1576109
5506503768203,59.27326237,0.013740538,-0.0019753128,0.15761471
5506523848404,59.293342571,0.023135185,0.007573068,0.16958523
5506543898087,59.313392254,0.015893301,0.007499635,0.16719246
5506563947770,59.333441937,-0.0033117384,-0.011593878,0.15282631
5506583966936,59.353461103,0.008565364,-0.049748704,0.17436981
5506604047135,59.373541302,0.013230845,-0.025390968,0.16717911
5506624096818,59.393590985,0.04173813,0.010486901,0.16717911
5506644146502,59.413640669,0.0012560021,0.024779662,0.18394089
5506664196185,59.433690352,-0.008211924,8.381456E-4,0.17675781
5506684245867,59.453740034,0.0014716741,-0.011237249,0.16718388
5506704295550,59.473789717,0.0012560021,-0.008948594,0.17676163
5506724345233,59.4938394,0.015359053,-0.00648275,0.17197227
5506744394916,59.513889083,0.01801226,0.0149786025,0.17676258
5506764444599,59.533938766,0.016164921,-0.018480718,0.15760899
5506784555316,59.554049483,0.01156707,-0.025524095,0.15760708
5506804605000,59.574099167,0.02318232,0.0031966418,0.17436504
5506824685199,59.594179366,0.006352823,0.015085638,0.174366
5506844765399,59.614259566,0.0062972642,0.010095432,0.17437077
5506864815082,59.634309249,-0.00558885,-0.021108687,0.16719055
5506884864765,59.654358932,0.0063420534,-0.011471376,0.17197704
5506904914448,59.674408615,0.018246196,-0.01160036,0.1719799
5506924964131,59.694458298,0.020511732,-0.021234632,0.17437458
5506945013814,59.714507981,-0.0010071993,-0.0070599914,0.15283012
5506965063496,59.734557663,-8.3998963E-4,-0.0046816617,0.15761948
5506985113180,59.754607347,0.0062793996,-0.021397889,0.16480064
5507005193380,59.774687547,0.018142216,-0.023786813,0.17437744
5507025243062,59.794737229,0.017984783,-0.021226227,0.1671915
5507045292745,59.814786912,-0.003544869,-0.011649117,0.15043163
5507065342429,59.834836596,-0.0011024605,-0.011679605,0.16958618
5507085392112,59.854886279,0.0061377455,-0.004575193,0.1552229
5507105441795,59.874935962,0.022684082,-0.011808217,0.15282917
5507125521994,59.895016161,0.017841302,-0.018984199,0.17437649
5507145571678,59.915065845,0.003296731,1.7216802E-4,0.16240501
5507165621361,59.935115528,-0.0015467592,-0.014183283,0.16001034
5507185671044,59.955165211,0.005778663,-0.019014418,0.1504345
5507205720726,59.975214893,0.010696628,-0.012088701,0.16959381
5507225770409,59.995264576,0.017796649,0.009432703,0.16480541
5507245850610,60.015344777,0.0056634564,0.0020932257,0.17199135
5507265900293,60.03539446,-0.0016197953,0.004278168,0.16241932
5507285949975,60.055444142,7.786136E-4,0.0038598925,0.15763855
5507305999658,60.075493825,0.014833922,0.0014662147,0.162426
5507326049341,60.095543508,0.0053639226,-0.008005619,0.16960621
5507346099024,60.115593191,0.005261328,-0.0010321587,0.17439938
5507366148707,60.135642874,-0.003997151,-0.01071316,0.16243172
5507386198391,60.155692558,0.012948144,-0.005893573,0.15285492
5507406278590,60.175772757,0.012910958,-0.008243158,0.17440033
5507426328273,60.19582244,0.012944136,-0.008271828,0.17440128
5507446377956,60.215872123,0.007969094,-0.024894685,0.15763855
5507466427639,60.235921806,0.0030120779,-8.571297E-4,0.16242504
5507486477322,60.255971489,0.007762136,0.006263882,0.15524292
5507506527005,60.276021172,0.010115202,0.0014025718,0.1624279
5507526576688,60.296070855,-0.001539588,-9.913594E-4,0.16482258
5507546626371,60.316120538,0.015161734,-0.005626306,0.16242504
5507566676054,60.336170221,9.033289E-4,0.0016612858,0.16960621
5507586725736,60.356219903,9.0543367E-4,-0.008334085,0.17679691
5507606775420,60.376269587,0.012836423,-0.00828889,0.15524769
5507626825103,60.39631927,0.0077968463,-0.010832995,0.16243267
5507646905302,60.416399469,0.0031152554,0.008320913,0.16482735
5507666954985,60.436449152,0.0077378303,-0.03692305,0.16482162
5507687004669,60.456498836,0.007460963,-0.012939125,0.17679214
5507707054352,60.476548519,0.0050092824,-0.0056352615,0.16242409
5507727104035,60.496598202,0.01213715,-0.0057602525,0.1672144
5507747153718,60.516647885,0.0071769785,-0.008047178,0.16721249
5507767203400,60.536697567,2.51811E-4,-0.029423445,0.16002655
5507787253083,60.55674725,-0.0020749979,-0.0053324252,0.15523529
5507807302766,60.576796933,0.024052775,-0.022001445,0.16480923
5507827352449,60.596846616,0.0048321877,-2.3393333E-4,0.16241074
5507847402133,60.6168963,0.01660554,-0.0096889585,0.16959095
5507867451816,60.636945983,0.0022564083,-0.026462898,0.16959095
5507887501498,60.656995665,-7.5027347E-6,-0.026206627,0.15522099
5507907551181,60.677045348,-0.002125578,-0.0044891536,0.1671896
5507927600864,60.697095031,0.0075239055,2.6907027E-4,0.16958332
5507947650547,60.717144714,2.0525232E-4,-0.011696979,0.1671896
5507967700230,60.737194397,-0.0021112077,-0.025896475,0.16479206
5507987749914,60.757244081,0.009819829,-0.008890465,0.17197037
5508007799596,60.777293763,0.009874913,-0.0064902008,0.16239357
5508027849279,60.797343446,0.012112118,8.740127E-4,0.16478252
5508047898962,60.817393129,0.004689317,0.0033036023,0.15759945
5508067948645,60.837442812,0.002190411,0.0056978315,0.16238785
5508087998328,60.857492495,0.0020877924,-0.0061682314,0.17435646
5508108048010,60.877542177,0.011505473,-0.027608454,0.17195988
5508128128211,60.897622378,0.0045789033,-0.02007334,0.16477013
5508148177894,60.917672061,0.00452736,-0.019822463,0.16237068
5508168227577,60.937721744,-3.0833296E-4,-0.029162467,0.16236687
5508188277259,60.957771426,0.0068084337,-0.024065867,0.16954231
5508208357460,60.977851627,0.0017631631,-0.0025244504,0.16714859
5508228407143,60.99790131,-4.4573285E-4,-1.8760562E-5,0.16235733
5508248456825,61.017950992,0.016345205,-0.023877904,0.16714478
5508268506508,61.038000675,-0.005128246,1.7404556E-4,0.16235447
5508288556191,61.058050358,-3.4190528E-4,0.0073564053,0.1551714
5508308605875,61.078100042,-4.4454075E-4,-0.0023248494,0.1647501
5508328655558,61.098149725,0.009003979,-0.014121667,0.17432308
5508348705241,61.118199408,0.018626198,-0.011639088,0.16474438
5508368785440,61.138279607,0.0021184422,-0.018485278,0.17431545
5508388835124,61.158329291,-0.0075827558,-0.009012833,0.15516376
5508408884807,61.178378974,0.0017715637,-0.008920163,0.17670918
5508428934489,61.198428656,0.018696405,0.0031099468,0.16713238
5508448984172,61.218478339,0.011468457,0.0031437427,0.16713047
5508469033855,61.238528022,0.006573284,0.0055376887,0.17191887
5508489083538,61.258577705,0.0066284575,-0.011275426,0.1647377
5508509133221,61.278627388,-0.005367819,-0.013620794,0.16234303
5508529182905,61.298677072,0.0043116156,0.007822081,0.16952705
5508549232587,61.318726754,0.016137859,-0.020952195,0.15995121
5508569282270,61.338776437,0.011279397,-0.015946776,0.16952324
5508589331953,61.35882612,0.001667561,0.0056489706,0.16233921
5508609412153,61.37890632,-0.007699834,0.0030453652,0.16234493
5508629431319,61.398925486,-0.0076973084,-0.02321674,0.16234303
5508649481002,61.418975169,0.011326546,-0.030045107,0.17670155
5508669530684,61.439024851,0.013980024,-0.003789425,0.16952038
5508689610885,61.459105052,0.011400066,-0.020476311,0.15754795
5508709660568,61.479154735,0.0041791275,0.0036345124,0.17191029
5508729710250,61.499204417,-0.0030312128,-0.003473252,0.1743021
5508749759933,61.5192541,0.0066503063,0.010682493,0.16951847
5508769809617,61.539303784,0.016124463,0.022444397,0.15755081
5508789859300,61.559353467,0.004104851,-0.0374431,0.17191696
5508809878465,61.579372632,-0.009958275,-0.008569345,0.16712666
5508829928149,61.599422316,-0.009748431,-0.0059971362,0.16472816
5508850038866,61.619533033,0.007000163,-0.01558499,0.16472816
5508870088549,61.639582716,0.007088585,-0.0011689216,0.17669964
5508890138232,61.659632399,0.00719535,0.04182227,0.16473007
5508910187915,61.679682082,0.0073021147,-0.0013778359,0.16952133
5508930237597,61.699731764,0.0074088816,-0.022925392,0.15755081
5508950287280,61.719781447,1.9943714E-4,-0.022758678,0.15994167
5508970367481,61.739861648,0.0023801122,0.0011828393,0.157547
5508990417163,61.75991133,0.0095325885,-0.008341879,0.15993977
5509010466846,61.779961013,0.018921208,-0.017595798,0.17429829
5509030516529,61.800010696,0.019016411,-0.0055190623,0.16471958
5509050566212,61.820060379,0.0047777034,-0.0031552017,0.16711521
5509070615895,61.840110062,0.00472839,-0.00300318,0.16232395
5509090665579,61.860159746,0.002189286,-0.010130972,0.17668724
5509110715261,61.880209428,0.002368059,-0.012465626,0.16950321
5509130764944,61.900259111,-0.009182075,0.004189357,0.17190075
5509150814627,61.920308794,0.024581688,-0.017058551,0.16231918
5509170864310,61.940358477,0.010373018,-2.477467E-4,0.15513515
5509190944510,61.960438677,0.01499128,0.0042642057,0.16471767
5509210994193,61.98048836,0.0028737038,-0.0026772618,0.16950035
5509231043876,62.000538043,0.002807686,-0.035952047,0.17189026
5509251093559,62.020587726,0.009825327,-0.004723832,0.16709995
5509271143242,62.040637409,0.0052442886,0.026295811,0.16470718
5509291192924,62.060687091,-0.0019342285,0.0023543388,0.17428398
5509311242608,62.080736775,0.0055382103,-0.026211709,0.16470432
5509331292291,62.100786458,0.012567781,-0.011779964,0.16949177
5509351341974,62.120836141,0.010143855,2.257973E-4,0.16709709
5509371391657,62.140885824,-0.0016727839,-0.025770843,0.1551199
5509391441340,62.160935507,-0.006385777,-0.030164242,0.16708374
5509411491022,62.180985189,0.010435718,-0.005969465,0.16947174
5509431540705,62.201034872,0.010280724,0.0011971891,0.15989494
5509451590388,62.221084555,0.01023317,0.0060346127,0.16468334
5509471640072,62.241134239,0.01283882,0.015506908,0.17186832
5509491689755,62.261183922,-0.00391653,0.0035364479,0.16229153
5509511739438,62.281233605,-0.0041300077,0.008324325,0.16947365
5509531789120,62.301283287,0.017208394,-0.008435085,0.16229057
5509551838803,62.32133297,0.014970206,-0.01297985,0.17186356
5509571888486,62.341382653,6.0499646E-4,-0.0035077333,0.16468143
5509591938169,62.361432336,-0.006368194,0.008253828,0.1646862
5509611987853,62.38148202,8.144118E-4,0.003465429,0.1646862
5509632037535,62.401531702,0.012678683,0.00336048,0.17187119
5509652087218,62.421581385,9.130165E-4,-0.0013237447,0.17665863
5509672136901,62.441631068,0.015175549,-0.013189733,0.17186832
5509692186584,62.461680751,-0.0014791545,-0.010795578,0.16229153
5509712236267,62.481730434,0.005808156,0.01064752,0.16468716
5509732285950,62.501780117,-0.001481194,-0.0063215345,0.16708565
5509752366150,62.521860317,7.056352E-4,0.0032555014,0.17426682
5509772415833,62.54191,0.005703764,0.0056497157,0.15750885
5509792465516,62.561959683,0.012993114,0.012727872,0.15511608
5509812515199,62.582009366,0.0010221079,-0.020686224,0.16469097
5509832564881,62.602059048,-0.0036615897,-0.006530449,0.16709042
5509852645082,62.622139249,0.0035250913,0.0077305883,0.16469765
5509872694765,62.642188932,9.232033E-4,-0.02099955,0.16948509
5509892744447,62.662238614,0.010475119,-0.0066847205,0.16709232
5509912794130,62.682288297,0.010334688,4.4037402E-4,0.17667007
5509932843814,62.702337981,0.01023203,0.009807989,0.16949177
5509952893497,62.722387664,-0.00403052,0.004809931,0.16949558
5509972943180,62.742437347,0.008047238,0.011783376,0.17907715
5509992992863,62.76248703,0.012882177,-0.03363268,0.15273952
5510013042545,62.782536712,0.015293829,-0.023928717,0.16949558
5510033092228,62.802586395,0.00793202,-0.0071641505,0.17907143
5510053141911,62.822636078,0.00540312,0.01659286,0.16949844
5510073191595,62.842685762,6.147176E-4,0.013884544,0.17429352
5510093241278,62.862735445,0.0053004622,0.0019137859,0.162323
5510113290961,62.882785128,0.0075899623,-0.0030840337,0.17669106
5510133340643,62.90283481,0.0077442434,-0.022163063,0.16232586
5510153390326,62.922884493,6.378256E-4,-0.012728959,0.15753937
5510173440009,62.942934176,0.007895835,0.0039682537,0.1695118
5510193489692,62.962983859,6.1468594E-4,0.006258562,0.1503601
5510213539375,62.983033542,0.007799348,-0.0059215873,0.16472912
5510233589058,63.003083225,0.012539968,-0.017932862,0.15994167
5510253638741,63.023132908,0.010077014,-0.013144389,0.1671238
5510273688424,63.043182591,0.002748251,0.005955845,0.16951847
5510293738107,63.063232274,0.0027314387,-0.006196648,0.16234016
5510313787790,63.083281957,0.0050209407,9.859353E-4,0.17191696
5510333837473,63.10333164,-0.0020548943,-0.0041163564,0.15995216
5510353887155,63.123381322,0.009974242,-0.020877212,0.16234684
5510373936839,63.143431006,0.012185067,-0.032740444,0.1695261
5510393986522,63.163480689,3.6260486E-4,-0.013492957,0.16713047
5510414036205,63.183530372,4.426688E-4,0.010302007,0.16952801
5510434085888,63.203580055,0.002922913,-0.004216194,0.15995407
5510454166088,63.223660255,0.0027981158,-0.013827115,0.15756035
5510474185253,63.24367942,-0.006679382,-0.008978918,0.15756035
5510494265454,63.263759621,-0.00417543,-0.016053885,0.16234684
5510514315137,63.283809304,0.0077752825,-0.020788103,0.15995026
5510534364819,63.303858986,0.01960583,0.0077893585,0.1623478
5510554414502,63.323908669,0.007703619,0.0029360205,0.16953182
5510574464185,63.343958352,7.324908E-4,-0.0019568205,0.1719284
5510594513868,63.364008035,0.015256003,-0.009295613,0.16953754
5510614563552,63.384057719,0.022408182,-0.02123043,0.17671967
5510634613235,63.404107402,-0.0014976915,-0.006772727,0.15756416
5510654662917,63.424157084,-0.008711902,-0.018725261,0.16235256
5510674712600,63.444206767,-0.0039353613,0.005360335,0.17432022
5510694792801,63.464286968,8.571707E-4,0.021910861,0.16235352
5510714842484,63.484336651,0.007832123,0.0023380518,0.1671505
5510734892166,63.504386333,0.017413067,-0.009527683,0.16714764
5510754941849,63.524436016,6.249994E-4,-0.019254908,0.1671505
5510774991532,63.544485699,6.010309E-4,-0.012107745,0.15757465
5510795102249,63.564596416,0.0030745491,-0.0025801957,0.15996933
5510815182449,63.584676616,0.01011663,-0.014577121,0.1767292
5510835232132,63.604726299,0.012367271,0.009297073,0.17433548
5510855251298,63.624745465,0.0075320844,-0.0053344667,0.1647644
5510875300981,63.644795148,0.0077919457,-0.017327234,0.16716003
5510895350664,63.664844831,-0.00157753,0.018794939,0.18870354
5510915430864,63.684925031,-0.005942963,-0.0026476532,0.18391418
5510935480547,63.704974714,0.025859425,-0.0051089525,0.20067692
5510955530230,63.725024397,0.031009957,-0.012101039,0.15757942
5510975579913,63.74507408,0.031064775,0.0023404956,0.13842392
5510995629596,63.765123763,0.0063350443,-0.02149196,0.14560223
5511015679279,63.785173446,-0.006258685,-0.023727775,0.16235638
5511035728961,63.805223128,0.012707712,0.005089119,0.18390179
5511055778644,63.825272811,0.010547231,0.0053536743,0.1671381
5511075858845,63.845353012,0.0132898465,-0.0018907338,0.16474533
5511095908528,63.865402695,0.01080989,-0.01607205,0.1623478
5511115958210,63.885452377,0.015365204,-0.023109332,0.15516186
5511136007893,63.90550206,0.003404893,-0.013493404,0.15755558
5511156057576,63.925551743,0.017666526,-0.0013154745,0.15755081
5511176107260,63.945601427,0.005806919,-0.017940462,0.1719141
5511196156943,63.96565111,0.0033625383,0.0036689043,0.17430687
5511216206626,63.985700793,0.005809689,-0.010417074,0.15035915
5511236256308,64.005750475,0.015211482,-0.0056555867,0.17190742
5511256305991,64.025800158,0.017412735,0.0113529265,0.15514278
5511276355674,64.045849841,0.009933247,0.0040937513,0.16711521
5511296405357,64.065899524,0.0025876667,-0.0243624,0.16950226
5511316455041,64.085949208,0.0049062073,-0.031381473,0.15992165
5511336504723,64.10599889,0.011977969,-0.028631106,0.16709805
5511356584923,64.12607909,-1.7531775E-4,-0.016620368,0.1575203
5511376634606,64.146128773,-0.00270883,1.771748E-4,0.16709614
5511396684290,64.166178457,0.002188364,0.012044027,0.16949177
5511416733972,64.186228139,0.002190411,0.007255897,0.15991497
5511436783655,64.206277822,0.004796071,-0.0049242824,0.15034294
5511456833338,64.226327505,0.009544424,-0.028460622,0.15272999
5511476913537,64.246407704,0.0023267958,-0.016584083,0.17188454
5511496963221,64.266457388,0.0070740227,-0.013958424,0.16709137
5511517012904,64.286507071,0.009429923,0.005054727,0.17427635
5511537062587,64.306556754,0.0021166392,1.0274351E-4,0.17667484
5511557112270,64.326606437,0.014133416,-0.011689484,0.17188263
5511577161953,64.34665612,0.0044166055,-0.0069500506,0.16948795
5511597211635,64.366705802,-0.009855734,-0.009180605,0.16230297
5511617261318,64.386755485,0.0069761854,-0.02580306,0.16230106
5511637311002,64.406805169,0.0018433388,-0.025597587,0.15990067
5511657391201,64.426885368,0.00411913,0.012663305,0.16947842
5511677440884,64.446935051,0.011269553,-0.009015188,0.16229916
5511697490567,64.466984734,-0.0030895341,0.003061235,0.16708565
5511717509733,64.4870039,0.00190828,-0.0041213334,0.15990257
5511737589934,64.507084101,-3.8137473E-4,-0.006411001,0.16708374
5511757639617,64.527133784,0.013948487,-0.008538514,0.1646843
5511777689299,64.547183466,-0.002810929,-0.0013558716,0.1551075
5511797738982,64.567233149,0.0018747989,0.0010385811,0.16228962
5511817788665,64.587282832,-3.09987E-4,-0.008642942,0.1694746
5511837838348,64.607332515,0.0044804495,-0.008537993,0.15750313
5511857888031,64.627382198,0.004561914,-0.020627901,0.1646862
5511877998749,64.647492916,0.0021492764,-0.013255268,0.16947174
5511898048432,64.667542599,0.009303677,-0.010772467,0.16228771
5511918098114,64.687592281,-1.97405E-4,-0.02030997,0.15989208
5511938147797,64.707641964,0.0022008587,0.015498906,0.16228867
5511958197480,64.727691647,0.021360574,0.013105422,0.17665386
5511978247163,64.74774133,0.0044984836,0.01570931,0.15510178
5511998296846,64.767791013,-0.0051850565,0.013524249,0.15749168
5512018346529,64.787840696,0.009387535,0.0038425475,0.16707134
5512038396212,64.807890379,0.0023076162,-0.008128777,0.17425442
5512058445895,64.827940062,0.0025170278,-0.013021842,0.1670742
5512078495578,64.847989745,-0.004665574,-0.005734578,0.1718607
5512098545261,64.868039428,2.2347085E-4,0.0015522391,0.16946411
5512118594944,64.888089111,5.375985E-4,0.0016569346,0.15988636
5512138644627,64.908138794,0.017504387,-0.003026992,0.16227913
5512158694309,64.928188476,0.008100167,-0.022026837,0.16945839
5512178743993,64.94823816,0.0032859445,-5.515218E-4,0.16706657
5512198793676,64.968287843,-0.0013104659,-0.0076978803,0.1694603
5512218843359,64.988337526,0.0011904668,-0.0029091984,0.16227818
5512238893042,65.008387209,0.005876189,0.013641059,0.17664719
5512258942724,65.028436891,0.0012972038,0.011037454,0.16946888
5512278992407,65.048486574,-9.902623E-4,-0.02269052,0.16229153
5512299072608,65.068566775,-0.008172864,-0.00603579,0.16708088
5512319122291,65.088616458,0.01098075,0.0014613867,0.16468048
5512339171973,65.10866614,0.0036671925,-0.03434062,0.17186165
5512359221656,65.128715823,0.015787914,-0.010179833,0.1646738
5512379271339,65.148765506,-0.0054758973,-5.21034E-4,0.14791489
5512399321022,65.168815189,0.001914097,0.006870717,0.16466999
5512419370706,65.188864873,0.006704528,0.0069757104,0.17424488
5512439420389,65.208914556,0.0021255352,-0.0049952567,0.16706276
5512459470071,65.228964238,0.0024396554,-1.02207065E-4,0.15509033
5512479519754,65.249013921,0.012435288,-0.0024964064,0.16227436
5512499569437,65.269063604,0.005462097,0.009579331,0.1622734
5512519619120,65.289113287,0.012644702,0.0048956126,0.1526947
5512539699320,65.309193487,0.012596191,-0.011841148,0.16227055
5512559749003,65.32924317,0.012623602,-0.01168333,0.17184448
5512579798686,65.349292853,0.007868128,-0.006732136,0.15987015
5512599848369,65.369342536,0.007808542,4.8744678E-4,0.16944599
5512619898052,65.389392219,0.017191106,0.007593021,0.17902374
5512639947735,65.409441902,0.015022708,-0.004346147,0.16226482
5512659997418,65.429491585,0.0030877795,-0.0021299273,0.15748024
5512680047101,65.449541268,0.0079206005,-0.018828139,0.17423725
5512700096784,65.469590951,0.015213465,-0.009166941,0.16226578
5512720146467,65.489640634,0.007977026,0.0050261766,0.15748024
5512740226667,65.509720834,0.005744327,3.69668E-4,0.15029526
5512760276350,65.529770517,0.0033521447,0.01952359,0.16226673
5512780326033,65.5498202,0.015687104,-0.0042013824,0.1598692
5512800375716,65.569869883,0.011256183,4.924983E-4,0.16705513
5512820425398,65.589919565,0.0018827431,-0.0019025803,0.16466045
5512840475081,65.609969248,-0.002696244,0.0030952394,0.17423439
5512860524764,65.630018931,0.00948015,-0.016163692,0.1742363
5512880574448,65.650068615,0.0049031693,0.010172814,0.16226673
5512900624131,65.670118298,0.0026116706,0.0150655955,0.16705418
5512920673814,65.690167981,0.007500749,0.0030940175,0.17184258
5512940723496,65.710217663,6.3227303E-4,-0.01824443,0.15986729
5512960773179,65.730267346,0.003133187,0.005697906,0.16705036
5512980822862,65.750317029,0.00573479,8.044541E-4,0.1598711
5513000872545,65.770366712,0.02253575,0.003209889,0.1598711
5513020952745,65.790446912,0.022733795,0.008206949,0.16226196
5513041002428,65.810496595,0.013260806,-0.0036475807,0.16944218
5513061052111,65.830546278,0.010762215,-0.0036230832,0.15986443
5513081132311,65.850626478,0.005879216,-0.029765218,0.17183208
5513101181994,65.870676161,-0.0015596412,-0.010741517,0.1670456
5513121231677,65.890725844,0.007969098,-0.008379251,0.15986252
5513141281360,65.910775527,0.01748242,0.017882243,0.15507603
5513161331043,65.93082521,0.007956773,0.017566085,0.16465855
5513181411243,65.95090541,0.010297684,-0.008963585,0.17184544
5513201460926,65.970955093,0.012616189,-0.013596877,0.16226578
5513221510609,65.991004776,0.010249209,8.081645E-4,0.17423534
5513241560292,66.011054459,0.007901378,0.017256096,0.15748215
5513261609974,66.031104141,0.017504506,0.00278984,0.1718502
5513281690175,66.051184342,0.017383758,0.0026897192,0.15509129
5513301739858,66.071234025,0.012617765,0.002588436,0.17185307
5513321789540,66.091283707,-0.0018521454,-0.004803583,0.1694622
5513341839223,66.11133339,0.015124544,-0.031143874,0.1646738
5513361888907,66.131383074,0.005570732,5.8442354E-5,0.16706753
5513381938590,66.151432757,0.005735051,0.009556681,0.16228104
5513401988273,66.17148244,0.0011560582,0.018819362,0.15271091
5513422068472,66.191562639,0.027500628,-0.007705122,0.16229153
5513442118156,66.211612323,0.036549285,0.03043726,0.17905235
5513462167839,66.231662006,0.01922703,0.039935723,0.1598978
5513482217522,66.251711689,0.09721491,-0.0940298,0.14792252
5513502267204,66.271761371,-0.021670366,0.058110997,0.1886015
5513522316887,66.291811054,-0.07808414,-0.0015486628,0.07372475
5513542366570,66.311860737,7.6478533E-4,-0.106297694,0.1814518
5513562416253,66.33191042,0.071502395,0.010974854,0.2340765
5513582465936,66.351960103,0.06368235,0.13500522,0.119208336
5513602515620,66.372009787,0.006127715,0.028134987,0.15993881
5513622565302,66.392059469,-0.048960287,-0.10612368,0.2197504
5513642614985,66.412109152,-0.032096174,0.008902758,0.15749931
5513662664668,66.432158835,0.022964366,0.050636306,0.13597775
5513682714351,66.452208518,0.065720394,-0.059032828,0.17667007
5513702764034,66.472258201,0.029140906,-0.07660418,0.20057964
5513722813717,66.492307884,-0.028110515,0.071103394,0.15270996
5513742863400,66.512357567,-0.03713882,0.07201223,0.1359806
5513762943600,66.532437767,0.032403857,-0.049567685,0.16948986
5513782962766,66.552456933,0.041549988,-0.062408596,0.20297813
5513803012449,66.572506616,0.0128786275,0.018566027,0.15031338
5513823092649,66.592586816,-0.017983014,-0.022444174,0.16707993
5513843142332,66.612636499,-0.003871927,-0.05039008,0.17664146
5513863192015,66.632686182,0.015368668,0.04009205,0.16468048
5513883241698,66.652735865,0.0152639,0.09422192,0.15033245
5513903321898,66.672816065,0.01789979,-0.030406356,0.16948986
5513923371581,66.692865748,0.0033887178,-0.10328793,0.17664528
5513943421264,66.712915431,0.0033769011,-0.019036204,0.1622715
5513963470947,66.732965114,0.020278504,0.047092706,0.14313602
5513983520629,66.753014796,0.024728136,-0.0058270693,0.16947556
5514003570312,66.773064479,0.012626675,-0.005234644,0.17664719
5514023619995,66.793114162,0.005254185,0.039802402,0.14792442
5514043669678,66.813163845,0.017222816,-0.008395657,0.1622963
5514063719362,66.833213529,0.017127972,-0.06736231,0.17424965
5514083769045,66.853263212,0.0027093329,-0.026358426,0.16227245
5514103818727,66.873312894,-0.016134206,0.042549357,0.1622839
5514123868410,66.893362577,5.265791E-4,-0.012830541,0.14792442
5514143918093,66.91341226,0.024163267,-0.038766444,0.17185783
5514163967776,66.933461943,0.035791144,0.045039102,0.16228008
5514184017459,66.953511626,0.014277801,0.05156757,0.17186928
5514204067143,66.97356131,-0.019343704,-0.025046557,0.1598978
5514224116825,66.993610992,-0.021733837,-0.036598235,0.1622839
5514244166508,67.013660675,-0.005162513,-0.022435933,0.11919212
5514264246708,67.033740875,0.008785905,0.022740036,0.22693539
5514284265874,67.053760041,0.016265584,-0.015310869,0.24129581
5514304346074,67.073840241,0.013055506,0.020812705,0.14792347
5514324395757,67.093889924,0.0025025941,0.04198526,0.10962772
5514344445440,67.113939607,-0.004575301,-0.018183932,0.13597012
5514364495123,67.13398929,0.006603377,-0.074554004,0.21974373
5514384544806,67.154038973,0.0046761073,-0.01427792,0.18621826
5514404594488,67.174088655,0.0012180675,0.0066310316,0.15750408
5514424644171,67.194138338,-0.007827107,0.023077652,0.15272331
5514444724372,67.214218539,-0.005632164,0.015896633,0.15751076
5514464774055,67.234268222,0.017865406,0.039684996,0.17427158
5514484823737,67.254317904,0.032156326,-0.027449176,0.21736908
5514504873420,67.274367587,0.060876995,-0.048735887,0.25806522
5514524953621,67.294447788,0.07473004,-0.041056305,0.095249176
5514545003303,67.31449747,0.020159213,0.027828887,0.08328247
5514565052986,67.334547153,-0.020607786,0.022744656,0.18623352
5514585133187,67.354627354,-0.00978652,0.006194979,0.2269268
5514605182869,67.374677036,0.019316576,0.010872796,0.16468048
5514625232552,67.394726719,0.015055234,-0.013355747,0.12159157
5514645312753,67.41480692,-0.028263025,-0.029728353,0.176651
5514665362436,67.434856603,-0.03613487,0.003935352,0.19101143
5514685412118,67.454906285,-0.010173943,0.0036466569,0.176651
5514705461801,67.474955968,0.023558358,0.0010435432,0.15750217
5514725511484,67.495005651,0.018669318,9.393245E-4,0.13835049
5514745561167,67.515055334,-0.022239488,0.005623281,0.15989971
5514765610851,67.535105018,-0.02408769,6.350279E-4,0.13356304
5514785691050,67.555185217,-0.0028158687,-0.013805613,0.14074612
5514805771250,67.575265417,-0.0015772283,3.4962595E-4,0.18623734
5514825820933,67.5953151,-0.019018598,0.017319262,0.18862629
5514845870616,67.615364783,-0.024096921,0.028606549,0.17666817
5514865950817,67.635444984,-0.023513937,-3.6548078E-4,0.15273285
5514886000499,67.655494666,-0.006461069,0.0071079284,0.1551218
5514906080699,67.675574866,0.002801627,-0.0076761395,0.15034008
5514926130382,67.695624549,0.021854812,-0.034036964,0.17428303
5514946180065,67.715674232,0.0073701255,-0.026708066,0.15512562
5514966229748,67.735723915,-0.004496174,0.013574541,0.1503458
5514986279431,67.755773598,0.005287987,0.022941738,0.16232204
5515006329114,67.775823281,0.014868903,-0.003498748,0.16232395
5515026378797,67.795872964,0.017213834,-0.020102277,0.16950226
5515046428480,67.815922647,4.0744618E-4,-0.024787605,0.16710663
5515066478162,67.835972329,-0.011470253,-0.0081513375,0.15753269
5515086527845,67.856022012,0.0074499063,-0.022476196,0.16471386
5515106577529,67.876071696,0.009507017,0.013483271,0.09767437
5515126627212,67.896121379,0.0736597,0.10828324,0.3921795
5515146707411,67.916201578,0.02940231,-0.050162867,0.0043258667
5515166757094,67.936251261,0.021562736,-0.042702124,0.16712475
5515186806778,67.956300945,-0.030948859,0.0055255294,0.15753746
5515206856461,67.976350628,-0.031895347,0.03331326,0.19346714
5515226906144,67.996400311,-0.012942845,0.0067682117,0.15516376
5515246955826,68.016449993,-0.022144232,-0.0074860603,0.13840389
5515267036027,68.036530194,-0.048943795,-0.0077492893,0.1671381
5515287085710,68.056579877,-0.017797086,0.011621401,0.19347
5515307135392,68.076629559,0.008570107,-0.055135578,0.16712856
5515327185075,68.096679242,0.006676884,-0.03074184,0.1695137
5515347265276,68.116759443,-0.009975754,0.057424903,0.14558029
5515367314959,68.136809126,-0.015126892,0.01847133,0.15516949
5515387364641,68.156858808,0.008740803,-0.043298244,0.18628502
5515407414324,68.176908491,0.015818702,0.01416263,0.15755463
5515427464007,68.196958174,-0.0032260548,0.011245146,0.16714096
5515447544207,68.217038374,-0.05571293,-0.04853022,0.15516949
5515467593890,68.237088057,-0.059298586,-0.021462977,0.2581072
5515487643573,68.25713774,0.017700355,-0.025881544,0.22219086
5515507723773,68.27721794,0.10212696,-0.011025324,0.1048727
5515527773456,68.297267623,0.09066207,-0.013287842,0.07374573
5515547823139,68.317317306,0.022768805,0.013150677,0.17908669
5515567872822,68.337366989,-0.016336791,-0.0013113469,0.19105816
5515587953021,68.357447188,-0.0070601422,0.010271847,0.16233444
5515608002705,68.377496872,0.020975966,-0.042122066,0.1503563
5515628052388,68.397546555,0.02961856,-0.043902278,0.17428493
5515648132587,68.417626754,-0.0018751938,-0.005549744,0.1814661
5515668182270,68.437676437,-0.042347565,-0.0032476038,0.09288311
5515688262471,68.457756638,-0.022805536,-0.012878358,0.15752792
5515708312154,68.477806321,-0.042604856,0.0040046424,0.1910429
5515728361836,68.497856003,-3.2735243E-4,-0.017201707,0.25807762
5515748442037,68.517936204,0.020104988,-0.007642776,0.13837051
5515768491720,68.537985887,0.02215305,-0.014901012,0.09049225
5515788541402,68.558035569,0.0013116486,-0.010026738,0.11443424
5515808560569,68.578054736,0.01519463,0.0066961497,0.15274048
5515828610251,68.598104418,-0.0051290225,-0.007841617,0.17189503
5515848690452,68.618184619,-0.03505878,-0.0054793805,0.20541191
5515868740135,68.638234302,-0.045111522,-0.022356644,0.17428875
5515888789818,68.658283985,-0.013683472,-0.010431007,0.16710854
5515908839500,68.678333667,0.017668497,0.013007447,0.15275288
5515928889183,68.69838335,0.010699429,0.012903139,0.16233158
5515948938866,68.718433033,0.001022039,-0.006145358,0.23176098
5515969019066,68.738513233,-0.02718073,-0.0038554072,0.22697544
5515989068749,68.758562916,-0.061496697,-0.05765046,0.24131966
5516009118432,68.778612599,0.01059568,-0.0278707,0.22454643
5516029168115,68.798662282,0.07829108,-0.0045131147,0.10006809
5516049248315,68.818742482,0.067254186,-0.013816029,0.13358402
5516069297998,68.838792165,0.030344276,-0.0013656169,0.20300293
5516089347681,68.858841848,0.036541536,0.048462942,0.18385601
5516109427881,68.878922048,0.04611657,-0.0018159747,0.1335783
5516129477564,68.898971731,0.017728062,-0.046836168,0.16230011
5516149527247,68.919021414,-0.025349997,-0.015428647,0.16947651
5516169576930,68.939071097,-0.0062500816,0.0084593,0.16947746
5516189657130,68.959151297,0.027517486,-0.015449643,0.16708374
5516209706813,68.97920098,0.030115,-0.0056427717,0.17186832
5516229756496,68.999250663,0.008497553,-0.0031481236,0.15750122
5516249806179,69.019300346,-0.020226773,0.022874862,0.16229534
5516269886379,69.039380546,-0.010662442,-0.04144545,0.17186642
5516289936062,69.059430229,0.0108515695,-0.014888912,0.15989017
5516309985745,69.079479912,0.03479551,0.018678963,0.1622839
5516330065944,69.099560111,0.017822178,0.013591841,0.16947174
5516350115628,69.119609795,8.995943E-4,-0.010425314,0.1694727
5516370165311,69.139659478,-0.0061762743,0.013726413,0.15749836
5516390245510,69.159739677,0.015476245,-0.0033471286,0.1598978
5516410295193,69.17978936,0.02714269,-0.003530115,0.16468906
5516430344877,69.199839044,0.01266102,-0.029765993,0.15750408
5516450394560,69.219888727,8.252356E-4,-0.0034531355,0.16468811
5516470474759,69.239968926,0.0056796614,0.008230165,0.15751171
5516490524442,69.260018609,0.015284071,0.008356154,0.15750885
5516510604642,69.280098809,0.029408336,0.010855302,0.15750599
5516530654325,69.300148492,0.0076645426,0.008451596,0.16947651
5516550704008,69.320198175,-0.011414176,-0.02763617,0.16469193
5516570784208,69.340278375,-0.0016695224,-0.039550155,0.16229725
5516590833891,69.360328058,0.010258105,0.006022081,0.16708374
5516610883574,69.380377741,0.019892763,0.032256007,0.16469193
5516630963775,69.400457942,0.015024113,-0.0062374324,0.16469479
5516651013457,69.420507624,0.005182434,-0.01805681,0.16229725
5516671063140,69.440557307,0.009911766,-0.006242469,0.16948223
5516691112823,69.46060699,0.0146419015,0.0030535161,0.16948795
5516711193023,69.48068719,0.016824247,-0.006463766,0.16230392
5516731242706,69.500736873,0.016707372,0.0030543804,0.1646986
5516751292389,69.520786556,0.0024631675,-0.004184857,0.16469955
5516771372590,69.540866757,-0.033552524,0.05067265,0.15991497
5516791422272,69.560916439,-0.05870798,-0.04016219,0.040205956
5516811532989,69.581027156,-0.0842204,-0.012747735,0.195817
5516831582672,69.601076839,-0.091822624,0.0301013,0.2724285
5516851632355,69.621126522,-0.027379287,-0.008551702,0.2006092
5516871682038,69.641176205,0.043224458,-0.024993896,0.1670866
5516891762238,69.661256405,0.07546812,-0.008285284,0.15751457
5516911842438,69.681336605,0.069069706,0.010628924,0.12639713
5516931922638,69.701416805,0.033383258,-0.04403639,0.14314938
5516951972321,69.721466488,-0.009924436,0.0015985072,0.17427063
5516972022004,69.741516171,-0.01260571,-0.015043259,0.17666149
5516992071687,69.761565854,0.01137469,0.008955285,0.17187214
5517012121369,69.781615536,0.028298896,-0.010204464,0.17905521
5517032171052,69.801665219,0.026143912,0.01865974,0.15750599
5517052220736,69.821714903,-0.021477884,0.051992536,0.10723114
5517072300935,69.841795102,-1.3339147E-4,-0.05137597,0.06653786
5517092350618,69.861844785,0.0088799205,-0.015519649,0.20060539
5517112400301,69.881894468,-0.04001755,0.012818322,0.20060444
5517132449985,69.901944152,-0.06978643,0.04082738,0.2030096
5517152499668,69.921993835,-0.059582263,-0.016507939,0.14794254
5517172549351,69.942043518,-0.022982405,-0.0114301,0.13117886
5517192599033,69.9620932,-0.0015444327,0.03129463,0.16949272
5517212648716,69.982142883,0.007425422,-0.014388397,0.1766777
5517232698399,70.002192566,-0.0022301637,-0.04753691,0.16709328
5517252717565,70.022211732,-0.025690855,-0.009073645,0.1503315
5517272797766,70.042291933,-0.018555861,0.08117293,0.21020126
5517292816931,70.062311098,-0.041688703,-0.01722765,0.061767578
5517312866614,70.082360781,-0.05938801,-0.04490833,0.18864346
5517332916297,70.102410464,-0.03929444,0.00840953,0.2365179
5517352965980,70.122460147,-0.011828249,0.005352527,0.17907238
5517373015663,70.14250983,0.022452133,-0.03282082,0.11921787
5517393065346,70.162559513,0.019894429,-0.039653465,0.06414318
5517413084512,70.182578679,-0.03902214,0.03908269,0.15033627
5517433134195,70.202628362,-0.057102505,0.069449514,0.20301914
5517453183878,70.222678045,-0.043106217,-0.028728262,0.21738434
5517473233561,70.242727728,-0.002022799,-0.002173975,0.15991974
5517493283244,70.262777411,0.007774027,0.021417335,0.097678185
5517513332926,70.282827093,-0.009107558,0.006604612,0.11684036
5517533382609,70.302876776,0.05662357,-0.07708999,0.21499729
5517553432293,70.32292646,0.05815372,0.004484549,0.17189026
5517573481976,70.342976143,-0.013803396,0.041952774,0.11204529
5517593531659,70.363025826,-0.036699563,0.034108043,0.19345856
5517613581342,70.383075509,-0.022691328,-0.003697455,0.1958437
5517633631024,70.403125191,0.006673515,-0.0041157007,0.03783512
5517653650191,70.423144358,0.0030145822,0.0027520359,0.13600159
5517673699874,70.443194041,-0.037554823,-0.040023223,0.25091267
5517693749556,70.463243723,-0.03978191,-0.041644588,0.26047516
5517713799239,70.483293406,-0.011708355,0.06108904,0.15274334
5517733848922,70.503343089,0.01573995,0.04081303,0.12164211
5517753898605,70.523392772,0.032398794,-0.042669505,0.19346237
5517773948289,70.543442456,0.10566707,-0.0013557673,0.29400444
5517793997971,70.563492138,0.1233869,-0.0025371015,0.04981327
5517814108688,70.583602855,0.04438134,-0.05267732,0.04741192
5517834158371,70.603652538,-0.054391827,-0.027677864,0.18864632
5517854208054,70.623702221,-0.05752103,0.03894092,0.20062542
5517874227220,70.643721387,0.034721307,0.021658167,0.12641525
5517894276903,70.66377107,0.039260674,-0.0022746772,0.121626854
5517914357103,70.68385127,-0.0442363,-0.011746764,0.19344997
5517934406786,70.703900953,-0.0690954,0.007334262,0.22696972
5517954456469,70.723950636,-0.01590308,0.026132897,0.17191029
5517974506152,70.744000319,0.03469342,-0.038929284,0.11924648
5517994555835,70.764050002,0.01677827,-0.012357324,0.12403011
5518014575001,70.784069168,-0.027052382,0.039791614,0.17671299
5518034624684,70.804118851,-0.03731962,-0.0035059005,0.2198124
5518054674367,70.824168534,-0.02285996,-0.0054516643,0.17431355
5518074754566,70.844248733,-0.012388565,-0.03167388,0.14797592
5518094804250,70.864298417,0.0097894,-0.043481335,0.15754986
5518114823415,70.884317582,-0.0139978975,-0.03351116,0.16711807
5518134873098,70.904367265,-0.009175083,-0.014240608,0.19345188
5518154922782,70.924416949,-0.013575982,0.026535913,0.17190266
5518174972465,70.944466632,-0.010602718,0.03340049,0.13360214
5518195022148,70.964516315,-0.008230319,-0.03854394,0.15275764
5518215071830,70.984565997,-0.010741942,-0.023620173,0.18865967
5518235121513,71.00461568,-0.0060827406,-0.01410751,0.17429543
5518255171196,71.024665363,-0.008080086,-0.011775687,0.17669201
5518275220879,71.044715046,-0.015061163,-0.011630505,0.17190075
5518295270563,71.06476473,-0.019637942,0.0096805245,0.16472244
5518315320246,71.084814413,-0.0050238357,0.0141721815,0.15036297
5518335339411,71.104833578,-0.005267138,-0.035791144,0.17190552
5518355389094,71.124883261,-0.021834005,-0.052161857,0.17429066
5518375438777,71.144932944,-0.026297942,-0.0020330995,0.16950607
5518395488460,71.164982627,-0.023571732,0.009885594,0.16232395
5518415538143,71.18503231,-0.008640787,-0.0020897537,0.15514278
5518435587826,71.205081993,-0.005969539,0.021970108,0.1814766
5518455606992,71.225101159,0.0014266125,0.00739561,0.15514469
5518475656675,71.245150842,-0.00325931,-0.014152259,0.16232777
5518495706358,71.265200525,-0.031664822,-0.013871521,0.17429256
5518515756041,71.285250208,-0.024208494,-0.009297267,0.15514278
5518535805724,71.305299891,-0.009843413,0.026204184,0.16712284
5518555855406,71.325349573,0.0021296665,0.0047611445,0.17430305
5518575874573,71.34536874,-0.0026064334,-0.023817897,0.159935
5518595924255,71.365418422,-0.023957888,0.014403775,0.17190838
5518615973938,71.385468105,-0.030896045,0.0022414476,0.15994072
5518636054139,71.405548306,-0.021218996,-0.02171141,0.157547
5518656103822,71.425597989,-0.004427376,-0.021486104,0.15993595
5518676153504,71.445647671,-0.0018593799,0.019141644,0.16951466
5518696203187,71.465697354,-0.016148364,-0.009961858,0.15515709
5518716252870,71.485747037,-0.023197677,0.004446283,0.16473293
5518736302554,71.505796721,-0.018169932,-0.0074715763,0.09530163
5518756352237,71.525846404,-0.020623097,0.011603832,0.30599213
5518776401919,71.545896086,-0.08213544,-0.061560392,0.30357742
5518796451602,71.565945769,0.005313784,-0.06485349,0.22933578
5518816562319,71.586056486,0.11341687,-0.04278159,0.052164078
5518836612002,71.606106169,0.12756804,-0.0014302433,0.068909645
5518856661685,71.626155852,0.05489981,0.04397875,0.23649883
5518876711368,71.646205535,-0.016013026,0.0053471774,0.15749454
5518896761052,71.666255219,-0.020528762,0.012438655,0.18383217
5518916810734,71.686304901,-6.48804E-4,-0.0421921,0.15748882
5518936860417,71.706354584,0.016851533,-0.032133803,0.17902851
5518956940617,71.726434784,0.0053926073,0.013562039,0.16466045
5518976990300,71.746484467,-0.010939198,0.0056461543,0.12636852
5518997039983,71.76653415,-0.008750334,0.024904817,0.17185593
5519017089666,71.786583833,-0.0016793702,0.058323994,0.14552116
5519037139349,71.806633516,0.005505275,-0.021312699,0.11680317
5519057189032,71.826683199,-0.047317114,-0.020771518,0.24129009
5519077238715,71.846732882,-0.062122136,-0.053679973,0.32268524
5519097318915,71.866813082,0.02651233,-0.07199491,0.22930622
5519117368598,71.886862765,0.11701171,-0.0042550415,0.09522915
5519137418281,71.906912448,0.10030074,0.016991869,0.03298664
5519157467964,71.926962131,0.026676837,0.033495545,0.18142605
5519177517646,71.947011813,0.008983208,0.009968817,0.22211647
5519197597847,71.967092014,0.042005554,-0.0024903417,0.1574812
5519217647530,71.987141697,0.046845146,-0.06868544,0.14788914
5519237697212,72.007191379,0.020116396,-0.03446433,0.15505695
5519257746895,72.027241062,-0.009170925,-0.003336072,0.17899704
5519277796578,72.047290745,-0.009164702,0.05402346,0.17421055
5519297876778,72.067370945,0.022238677,0.012884289,0.14788342
5519317926461,72.087420628,0.03181148,0.0012126565,0.12154198
5519337976144,72.107470311,0.02654078,-0.0059511214,0.18139553
5519358025827,72.127519994,0.042664543,-0.0041252524,0.21731758
5519378075511,72.147569678,0.04790875,-0.037364975,0.13830566
5519398125194,72.167619361,0.012653893,-0.0010631233,0.12872219
5519418174876,72.187669043,-0.0069042984,0.024768695,0.15985489
5519438255076,72.207749243,-0.01700464,0.0057198107,0.2651968
5519458304760,72.227798927,0.033564046,0.003857687,0.26279354
5519478354443,72.24784861,0.064261295,-0.027113855,0.1359024
5519498404125,72.267898292,0.06789455,-0.022209734,0.09041405
5519518453808,72.287947975,0.031602684,-0.04320401,0.13828754
5519538503491,72.307997658,0.011408732,-0.002161622,0.18376732
5519558553174,72.328047341,0.008469963,0.03598404,0.1765871
5519578602857,72.348097024,0.0038049612,0.021281332,0.15504456
5519598652539,72.368146706,0.0017042309,-0.017094985,0.16701794
5519618702223,72.38819639,0.0018443372,-0.019017398,0.16940403
5519638751906,72.408246073,-3.9022602E-4,-0.007096827,0.15743446
5519658801589,72.428295756,0.009215318,-0.023724794,0.16940308
5519678851272,72.448345439,0.01410111,-0.028412998,0.15982437
5519698900955,72.468395122,0.014139788,0.0456094,0.16701126
5519718950637,72.488444804,0.00688114,0.04771352,0.17419815
5519739000320,72.508494487,0.00451784,0.021273285,0.16223049
5519759050004,72.528544171,0.009412946,-0.031294167,0.15743923
5519779099687,72.548593854,-0.00255806,-0.014430061,0.16940784
5519799149370,72.568643537,0.007018745,-0.009746343,0.16222763
5519819199053,72.58869322,0.007188823,-0.0073062778,0.17180443
5519839248735,72.608742902,-0.0022792816,0.026108354,0.16701889
5519859298418,72.628792585,2.1962263E-4,0.03047797,0.15744972
5519879348101,72.648842268,0.0075069387,-7.5140595E-4,0.16224098
5519899397784,72.668891951,0.0027057156,-0.043600455,0.17181206
5519919447468,72.688941635,0.0075714085,-0.01241529,0.16223526
5519939497151,72.708991318,0.007637132,-0.0030902624,0.15505695
5519959546833,72.729041,0.0053516496,0.00867191,0.16224384
5519979596516,72.749090683,0.014936471,0.020539388,0.16703415
5519999646199,72.769140366,4.6856515E-4,0.02522336,0.16224766
5520019695882,72.789190049,0.0149025675,0.0035525858,0.17182732
5520039745565,72.809239732,0.007682439,-0.037217334,0.18858719
5520059795249,72.829289416,0.0053135026,-0.029887572,0.16464233
5520079875448,72.849369615,-0.004366001,0.01070945,0.15746212
5520099925131,72.869419298,0.007709874,0.005711317,0.17662048
5520119974814,72.889468981,0.0031349063,0.012789771,0.17183495
5520140024497,72.909518664,0.0080280155,0.0055024773,0.15986538
5520160104697,72.929598864,0.010420201,0.0030032992,0.17423248
5520180154380,72.949648547,0.012919276,-0.0017851293,0.17183876
5520200204062,72.969698229,0.01515138,0.014964253,0.16465569
5520220253746,72.989747913,0.008125635,0.012445211,0.17184162
5520240303429,73.009797596,8.944068E-4,0.031425834,0.18142128
5520260353112,73.029847279,0.010502841,0.021635637,0.16466618
5520280402795,73.049896962,0.017731585,-0.0070247203,0.15987587
5520300452478,73.069946645,0.041585784,-0.004544422,0.2724018
5520320502160,73.089996327,0.09770464,-0.009994999,0.22931576
5520340582361,73.110076528,0.1139464,-0.04967448,0.07607269
5520360632044,73.130126211,0.05490827,-0.058078945,0.073657036
5520380681727,73.150175894,-0.020443218,0.07351722,0.32265282
5520400731409,73.170225576,-0.040424444,0.06364088,0.16224575
5520420811610,73.190305777,-0.007841343,0.03695388,0.19576836
5520440861293,73.21035546,0.017944433,0.031769693,0.1981678
5520460910975,73.230405142,0.015757767,-0.011125326,0.16225243
5520480960658,73.250454825,-0.019650713,0.0105817765,0.13591385
5520501010341,73.270504508,0.006861644,-0.07312835,0.18140316
5520521060024,73.290554191,0.025650674,-0.053197548,0.20293427
5520541109708,73.310603875,0.015757356,0.023108661,0.14547825
5520561189907,73.330684074,-0.017644713,0.019878432,0.16464901
5520581239590,73.350733757,-0.008061871,0.015405431,0.17421913
5520601289273,73.37078344,0.008701565,0.031746566,0.147892
5520621338957,73.390833124,0.01599089,0.0029117018,0.1670475
5520641388639,73.410882806,0.016226236,-0.05663401,0.16704178
5520661438322,73.430932489,-0.0075898506,-0.07051221,0.1574564
5520681518522,73.451012689,-0.0075018797,0.013256282,0.18139935
5520701568205,73.471062372,0.011758617,0.058012336,0.15747166
5520721617888,73.491112055,0.03538914,0.024231613,0.18381214
5520741667571,73.511161738,0.025555098,-0.0016153306,0.17901325
5520761717254,73.531211421,-0.019834053,0.012435213,0.14310741
5520781766937,73.551261104,-0.010152537,-0.040237248,0.1718378
5520801816620,73.571310787,0.008953955,-0.056517422,0.15746307
5520821866302,73.591360469,0.02088523,0.04614064,0.19098759
5520841915985,73.611410152,0.004653381,0.026464045,0.12635517
5520861965669,73.631459836,0.0146066565,-0.0070515275,0.15029812
5520882045869,73.651540036,0.0074194595,-0.054640695,0.18141747
5520902095551,73.671589718,5.378388E-5,-0.023190796,0.17662239
5520922145234,73.691639401,-0.0023805257,0.0032459646,0.15507221
5520942133884,73.711628051,-0.009465573,-0.039687037,0.1694336
5520962183567,73.731677734,0.0073740985,0.0013675988,0.14548588
5520982263766,73.751757933,-0.18658291,0.10640776,0.49983406
5521002313450,73.771807617,-0.023128605,0.040357262,0.059423447
5521022363133,73.7918573,0.0010395721,-0.095160976,0.47591686
5521042412816,73.811906983,0.2747776,0.013293952,-0.19438457
5521062462498,73.831956665,0.21457791,-0.04397039,-0.096152306
5521082512181,73.852006348,0.50029635,-0.5365169,0.26985264
5521102561864,73.872056031,0.66090393,-0.36589247,-0.15898705
5521122642064,73.892136231,0.31211343,-0.10986222,-0.2980318
5521142661230,73.912155397,-0.43388328,-0.28843385,-0.5019779
5521162710914,73.932205081,-1.8826483,-0.9271312,-1.187314
5521182760596,73.952254763,-0.6786222,0.39594507,7.0896416
5521202840796,73.972334963,-0.9808079,-0.4242593,0.7855091
5521222890479,73.992384646,-1.9223825,0.032846376,-2.1295667
5521242940162,74.012434329,-0.17907548,1.7344753,2.8327408
5521262989845,74.032484012,-1.6047878,0.2311271,3.2698917
5521283039528,74.052533695,-1.39875,-0.6546117,5.0300283
5521303089211,74.072583378,0.720367,-2.2265298,6.3278627
5521323138894,74.092633061,3.4173193,-1.7339808,4.5778856
5521343188577,74.112682744,4.17959,-1.2639368,2.1204433
5521363238259,74.132732426,4.1080604,-1.27351,0.7262449
5521383287943,74.15278211,2.4733095,-0.23905265,0.4424019
5521403337626,74.172831793,2.4771013,-0.19510722,1.1789751
5521423387309,74.192881476,5.138752,-1.771778,1.741991
5521443436992,74.212931159,8.340071,-1.0778546,0.70290184
5521463486675,74.232980842,7.344576,-1.1764029,0.8960657
5521483536357,74.253030524,3.9231825,-2.272637,1.1094751
5521503555524,74.273049691,1.0487698,-1.40968,0.2192831
5521523635723,74.29312989,1.1325256,-0.791152,-1.2707152
5521543685407,74.313179574,2.1236594,-0.71916604,-2.7506042
5521563735090,74.333229257,1.9749045,-1.2634995,-3.7940884
5521583784773,74.35327894,-0.059570193,-1.6794043,-4.001917
5521603834455,74.373328622,-1.985102,-2.0362706,-4.0999365
5521623884138,74.393378305,-2.7705173,-1.9592168,-3.634427
5521643933821,74.413427988,-3.4839535,-0.9337735,-3.82893
5521663983504,74.433477671,-4.646432,-0.10812712,-4.3485236
5521684033188,74.453527355,-5.0422516,-0.6885829,-4.8777375
5521704082870,74.473577037,-5.4459167,-1.3868067,-5.110526
5521724132553,74.49362672,-6.5519295,-0.83398104,-5.794534
5521744182236,74.513676403,-6.3012366,-1.0891385,-5.9746866
5521764231919,74.533726086,-5.01999,-1.8590953,-4.810814
5521784281602,74.553775769,-9.619322,-0.71879005,-0.40791273
5521804392319,74.573886486,-11.998186,2.6827874,3.7380867
5521824442002,74.593936169,-0.8687196,-3.2039583,2.6166687
5521844522202,74.614016369,3.6946692,-3.535378,0.49407578
5521864571885,74.634066052,5.373945,-0.67718625,0.80818367
5521884621568,74.654115735,3.171642,3.9501467,1.6057138
5521904671250,74.674165417,-2.7611065,4.919467,2.7847414
5521924720934,74.694215101,-4.1362514,1.6631784,1.3919544
5521944770617,74.714264784,-2.779397,-1.4403274,-0.66883993
5521964820300,74.734314467,2.347155,1.8398852,2.7354689
5521984869983,74.75436415,1.647088,0.5057988,-1.0354996
5522004919666,74.774413833,1.1079129,-0.47319126,-3.6168456
5522024969348,74.794463515,0.7439904,-0.009938717,-4.1086607
5522045019031,74.814513198,0.2215482,-0.6328654,-4.240263
5522065068714,74.834562881,-3.9677427,-1.0908103,0.7750521
5522085118398,74.854612565,-3.0824819,-1.1851661,2.5847073
5522105168081,74.874662248,-0.2022537,-1.3458564,3.15349
5522125217764,74.894711931,1.4010155,-1.6122055,2.5702648
5522145267446,74.914761613,2.2803094,-1.4598565,3.1984377
5522165317129,74.934811296,1.9329877,-0.95779204,3.416871
5522185366812,74.954860979,0.8795341,-0.509882,2.4019737
5522205416495,74.974910662,-0.2887807,-0.6741028,0.7594423
5522225466179,74.994960346,0.10630441,-0.2807355,-0.82300854
5522245515862,75.015010029,0.5568165,-0.15981579,-0.81723547
5522265565544,75.035059711,0.9926431,-0.039776325,-1.8171854
5522285615227,75.055109394,1.5510491,-0.18215513,-1.7416282
5522305664910,75.075159077,1.4543417,-0.1213088,-1.7691064
5522325714593,75.09520876,1.752894,0.24873066,1.3560438
5522345764276,75.115258443,1.4385316,-0.07222319,1.8313904
5522365813959,75.135308126,0.1215494,0.08720088,2.8366318
5522385863642,75.155357809,-0.37220988,0.5038941,2.5231514
5522405913325,75.175407492,0.65593654,0.480618,3.627327
5522425963008,75.195457175,1.7600915,-0.4745443,2.3025427
5522446012691,75.215506858,0.917132,-0.56373954,-1.0698481
5522466062374,75.235556541,-0.6191398,-0.2438252,-1.9631228
5522486112057,75.255606224,-0.6768855,0.003494501,0.7883949
5522506161739,75.275655906,-0.052977517,-0.7669747,2.2094421
5522526211423,75.29570559,-1.8010056,2.0022311,-1.6836
5522546261106,75.315755273,1.224599,0.27741122,-6.776573
5522566310789,75.335804956,1.9557867,-0.15557837,-9.314998
5522586360472,75.355854639,3.8083086,-3.0783162,-4.2773337
5522606410154,75.375904321,1.7183242,-1.6979069,0.08252907
5522626459837,75.395954004,4.5130143,-0.9675716,2.9026384
5522646509520,75.416003687,1.701099,0.8109863,1.2847137
5522666559203,75.43605337,1.3464653,1.6101749,1.8916912
5522686608887,75.456103054,-0.8198455,-0.66931546,-0.45296
5522706658570,75.476152737,-4.5775633,-2.6504102,2.7094107
5522726708252,75.496202419,-5.9716077,-0.58489513,3.069683
5522746757935,75.516252102,-3.8282616,-0.34320807,-0.059685707
5522766807618,75.536301785,0.16561522,0.311831,-0.1124382
5522786857301,75.556351468,2.1521103,-0.447788,0.86775017
5522806906984,75.576401151,-1.0476756,-0.5626425,-0.51219845
5522826956668,75.596450835,-2.8680766,-0.63327324,-0.022763252
5522846975833,75.61647,0.3966222,-0.3509705,2.8590422
5522867025516,75.636519683,1.9817486,0.040280223,1.3862362
5522887075199,75.656569366,-0.30369237,0.6330954,-1.7606492
5522907124882,75.676619049,2.1482456,0.64901626,-0.8552809
5522927174565,75.696668732,1.1687391,0.21078241,-0.17016983
5522947224248,75.716718415,0.48296803,-0.06852198,0.42157745
5522967304447,75.736798614,17.623495,9.421813,2.9798775
5522987354131,75.756848298,4.337356,9.964113,-8.425622
5523007403814,75.776897981,6.2940884,4.6417336,-5.728917
5523027453497,75.796947664,-0.24565083,-0.24232042,1.7759256
5523047503180,75.816997347,-10.853082,-7.60925,7.1016083
5523067552863,75.83704703,-11.497349,-9.757731,8.710616
5523087602545,75.857096712,-7.09548,-9.288279,3.8473663
5523107682746,75.877176913,-4.0615697,-8.616659,-0.24467373
5523127732429,75.897226596,0.44534066,-7.2162323,-2.924521
5523147782111,75.917276278,0.053568553,-4.9500704,-1.0328522
5523167831794,75.937325961,0.36088535,-4.162693,0.58496475
5523187881477,75.957375644,1.5930686,-3.553051,0.015465736
5523207900643,75.97739481,2.1886377,-2.0926015,-1.1546688
5523227950326,75.997444493,3.523058,-0.7253378,-0.9786091
5523248000009,76.017494176,4.341698,0.060084403,-0.020965576
5523268019175,76.037513342,3.227743,0.82313347,1.068758
5523288068858,76.057563025,1.4017768,0.8902093,1.8259325
5523308118541,76.077612708,-1.2184302,0.6441969,1.6812725
5523328168224,76.097662391,-2.1927857,0.4993981,1.5161123
5523348187390,76.117681557,-2.5210776,0.62270254,1.4776144
5523368237073,76.13773124,-2.214308,1.6349967,0.65232563
5523388286756,76.157780923,-1.0347226,2.098426,0.5775223
5523408336439,76.177830606,-0.099188775,1.441571,0.42448997
5523428386122,76.197880289,-1.1877446,0.5437328,-0.2834854
5523448435805,76.217929972,-3.1387618,0.6836838,0.16846943
5523468454971,76.237949138,-3.7229378,1.029436,1.3341236
5523488504654,76.257998821,-2.9668295,0.83823025,-0.01333046
5523508554337,76.278048504,11.00093,4.074594,2.365944
5523528573502,76.298067669,13.69162,5.8224497,0.6777544
5523548623186,76.318117353,2.6127825,-1.7788415,-3.5171885
5523568672869,76.338167036,-1.1317549,-1.1232729,7.2288513E-4
5523588692034,76.358186201,-3.3541,-1.2640258,-4.7716374
5523608741718,76.378235885,-1.7880783,-0.72577393,-6.033242
5523628760883,76.39825505,-4.0086875,1.8064966,-1.6561546
5523648810566,76.418304733,-0.89088666,1.8489828,1.6980066
5523668860250,76.438354417,-2.2374122,1.4509747,3.5392017
5523688879415,76.458373582,-2.2367063,0.37501556,1.6674747
5523708929098,76.478423265,-3.1799839,-0.90565944,1.6529503
5523728978782,76.498472949,-2.8605607,-0.7673249,2.589179
5523748997947,76.518492114,-0.1517939,0.7503618,-5.8856926
5523769047630,76.538541797,0.0079036355,0.5202558,-0.7353611
5523789066796,76.558560963,-1.2648293,-0.26531005,-2.1731668
5523809116479,76.578610646,-2.0319502,-1.1344223,-0.44198227
5523829166162,76.598660329,-1.9977235,-0.65930146,1.2705088
5523849185328,76.618679495,-2.4256833,-0.23700202,2.2983007
5523869235011,76.638729178,-2.4222658,-0.5050084,2.7203817
5523889254177,76.658748344,-2.2327983,-0.8069227,1.8541145
5523909303860,76.678798027,-2.1232095,-0.19760597,2.177456
5523929353543,76.69884771,-1.9043427,-0.063390374,2.257553
5523949372709,76.718866876,-1.2153263,-0.9065179,0.8109522
5523969483426,76.738977593,-0.8080998,-0.88282967,0.6720209
5523989533109,76.759027276,-0.6502859,-0.9914713,1.1533966
5524009552275,76.779046442,-0.08796544,-1.1525638,0.69881916
5524029601958,76.799096125,0.6131352,-1.1109946,-0.09355259
5524049621123,76.81911529,-0.4531499,-0.33016044,0.16828823
5524069670807,76.839164974,-1.6890478,-0.04824418,1.0076046
5524089720490,76.859214657,-1.6603048,-0.42107522,1.2296686
5524109739655,76.879233822,-0.57565826,-0.7095163,0.37530518
5524129789339,76.899283506,-0.5322361,-0.29393262,-0.32493973
5524149808504,76.919302671,-1.9437456,0.542349,-0.48975372
5524169858187,76.939352354,-3.024159,0.79242873,0.05799389
5524189877353,76.95937152,-3.1327171,0.23652923,0.34626007
5524209927036,76.979421203,-2.1012843,-0.4932338,-0.040582657
5524229946202,76.999440369,-1.3247784,-0.56923616,-0.38460922
5524249995885,77.019490052,-2.0229604,-0.15797031,-0.16242123
5524270045568,77.039539735,-3.0447748,0.1300838,0.14032269
5524290064734,77.059558901,-2.8704026,-0.12420499,0.43811607
5524310083900,77.079578067,-2.3590057,-0.8286972,0.27928925
5524330133583,77.09962775,-2.2961378,-1.0565686,-0.33828735
5524350152749,77.119646916,-2.6545713,-0.87033486,-0.7744951
5524370202431,77.139696598,-3.1146507,-0.7061999,-0.20838547
5524390221598,77.159715765,-3.0860648,-0.8144767,0.2254858
5524410271280,77.179765447,-2.422268,-1.3517854,0.1616993
5524430290447,77.199784614,-1.5004913,-2.065227,-0.29484272
5524450309613,77.21980378,-1.3912028,-2.2767692,-0.54556274
5524470359296,77.239853463,-2.0305848,-1.8745248,-0.2774067
5524490378462,77.259872629,-2.7413037,-1.5150722,-0.0517931
5524510428145,77.279922312,-2.064395,-1.8396798,0.03243351
5524530447310,77.299941477,-0.97737783,-2.5388937,-0.09664631
5524550466476,77.319960643,-0.4920854,-2.55664,-0.60772514
5524570516159,77.340010326,-0.059343815,-2.1090577,-0.60128975
5524590535325,77.360029492,-0.16763276,-1.6663959,0.15119171
5524610585008,77.380079175,-0.38508356,-1.6351414,0.8572197
5524630604175,77.400098342,-0.18678492,-2.0470877,0.8857317
5524650623340,77.420117507,0.09477371,-2.250247,0.24825287
5524670673024,77.440167191,0.28743052,-2.2376106,-0.12963772
5524690692189,77.460186356,0.49123928,-2.2916946,-0.6732731
5524710711355,77.480205522,0.9073843,-2.5680964,-0.774539
5524730761038,77.500255205,1.0323615,-2.6173477,0.36706352
5524750780204,77.520274371,0.862694,-2.575341,1.757988
5524770799369,77.540293536,1.418195,-3.04245,1.7991962
5524790879570,77.560373737,2.3568597,-3.3283653,0.9606409
5524810898736,77.580392903,2.807774,-3.095874,0.5752096
5524830948419,77.600442586,2.0783901,-2.4451232,0.54900265
5524850967585,77.620461752,1.1287811,-1.7864479,0.5318184
5524870986750,77.640480917,0.8352621,-1.7250338,0.44901276
5524891036433,77.6605306,0.9593077,-2.1334133,0.24993038
5524911055599,77.680549766,1.2178302,-2.4544437,0.21019077
5524931074766,77.700568933,0.99071455,-2.5858908,0.49590588
5524951124449,77.720618616,0.33459294,-2.6692998,0.7418823
5524971143615,77.740637782,0.037207663,-2.6448293,0.9944153
5524991162780,77.760656947,0.070243716,-2.6244895,1.1718998
5525011181946,77.780676113,0.58420146,-2.537847,0.98245144
5525031231629,77.800725796,1.3036749,-2.511392,0.7034559
5525051250795,77.820744962,1.4827116,-2.4527934,0.7248087
5525071300478,77.840794645,1.1360898,-2.258193,0.6221571
5525091319644,77.860813811,1.1376307,-1.9964674,0.26254082
5525111338810,77.880832977,1.2584224,-1.7778256,0.37989616
5525131388493,77.90088266,1.2964065,-1.7362003,0.78639317
5525151407659,77.920901826,1.2881436,-1.6610007,0.66267776
5525171457342,77.940951509,1.3905386,-1.3610972,0.36285686
5525191476508,77.960970675,1.6023667,-1.1619246,0.6531601
5525211526191,77.981020358,1.874639,-1.015298,0.968873
5525231545357,78.001039524,1.7500887,-0.64896166,0.9693775
5525251595040,78.021089207,1.6551938,-0.322891,0.48992062
5525271614206,78.041108373,1.8743513,-0.2096386,0.081552505
5525291663889,78.061158056,2.342225,-0.2817856,-0.32152653
5525311683054,78.081177221,2.3218484,0.03736019,-0.1781311
5525331732738,78.101226905,1.9159677,0.4078051,0.4418478
5525351751903,78.12124607,1.7710289,0.51252484,0.27684212
5525371801586,78.141295753,1.8294735,0.47131848,-0.12858677
5525391820752,78.161314919,2.496448,0.49111056,-0.77447987
5525411870435,78.181364602,3.0190876,0.5654839,-0.6853857
5525431889601,78.201383768,2.9990714,0.6028173,-0.42114162
5525451939284,78.221433451,2.1502182,0.8007946,0.15329361
5525471958450,78.241452617,1.7206416,1.0376402,0.138587
5525492008133,78.2615023,1.7720838,1.2585741,0.10585976
5525512027299,78.281521466,1.9199419,1.1042954,-0.16153812
5525532076982,78.301571149,2.1066587,0.91156983,-0.19859314
5525552126665,78.321620832,1.822024,0.81562114,0.21197605
5525572176348,78.341670515,1.0006853,0.71331894,0.051792145
5525592195514,78.361689681,0.4781387,0.47909784,-0.26422215
5525612245197,78.381739364,0.2416982,0.33666992,-0.022760391
5525632294880,78.401789047,-0.26591885,0.38208818,0.19744682
5525652314046,78.421808213,-0.46329996,0.2860639,0.8211975
5525672363729,78.441857896,-0.31679422,0.07494891,1.9265451
5525692413412,78.461907579,0.05541891,-0.23222649,2.5778942
5525712432578,78.481926745,-0.24151862,-0.17032969,1.5001984
5525732482261,78.501976428,-1.0406845,0.3297013,-0.3520403
5525752501426,78.521995593,-1.495806,0.86765504,-1.9430408
5525772551110,78.542045277,-1.201473,0.9657743,-1.7548885
5525792570275,78.562064442,-0.7110719,0.11348772,-1.0727425
5525812589441,78.582083608,-0.07053211,-0.5502727,-0.5570059
5525832639124,78.602133291,0.16779327,-0.62099385,-0.45732117
5525852658291,78.622152458,-0.121494204,-0.32577276,-0.06258488
5525872707973,78.64220214,-0.4247123,0.008801937,0.23967457
5525892727140,78.662221307,0.3269568,-0.14107609,-0.058695793
5525912776822,78.682270989,1.0575593,-0.361089,-0.6920862
5525932826505,78.702320672,1.3013327,-0.35570836,-1.1277599
5525952845672,78.722339839,0.92846245,-0.044479847,-0.7830858
5525972895354,78.742389521,0.15553123,0.29194283,-0.14032555
5525993006071,78.762500238,-0.21288761,0.34283185,0.32825089
5526013025237,78.782519404,-0.23998469,0.24813008,0.39444637
5526033074919,78.802569086,-0.15476328,0.34905457,0.4443636
5526053124603,78.82261877,0.36531454,0.30824304,0.9814415
5526073143768,78.842637935,0.75593835,-0.048649073,1.3862114
5526093193451,78.862687618,0.37691748,-0.123119116,1.6008921
5526113243135,78.882737302,0.016464353,0.049844027,1.7729578
5526133262300,78.902756467,-0.15783888,0.086470604,2.040845
5526153311983,78.92280615,-0.004357159,-0.1173141,2.0687294
5526173361667,78.942855834,-0.021034598,-0.32581854,1.4499464
5526193411350,78.962905517,-0.31919146,-0.2605629,0.74598885
5526213430515,78.982924682,-0.03470075,-0.18751001,1.0201492
5526233480199,79.002974366,-0.06491035,-0.8502537,2.3328953
5526253529882,79.023024049,-0.42525294,-1.0440052,2.8071976
5526273549047,79.043043214,-0.5741782,-1.0498738,2.8007917
5526293598730,79.063092897,-0.14157015,-1.491619,0.19150734
5526313648414,79.083142581,0.87688166,-1.1149949,-1.1172895
5526333698097,79.103192264,2.0062075,-0.761724,-2.250855
5526353717262,79.123211429,2.2172327,-0.8639436,-2.3406816
5526373766946,79.143261113,1.0202981,-1.012008,-2.0515647
5526393816628,79.163310795,0.64294696,-0.9546404,-1.7400641
5526413835794,79.183329961,0.9907094,-1.3807101,-1.54847
5526433885477,79.203379644,0.55518544,-1.3347394,-1.0688815
5526453935160,79.223429327,-0.038318515,-1.0960095,-0.19641018
5526473954326,79.243448493,0.13228285,-1.3035994,0.046658516
5526494004008,79.263498175,-0.7365438,-1.0712676,0.45163345
5526514053692,79.283547859,-2.3435042,-0.3786807,1.3125
5526534072857,79.303567024,-1.6012316,-0.67013645,1.0466003
5526554122540,79.323616707,0.3634473,-1.0248029,0.09045124
5526574172224,79.343666391,0.9880025,-0.90535617,-0.44465637
5526594191389,79.363685556,-0.8114983,-0.29813242,-0.37668896
5526614241072,79.383735239,-1.8772041,0.44167757,0.03443432
5526634260238,79.403754405,-1.082555,0.74251604,-0.16183186
5526654309921,79.423804088,-0.23916954,0.6308117,-0.6099434
5526674329088,79.443823255,-0.053869426,0.70910263,-0.9441738
5526694378770,79.463872937,-0.04737246,0.9444761,-0.47505283
5526714428453,79.48392262,0.9723821,0.32393456,-0.35184383
5526734447619,79.503941786,1.9168456,0.11078215,-0.55166435
5526754497302,79.523991469,1.9387276,0.53639054,-0.7101574
5526774546985,79.544041152,1.4449909,0.61833787,-1.0689383
5526794627186,79.564121353,0.699555,0.78895736,-1.1285434
5526814676868,79.584171035,0.49259648,1.1080568,-0.47687626
5526834696035,79.604190202,0.8048836,0.9811735,0.025147438
5526854745717,79.624239884,1.3551979,1.1807802,-0.19077778
5526874764883,79.64425905,0.688142,1.5089722,-0.090037346
5526894814566,79.664308733,-0.6060077,1.9889641,0.2082901
5526914864249,79.684358416,-0.7428281,2.2236426,0.2906866
5526934883415,79.704377582,-0.5199972,2.162227,0.09655762
5526954933097,79.724427264,-0.60437244,1.7799072,0.8954935
5526974982781,79.744476948,-0.60138583,1.4781017,1.5606585
5526995001946,79.764496113,-0.6554765,1.0619149,1.1309242
5527015051629,79.784545796,-0.68565154,0.5256319,0.99100494
5527035070796,79.804564963,-0.18017852,-0.18668842,1.3711786
5527055120478,79.824614645,0.20584214,-0.82804847,2.2407875
5527075170161,79.844664328,0.28106984,-1.2157781,2.6665087
5527095189327,79.864683494,-0.2986356,-1.1874154,2.3880892
5527115239010,79.884733177,-0.8176182,-0.9973359,1.4228697
5527135288693,79.90478286,-0.8256419,-1.1926637,0.34477806
5527155338376,79.924832543,-0.8860091,-1.2918382,-0.8863859
5527175357542,79.944851709,-0.9450103,-0.9231653,-1.5164523
5527195407225,79.964901392,-1.675414,-0.8048279,-1.1788568
5527215456908,79.984951075,-2.1409984,-1.2352035,-0.3822508
5527235506592,80.005000759,-2.2807386,-1.5515294,0.7499056
5527255556275,80.025050442,-2.204063,-1.9494753,1.8144302
5527275575440,80.045069607,-1.4482167,-2.5749168,2.0821877
5527295625124,80.065119291,-0.8624846,-2.8595195,1.4532843
5527315674806,80.085168973,-0.2946158,-2.6798596,0.5208359
5527335724489,80.105218656,0.17451286,-2.1432676,-0.1679821
5527355774172,80.125268339,0.25795683,-1.7625277,-0.7985048
5527375823855,80.145318022,0.12793705,-1.5012541,-1.4407649
5527395873538,80.165367705,-0.02301526,-1.1354413,-2.0141869
5527415892704,80.185386871,-0.23591608,-0.6890211,-2.3423233
5527435942387,80.205436554,-0.5920015,-0.47521615,-2.2584467
5527455992070,80.225486237,-1.1432319,-0.14763975,-1.5639834
5527476041752,80.245535919,-1.7761519,0.2131362,-0.52458763
5527496091435,80.265585602,-2.252572,0.46328092,0.33744144
5527516141119,80.285635286,-2.0696135,0.585232,0.85509586
5527536160284,80.305654451,-1.4196934,0.31146026,0.78584766
5527556209967,80.325704134,-0.8813184,0.12318277,0.5524702
5527576259651,80.345753818,-0.47725564,0.20395303,0.34221268
5527596309334,80.365803501,-0.42150998,0.27225375,0.41522312
5527616359017,80.385853184,-0.7681912,0.4048581,0.76678276
5527636408700,80.405902867,-0.7182973,0.5188463,1.1337538
5527656427866,80.425922033,-0.51658964,0.3984487,1.4006948
5527676477549,80.445971716,-0.30412427,0.36899066,1.529499
5527696527231,80.466021398,-0.19318873,0.39307547,1.5426455
5527716576914,80.486071081,-0.3544925,0.46519065,0.9629841
5527736626597,80.506120764,-0.6278789,0.5436287,1.1145134
5527756645763,80.52613993,-0.6477648,0.42217684,2.0509596
5527776695446,80.546189613,-0.36443242,-0.27871013,2.623619
5527796806163,80.56630033,0.7281991,-1.1486182,2.3794975
5527815848785,80.585342952,1.8214684,-1.70328,2.092822
5527835898468,80.605392635,2.0561252,-1.8711575,1.5230713
5527855948151,80.625442318,1.7055094,-1.4653887,0.82560444
5527875997833,80.645492,1.3270203,-0.7185323,0.02714634
5527896017000,80.665511167,0.94021577,-0.112424135,-0.64377785
5527916066682,80.685560849,0.53229314,0.08450508,-1.426156
5527936116365,80.705610532,0.5414371,0.17680287,-2.0239272
5527956166048,80.725660215,0.78366303,-0.19335914,-2.0476165
5527976215731,80.745709898,0.41446444,-0.9424629,-1.4534979
5527996234897,80.765729064,0.011550456,-1.4841589,-0.71730995
5528016284580,80.785778747,0.12854587,-1.6872973,-0.055584908
5528036334263,80.80582843,0.5144608,-1.7812601,0.25045204
5528056353429,80.825847596,0.5661708,-1.8065339,0.28614998
5528076403112,80.845897279,0.35930634,-1.5116451,0.20003796
5528096452795,80.865946962,0.028136253,-1.1877439,-0.39471626
5528116502478,80.885996645,-0.39150998,-0.6808665,-1.14744
5528136521644,80.906015811,-0.18000703,-0.2787819,-1.6073756
5528156571327,80.926065494,0.07678017,-0.106294155,-1.7224073
5528176621009,80.946115176,0.018813282,0.022303104,-1.1469493
5528196670692,80.966164859,-0.44008625,0.15208912,-0.34882927
5528216689859,80.986184026,-0.7684494,0.35267735,0.0413599
5528236739541,81.006233708,-0.6978515,0.560745,0.005209923
5528256789224,81.026283391,-0.70492053,0.64617515,0.05172062
5528276838907,81.046333074,-0.9365037,0.55869126,0.31672478
5528296888591,81.066382758,-0.7431877,0.5423548,0.68335533
5528316907756,81.086401923,-0.24025574,0.52209926,1.5415449
5528336957439,81.106451606,-0.16834742,0.13267422,1.837347
5528357007123,81.12650129,-0.42456225,-0.39090085,1.8668079
5528377056806,81.146550973,0.0054853,-0.6937227,1.8861504
5528397106488,81.166600655,0.41724238,-0.8250601,2.2323895
5528417125654,81.186619821,0.3742475,-0.98435783,2.4084635
5528437175338,81.206669505,0.30357736,-0.99320495,2.3911476
5528457225020,81.226719187,0.07070166,-0.634002,2.4855871
5528477244186,81.246738353,-0.49186283,-0.2733233,2.3580198
5528497293869,81.266788036,-1.0770646,-0.25354218,1.83953
5528517343552,81.286837719,-1.2673694,-0.26263833,1.48629
5528537393235,81.306887402,-1.5063063,-0.3894167,1.3717813
5528557412401,81.326906568,-1.7618312,-0.66223,0.9723911
5528577462084,81.346956251,-1.3387264,-0.8788736,0.4164362
5528597511767,81.367005934,-0.7372782,-0.79910564,-0.009970665
5528617561450,81.387055617,-0.5386808,-0.80889106,-0.38994312
5528637580616,81.407074783,-0.4057564,-0.761719,-0.79084396
5528657630299,81.427124466,-0.038363054,-0.6061704,-1.0796967
5528677679982,81.447174149,0.18885598,-0.5905435,-1.5187778
5528697729665,81.467223832,0.020991147,-0.44042397,-1.724617
5528717779347,81.487273514,-0.14770901,-0.2378819,-1.7601495
5528737829030,81.507323197,-0.14027411,-0.20155072,-1.8663449
5528757848196,81.527342363,-0.04097545,0.06978226,-1.7690492
5528777897879,81.547392046,0.012865901,0.22836733,-1.488893
5528797917046,81.567411213,-0.02439475,0.2246685,-1.2194767
5528817966728,81.587460895,-0.14814448,0.30951738,-0.8979454
5528838016411,81.607510578,-0.3597132,0.4641924,-0.63733006
5528858035577,81.627529744,-0.69622105,0.832304,-0.49161148
5528878085260,81.647579427,-0.8811139,1.0951562,0.19413567
5528898134943,81.66762911,-0.828753,0.5918584,1.2026081
5528918184626,81.687678793,-0.99343646,0.13083696,2.4863825
5528938234309,81.707728476,-1.3226445,-0.26328087,3.9958124
5528958283992,81.727778159,-1.7461034,-0.7561133,3.949994
5528978333675,81.747827842,-2.06153,-0.73659277,2.6991568
5528998352841,81.767847008,-1.8885822,-0.48967218,2.1037054
5529018402523,81.78789669,-1.9988723,-0.97525334,2.6167822
5529038452207,81.807946374,-2.0572615,-1.724966,3.4530773
5529058501890,81.827996057,-1.6102269,-2.381767,3.3894491
5529078521055,81.848015222,-1.2124907,-2.9029582,2.069666
5529098570738,81.868064905,-1.4518065,-2.9096138,-0.011997223
5529118620422,81.888114589,-1.5358161,-2.120054,-1.2373972
5529138670105,81.908164272,-1.7492783,-1.4249973,-1.1090031
5529158719788,81.928213955,-2.8714142,-1.211561,-0.4859171
5529178769471,81.948263638,-3.9704902,-1.1008348,0.038288116
5529198819153,81.96831332,-4.121484,-0.9903765,0.6462183
5529218868836,81.988363003,-3.9489717,-0.9946809,1.1458635
5529238918519,82.008412686,-3.8676682,-1.0046177,1.2276335
5529258968203,82.02846237,-3.4097762,-1.2148283,1.028286
5529279017886,82.048512053,-2.8229327,-1.6232731,0.5686846
5529299067568,82.068561735,-2.1618683,-1.656096,0.27287292
5529319117251,82.088611418,-1.5177579,-1.5586429,0.028920174
5529339166934,82.108661101,-1.1909318,-1.4201207,-0.06270027
5529359216617,82.128710784,-1.1146528,-1.3921905,-0.40009594
5529379235783,82.14872995,-1.060155,-1.0685508,-0.25871658
5529399285466,82.168779633,-0.87545276,-0.859545,0.14879227
5529419335149,82.188829316,-0.7314248,-0.84568787,0.6925478
5529439384832,82.208878999,-0.23956835,-0.86543155,0.799983
5529459434515,82.228928682,-0.37009698,-0.78194475,0.77474976
5529479484198,82.248978365,-0.9258442,-0.55705476,0.2872486
5529499533881,82.269028048,-0.9861718,-0.14752555,-0.015240669
5529519553046,82.289047213,-0.58181524,-0.25818038,0.25759602
5529539602730,82.309096897,-0.012533605,-0.7506242,0.52582264
5529559652413,82.32914658,0.31130558,-0.95884156,0.608222
5529579702096,82.349196263,0.5370575,-0.6063967,0.6166706
5529599751779,82.369245946,0.19499844,-0.37406802,0.50626945
5529619801462,82.389295629,-0.53127193,-0.32991505,0.63983345
5529639851144,82.409345311,-1.1293526,-0.37735105,0.8196287
5529659900827,82.429394994,-1.0782411,-0.4738381,0.9021034
5529679950511,82.449444678,-1.1797115,-0.27012706,1.6832571
5529700000194,82.469494361,-1.6387563,-0.19396782,2.8767176
5529720019359,82.489513526,-1.7198561,-0.56026435,3.8671236
5529740069042,82.509563209,-1.3973722,-0.95819855,2.8897161
5529760118726,82.529612893,-1.5741167,-0.8047614,1.0183544
5529780168409,82.549662576,-1.6361331,-0.35848665,-0.45038795
5529800218091,82.569712258,-1.6013123,-0.26304126,-0.9335766
5529820267774,82.589761941,-1.7642499,-0.77585125,-0.67533684
5529840317457,82.609811624,-1.7135456,-1.183955,-0.22340012
5529860367140,82.629861307,-1.4637882,-1.2115381,-0.058189392
5529880416823,82.64991099,-0.9676291,-1.1609137,-0.34627914
5529900466507,82.669960674,-0.31593728,-1.1484926,-0.60645676
5529920516189,82.690010356,0.013164893,-1.2422729,-0.74061966
5529940565872,82.710060039,0.027665436,-1.1434124,-0.9596405
5529960615555,82.730109722,0.13555983,-0.80458856,-1.1484566
5529980634721,82.750128888,0.26014087,-0.38901854,-1.2713137
5530000684404,82.770178571,0.15731004,0.030287027,-0.98573303
5530020795121,82.790289288,0.0793058,0.33765435,-0.6314087
5530040814286,82.810308453,0.45698375,0.44114852,-0.40671062
5530060863970,82.830358137,1.0722291,0.3925321,-0.37133884
5530080913653,82.85040782,1.2274878,0.46019626,-0.19531918
5530100963336,82.870457503,1.1625702,0.68355656,-0.21739388
5530121013019,82.890507186,1.2200071,0.7651942,-0.56922436
5530141062702,82.910556869,1.4587852,0.7647047,-0.72396946
5530161112384,82.930606551,1.3233536,0.4875703,0.13826561
5530181162067,82.950656234,0.7628552,0.5522766,1.8513937
5530201211751,82.970705918,0.7343286,0.84425807,2.5834398
5530221261434,82.990755601,0.76530385,0.8069041,1.9294424
5530241311117,83.010805284,0.8628481,0.5800636,1.0626726
5530261360800,83.030854967,1.0129154,-0.011654139,0.17241192
5530281410482,83.050904649,0.9235513,-0.3755381,1.1486816
5530301460165,83.070954332,1.246376,-0.9084418,3.2787142
5530321509848,83.091004015,1.6618303,-1.4168936,3.8150787
5530341559532,83.111053699,1.8314555,-1.7590805,2.1657572
5530361609215,83.131103382,1.533612,-1.4620352,-0.0493412
5530381628380,83.151122547,1.2479899,-0.88593554,-1.0322208
5530401678063,83.17117223,0.8161625,-0.7150848,-0.7135334
5530421727747,83.191221914,0.49344578,-0.9178593,-0.60382175
5530441777429,83.211271596,0.36617476,-0.8675413,-0.7115345
5530461827112,83.231321279,0.23824704,-0.7601249,-0.67268467
5530481876795,83.251370962,0.31986332,-0.7843871,-0.4561758
5530501926478,83.271420645,0.54652643,-0.9277246,-0.08355713
5530521976161,83.291470328,0.64094305,-0.8138757,-0.035351753
5530542025844,83.311520011,0.5387767,-0.49236202,-0.50439453
5530562045010,83.331539177,0.41328922,-0.31279254,-1.0257158
5530582094693,83.35158886,0.28404585,0.035135984,-1.2233715
5530602174893,83.37166906,0.18213862,0.5680373,-1.0903664
5530622224576,83.391718743,-0.13134989,1.0133526,-0.8081713
5530642274259,83.411768426,-0.34512913,1.0569899,-0.629076
5530662323941,83.431818108,-0.4647335,1.0711269,-0.4963684
5530682373624,83.451867791,-0.041718856,1.1163924,-0.38510132
5530702423307,83.471917474,0.12014548,1.0028951,-0.33213615
5530722472991,83.491967158,0.10001492,0.76905394,-3.5190582E-4
5530742522674,83.512016841,-0.08252339,0.5995765,0.88740444
5530762572357,83.532066524,-0.40034226,0.6495819,1.9811468
5530782622039,83.552116206,-0.9150897,0.5388732,2.56561
5530802702240,83.572196407,-0.7410464,0.4649992,2.328373
5530822751923,83.59224609,-0.942147,-0.047077894,1.3912773
5530842801606,83.612295773,-0.7281371,-0.31785512,1.7432117
5530862851288,83.632345455,-0.17626607,-0.71944034,2.8277206
5530882900971,83.652395138,0.23536512,-1.3939486,3.3750181
5530902950654,83.672444821,0.5456633,-1.484082,3.010312
5530923000337,83.692494504,0.5814818,-0.9670689,2.197277
5530943050021,83.712544188,-0.0553571,-0.5346085,1.4599323
5530963099703,83.73259387,-1.4776397,-0.050412893,0.045207024
5530983149386,83.752643553,-2.063638,0.40682936,-1.3475504
5531003199069,83.772693236,-2.0519614,0.17396855,-1.1514425
5531023187718,83.792681885,-0.9261852,-0.6555066,-1.1255484
5531043237401,83.812731568,-0.49147815,-0.62976027,-1.3503017
5531063287083,83.83278125,0.34463018,-0.51119053,-1.0463295
5531083336767,83.852830934,0.518532,-0.8938129,-0.17276382
5531103386450,83.872880617,0.3293705,-0.6216104,-0.057439804
5531123436133,83.8929303,0.21416944,-0.19437504,-1.0159731
5531143485816,83.912979983,0.23876545,-0.07761955,-2.3677282
5531163535499,83.933029666,0.3407415,-0.18497396,-2.5216289
5531183585181,83.953079348,0.6017638,-0.1502142,-2.0602074
5531203634864,83.973129031,0.7874086,-0.0042669773,-1.3769484
5531223715065,83.993209232,0.62714654,-0.021192312,-0.82691383
5531243764748,84.013258915,0.3732125,-0.13927913,-0.4364071
5531263814430,84.033308597,0.4053412,0.051136255,0.24316978
5531283864113,84.05335828,0.45823485,0.22321534,1.1029081
5531303913797,84.073407964,0.46505186,-0.06429911,1.4604969
5531323963480,84.093457647,0.7071217,-0.23399425,1.2155066
5531344013163,84.11350733,0.7491268,-0.24341488,1.4062729
5531364062845,84.133557012,0.7496505,-0.30816507,2.0813532
5531384112528,84.153606695,1.2702621,-0.5430087,2.3066463
5531404162211,84.173656378,1.4462119,-0.71032834,1.4402332
5531424211894,84.193706061,0.45880842,-0.1907785,0.22211456
5531444261577,84.213755744,-0.46885753,0.25129533,0.04906845
5531464311261,84.233805428,-0.53490317,0.2323792,1.2820578
5531484360943,84.25385511,0.5347519,-0.4660194,2.8604078
5531504410626,84.273904793,1.2666115,-1.1523105,3.510291
5531524460309,84.293954476,1.6258187,-1.4032876,2.4353466
5531544509992,84.314004159,1.9275202,-1.6925639,0.8501158
5531564559675,84.334053842,1.5581893,-1.7963383,0.25718307
5531584609358,84.354103525,1.003241,-1.3871334,-0.20198536
5531604659041,84.374153208,0.42205206,-1.0981392,-0.830307
5531624708724,84.394202891,-0.47754216,-1.1940815,-1.435379
5531644758407,84.414252574,0.4519244,-0.84516203,-1.7385879
5531664808090,84.434302257,0.6846018,-0.8250725,-1.7415929
5531684857773,84.45435194,0.5112953,-0.90709686,-2.2485309
5531704907456,84.474401623,0.11483285,-0.78253984,-1.9014707
5531724957138,84.494451305,-0.55587685,-0.46540856,-1.6122885
5531745006821,84.514500988,-2.2989042,0.11735058,-1.1626654
5531765056505,84.534550672,-1.179805,0.3272252,-0.7569542
5531785106188,84.554600355,0.30226403,-0.037702322,-0.41804695
5531805216905,84.574711072,0.5294056,-0.12689495,-0.9792166
5531825266588,84.594760755,0.29907733,0.8899634,-0.6086407
5531845316271,84.614810438,0.089693725,1.1385951,-0.2796421
5531865396471,84.634890638,-0.9618733,0.4697938,0.9354553
5531885446154,84.654940321,-0.55751145,0.4581933,0.76226234
5531905495837,84.674990004,0.2878272,0.9489732,1.3039198
5531925545519,84.695039686,0.3691206,0.61321974,1.9024277
5531945595202,84.715089369,0.4428432,0.28040957,1.876708
5531965614368,84.735108535,0.31968832,0.557498,1.2019453
5531985664051,84.755158218,-0.8917079,0.124331,1.2850437
5532005713734,84.775207901,-0.763418,-0.50480294,2.4477034
5532025824451,84.795318618,-0.79181194,-0.38371515,2.656639
5532045874134,84.815368301,-0.9290099,0.13120222,1.6638737
5532065923817,84.835417984,-1.3892248,0.09008932,1.5396519
5532085973501,84.855467668,0.09121157,-0.36652184,2.1776848
5532106023183,84.87551735,1.4644755,-1.0069945,0.7139025
5532126072866,84.895567033,1.309479,-1.7274356,-0.5885563
5532146122549,84.915616716,0.88623935,-1.7992744,-1.2637873
5532166172232,84.935666399,-0.10730858,-1.2339816,-1.5609903
5532186221915,84.955716082,-0.76271164,-0.9840903,-1.5531778
5532206271598,84.975765765,-1.1752894,-0.89838696,-1.2608938
5532226321280,84.995815447,-0.5102699,-0.9145355,-0.7713785
5532246370964,85.015865131,0.040552527,-1.0492718,-0.3943224
5532266420647,85.035914814,-0.046676576,-1.1204681,-0.4317026
5532286470330,85.055964497,-0.018735379,-0.7207055,-1.1523552
5532306520013,85.07601418,0.38580024,-0.4131801,-1.8987222
5532326569696,85.096063863,0.98710084,-0.24968529,-2.1914206
5532346619378,85.116113545,1.1524868,-0.21937752,-1.8503213
5532366669061,85.136163228,0.776221,-0.06098318,-1.3369017
5532386718745,85.156212912,0.3613612,0.0071003437,-0.6632414
5532406798944,85.176293111,-0.09229629,0.24366498,0.3310089
5532426848627,85.196342794,-0.06799948,0.65875864,1.0046415
5532446898310,85.216392477,0.2912854,0.7558222,0.85404396
5532466947994,85.236442161,0.6701307,0.6926043,0.96188736
5532486997677,85.256491844,0.36431366,0.48689055,2.0695047
5532507047360,85.276541527,-0.0034570098,0.35783267,2.7067957
5532527097042,85.296591209,-0.050186157,-0.27360868,3.4092398
5532547146725,85.316640892,-0.116393805,0.15878725,3.0381937
5532567196408,85.336690575,-0.19574162,0.12629652,1.7999325
5532587246091,85.356740258,0.17717254,-0.42952108,2.2989025
5532607295774,85.376789941,0.40050444,-1.2668185,3.7603598
5532627345458,85.396839625,0.30923724,-0.7953906,3.9649487
5532647364623,85.41685879,0.22412369,-0.62215996,2.8480635
5532667414306,85.436908473,0.73399556,-1.2525117,1.4725981
5532687463989,85.456958156,1.274049,-0.7425256,-0.90763855
5532707513672,85.477007839,0.8626374,-0.6514554,-2.5827355
5532727563355,85.497057522,0.71397376,-0.8907299,-2.1621504
5532747613038,85.517107205,0.3491488,-1.1533952,-1.6916876
5532767662721,85.537156888,0.05534473,-1.2673786,-1.9435506
5532787773438,85.557267605,0.40337038,-1.1011608,-1.8315234
5532807823121,85.577317288,0.2807634,-0.7046459,-1.2294679
5532827872803,85.59736697,-0.019275486,-0.70304656,-1.2437057
5532847922487,85.617416654,0.4051466,-0.7482183,-0.810977
5532867972170,85.637466337,0.32225278,-0.3722024,-0.61070156
5532888021853,85.65751602,-0.22940248,-0.14223552,0.07433987
5532908071536,85.677565703,-0.18148148,-0.11256337,0.23343372
5532928121219,85.697615386,0.0052430145,0.052289486,-0.13915062
5532948170901,85.717665068,-0.42572993,0.15855384,-0.39251137
5532968190068,85.737684235,-0.76444346,-0.38252425,-2.4452653
5532988239750,85.757733917,0.27944547,1.0425344,-1.449698
5533008289433,85.7777836,-0.12806934,0.7407427,0.38662052
5533028339116,85.797833283,-0.08402561,0.87273216,0.52812195
5533048419317,85.817913484,-0.04920812,0.7743385,0.53749466
5533068468999,85.837963166,0.2566358,0.31401443,1.1704426
5533088518682,85.858012849,0.035618864,0.2443819,1.6984367
5533108568365,85.878062532,-0.10628712,0.37292385,2.6276484
5533128587531,85.898081698,-0.40116382,-0.06580448,2.557209
5533148637214,85.918131381,-0.7126744,-0.6259208,2.8602066
5533168717414,85.938211581,-0.66926086,-0.6470299,3.416131
5533188767097,85.958261264,-0.74553466,-0.5988538,2.8809671
5533208816780,85.978310947,-0.88760537,-0.71041703,2.053667
5533228866463,85.99836063,-0.8556497,-0.32136106,1.2325125
5533248916146,86.018410313,-0.033958465,-0.5239246,0.14487648
5533268965829,86.038459996,0.3898094,-0.9491637,-0.03222847
5533289015512,86.058509679,-0.18500623,-1.4232774,0.5583334
5533309065195,86.078559362,-0.2868665,-1.6396055,-0.28729248
5533329084361,86.098578528,-0.35027754,-1.2853479,-1.0340185
5533349134043,86.11862821,-0.7150761,-1.0093014,-1.5207663
5533369183727,86.138677894,-1.184813,-0.8850341,-1.2654781
5533389263927,86.158758094,-1.4035833,-0.86495113,-1.1045713
5533409283093,86.17877726,-0.9323117,-0.8408115,-1.1750693
5533429332776,86.198826943,-0.37094742,-0.68773174,-1.1426692
5533449382458,86.218876625,-0.05597037,-0.7021556,-1.1087236
5533469462659,86.238956826,0.26006186,-0.85558915,-1.3429728
5533489481824,86.258975991,0.42273086,-0.75063896,-1.5966558
5533509531508,86.279025675,0.25893992,-0.46268058,-1.7087584
5533529581191,86.299075358,-0.010613918,0.06818104,-3.0056124
5533549630874,86.319125041,-1.1817067,0.5426655,-1.5250802
5533569680556,86.339174723,-1.5390923,0.6769829,-0.32592106
5533589699723,86.35919389,-0.7318229,0.6789708,1.1306105
5533609749406,86.379243573,-0.012423575,0.5046344,1.2953386
