time,seconds_elapsed,x,y,z
5447251317145,0.020811312,-5.326322E-4,5.326322E-4,0.0010652645
5447271397345,0.040891512,-5.326322E-4,5.326322E-4,0.0010652645
5447291447027,0.060941194,-5.326322E-4,5.326322E-4,0.0010652645
5447311527228,0.081021395,-5.326322E-4,5.326322E-4,0.0010652645
5447331576911,0.101071078,-0.007989483,-0.02609898,0.017044231
5447351596077,0.121090244,0.30999196,0.025566347,-0.021837922
5447371645760,0.141139927,0.25353295,0.061252706,-0.017044231
5447391756477,0.161250644,-0.15446335,-0.011717909,0.0127831735
5447411806159,0.181300326,-0.24394555,-0.02609898,0.012250541
5447431825326,0.201319493,0.03355583,-0.0053263223,0.010652645
5447451875009,0.221369176,0.20559604,0.05006743,-0.015446335
5447471924691,0.241418858,0.02396845,0.01438107,-0.0015978967
5447491943858,0.261438025,-0.15180019,-0.023435818,0.013315806
5447511993540,0.281487707,-0.024501082,-0.00479369,0.0026631611
5447532043223,0.30153739,0.10972224,0.011717909,-0.010652645
5447552062390,0.321556557,0.01917476,0.0,-5.326322E-4
5447572112072,0.341606239,-0.080960095,-0.011717909,0.007456851
5447592131238,0.361625405,0.0,0.0015978967,-5.326322E-4
5447612180921,0.381675088,0.056991648,0.009054748,-0.0053263223
5447632200087,0.401694254,-0.01438107,-5.326322E-4,0.002130529
5447652249770,0.421743937,-0.037284255,-0.0026631611,0.004261058
5447672299453,0.44179362,0.024501082,0.00479369,-0.002130529
5447692318619,0.461812786,0.020240024,0.0026631611,-0.0026631611
5447712368301,0.481862468,-0.02609898,-0.002130529,0.0026631611
5447732417985,0.501912152,-0.00479369,0.0010652645,5.326322E-4
5447752437150,0.521931317,0.02396845,0.004261058,-0.0015978967
5447772486833,0.541981,-0.0063915867,0.0010652645,5.326322E-4
5447792536516,0.562030683,-0.012250541,-0.0010652645,0.0015978967
5447812586200,0.582080367,0.013315806,0.002130529,-0.0010652645
5447832635883,0.60213005,0.0058589545,5.326322E-4,5.326322E-4
5447852685566,0.622179733,-0.011717909,-5.326322E-4,5.326322E-4
5447872704732,0.642198899,0.0031957934,0.002130529,-5.326322E-4
5447892754415,0.662248582,0.007456851,0.0015978967,-0.0010652645
5447912804098,0.682298265,-0.0063915867,-5.326322E-4,0.0
5447932823264,0.702317431,0.0,5.326322E-4,-0.0010652645
5447952872947,0.722367114,0.0063915867,0.002130529,-0.0010652645
5447972922629,0.742416796,-0.0031957934,0.0010652645,0.0010652645
5447992972312,0.762466479,-0.0031957934,5.326322E-4,5.326322E-4
5448012991479,0.782485646,0.0063915867,0.0015978967,-0.0010652645
5448033041161,0.802535328,5.326322E-4,5.326322E-4,5.326322E-4
5448053090844,0.822585011,-0.0053263223,5.326322E-4,0.0010652645
5448073140527,0.842634694,0.00479369,0.0015978967,-5.326322E-4
5448093190210,0.862684377,0.0026631611,0.0026631611,0.0
5448113239893,0.88273406,-0.0058589545,0.0010652645,0.0010652645
5448133289575,0.902783742,0.0010652645,5.326322E-4,5.326322E-4
5448153339259,0.922833426,0.0053263223,0.0015978967,0.0
5448173358425,0.942852592,-0.0026631611,0.0,5.326322E-4
5448193408107,0.962902274,-0.0037284256,0.0,5.326322E-4
5448213457791,0.982951958,0.0063915867,0.0010652645,-0.0010652645
5448233507474,1.003001641,0.002130529,0.0010652645,-5.326322E-4
5448253557157,1.023051324,-0.00479369,0.0,5.326322E-4
5448273576322,1.043070489,0.0015978967,5.326322E-4,-0.0010652645
5448293626006,1.063120173,0.0031957934,0.0015978967,-0.0010652645
5448313706205,1.083200372,-0.0026631611,0.0,0.0010652645
5448333725372,1.103219539,-0.0015978967,5.326322E-4,5.326322E-4
5448353775054,1.123269221,0.0037284256,0.0010652645,-5.326322E-4
5448373824737,1.143318904,0.0,0.0015978967,-0.0010652645
5448393874420,1.163368587,-0.0015978967,5.326322E-4,0.0
5448413893586,1.183387753,0.0010652645,0.0037284256,0.0
5448433943269,1.203437436,5.326322E-4,0.002130529,0.0
5448453992952,1.223487119,-0.0015978967,0.0015978967,5.326322E-4
5448474012118,1.243506285,0.0,0.0,5.326322E-4
5448494061801,1.263555968,0.0010652645,5.326322E-4,0.0
5448514111484,1.283605651,0.0,5.326322E-4,5.326322E-4
5448534161167,1.303655334,-0.0010652645,5.326322E-4,-5.326322E-4
5448554210850,1.323705017,-5.326322E-4,0.0,-5.326322E-4
5448574230016,1.343724183,0.0010652645,0.0,-0.0010652645
5448594279699,1.363773866,0.0,0.0010652645,5.326322E-4
5448614329381,1.383823548,0.0,0.0010652645,-5.326322E-4
5448634379065,1.403873232,-5.326322E-4,0.002130529,5.326322E-4
5448654398231,1.423892398,0.0010652645,0.0015978967,0.0
5448674447913,1.44394208,0.0,0.0015978967,-5.326322E-4
5448694497597,1.463991764,-0.0010652645,5.326322E-4,5.326322E-4
5448714547280,1.484041447,0.0010652645,5.326322E-4,5.326322E-4
5448734566445,1.504060612,0.0015978967,5.326322E-4,5.326322E-4
5448754616129,1.524110296,5.326322E-4,0.0,5.326322E-4
5448774665812,1.544159979,-0.0010652645,0.0010652645,0.0010652645
5448794684977,1.564179144,5.326322E-4,5.326322E-4,0.0
5448814734660,1.584228827,5.326322E-4,0.0,0.0
5448834784344,1.604278511,0.0,0.0015978967,5.326322E-4
5448854803509,1.624297676,-5.326322E-4,0.0015978967,0.0
5448874853192,1.644347359,0.0010652645,0.0015978967,5.326322E-4
5448894902876,1.664397043,5.326322E-4,0.0010652645,-0.0010652645
5448914952559,1.684446726,-0.0010652645,0.0026631611,-0.0010652645
5448935002241,1.704496408,0.0015978967,5.326322E-4,-5.326322E-4
5448955021408,1.724515575,0.0010652645,0.002130529,-5.326322E-4
5448975071090,1.744565257,0.0,0.0,5.326322E-4
5448995120773,1.76461494,-5.326322E-4,0.0,0.0
5449015139939,1.784634106,5.326322E-4,0.0,0.0
5449035189622,1.804683789,5.326322E-4,0.0,-5.326322E-4
5449055239305,1.824733472,5.326322E-4,5.326322E-4,5.326322E-4
5449075258470,1.844752637,-5.326322E-4,-5.326322E-4,0.0
5449095308154,1.864802321,5.326322E-4,0.0015978967,0.0
5449115357837,1.884852004,5.326322E-4,5.326322E-4,5.326322E-4
5449135377002,1.904871169,-5.326322E-4,5.326322E-4,0.0
5449155426686,1.924920853,5.326322E-4,0.0015978967,5.326322E-4
5449175476369,1.944970536,0.0015978967,0.0010652645,0.0
5449195526052,1.965020219,5.326322E-4,0.0010652645,-0.0010652645
5449215545217,1.985039384,5.326322E-4,0.0010652645,0.0015978967
5449235594901,2.005089068,0.0,5.326322E-4,5.326322E-4
5449255644584,2.025138751,0.0,0.0010652645,0.0
5449275663749,2.045157916,-5.326322E-4,0.0010652645,5.326322E-4
5449295713433,2.0652076,5.326322E-4,0.0,0.0010652645
5449315732598,2.085226765,0.0,0.0010652645,0.0010652645
5449335782281,2.105276448,0.0,5.326322E-4,5.326322E-4
5449355831965,2.125326132,-5.326322E-4,5.326322E-4,0.0
5449375851130,2.145345297,0.0,0.0010652645,-5.326322E-4
5449395900813,2.16539498,0.0,5.326322E-4,0.0
5449415950497,2.185444664,5.326322E-4,0.0010652645,5.326322E-4
5449435969662,2.205463829,0.0,5.326322E-4,5.326322E-4
5449456019345,2.225513512,0.0,-5.326322E-4,-0.0010652645
5449476038511,2.245532678,5.326322E-4,5.326322E-4,5.326322E-4
5449496088194,2.265582361,-5.326322E-4,0.0,-0.0010652645
5449516137877,2.285632044,5.326322E-4,0.0,0.0
5449536157043,2.30565121,0.0015978967,5.326322E-4,5.326322E-4
5449556206726,2.325700893,-5.326322E-4,5.326322E-4,-5.326322E-4
5449576256409,2.345750576,0.0010652645,0.0010652645,-5.326322E-4
5449596306091,2.365800258,5.326322E-4,5.326322E-4,5.326322E-4
5449616325258,2.385819425,5.326322E-4,0.0,0.0
5449636374940,2.405869107,0.0,-5.326322E-4,-5.326322E-4
5449656424623,2.42591879,-5.326322E-4,0.0010652645,0.0
5449676474306,2.445968473,-5.326322E-4,0.0015978967,0.0
5449696493472,2.465987639,-5.326322E-4,0.0,0.0
5449716543155,2.486037322,0.0,0.0010652645,5.326322E-4
5449736592838,2.506087005,0.0,0.0015978967,-5.326322E-4
5449756642522,2.526136689,-5.326322E-4,5.326322E-4,0.0010652645
5449776692205,2.546186372,0.0,5.326322E-4,0.0015978967
5449796741888,2.566236055,0.0,0.0015978967,0.0010652645
5449816791570,2.586285737,0.0,5.326322E-4,5.326322E-4
5449836810737,2.606304904,0.0010652645,0.0,-5.326322E-4
5449856860419,2.626354586,0.0,0.0,5.326322E-4
5449876910102,2.646404269,0.0,-5.326322E-4,0.0
5449896959785,2.666453952,5.326322E-4,0.0,0.0
5449917009468,2.686503635,0.0,-5.326322E-4,-5.326322E-4
5449937059151,2.706553318,0.0,0.0,0.0
5449957108834,2.726603001,0.0,0.0,0.0
5449977158517,2.746652684,-5.326322E-4,0.0,5.326322E-4
5449997208200,2.766702367,0.0,5.326322E-4,5.326322E-4
5450017257883,2.78675205,0.0,0.0010652645,-0.0010652645
5450037307566,2.806801733,5.326322E-4,5.326322E-4,0.0
5450057357249,2.826851416,5.326322E-4,0.0,0.0
5450077406932,2.846901099,-5.326322E-4,0.0010652645,5.326322E-4
5450097456614,2.866950781,-5.326322E-4,5.326322E-4,0.0
5450117506298,2.887000465,-5.326322E-4,0.0,0.0010652645
5450137555981,2.907050148,0.0,0.0010652645,5.326322E-4
5450157605664,2.927099831,0.0,0.0,5.326322E-4
5450177655347,2.947149514,0.0,5.326322E-4,0.0
5450197705029,2.967199196,5.326322E-4,-5.326322E-4,0.0
5450217754712,2.987248879,0.0,0.0010652645,-0.0010652645
5450237804395,3.007298562,5.326322E-4,0.0015978967,-5.326322E-4
5450257854079,3.027348246,5.326322E-4,5.326322E-4,0.0
5450277903762,3.047397929,5.326322E-4,-5.326322E-4,5.326322E-4
5450297953445,3.067447612,0.0010652645,0.0,-5.326322E-4
5450318003127,3.087497294,0.0,-0.0010652645,-5.326322E-4
5450338022294,3.107516461,5.326322E-4,0.0,-0.0015978967
5450358071977,3.127566144,0.0010652645,5.326322E-4,0.0
5450378121659,3.147615826,5.326322E-4,0.0010652645,5.326322E-4
5450398171342,3.167665509,0.0,0.0,-5.326322E-4
5450418221025,3.187715192,0.0,5.326322E-4,-0.0010652645
5450438270708,3.207764875,5.326322E-4,0.0010652645,0.0
5450458320391,3.227814558,0.0,-5.326322E-4,5.326322E-4
5450478370075,3.247864242,0.0,5.326322E-4,-0.0010652645
5450498419757,3.267913924,5.326322E-4,0.0,0.0
5450518469440,3.287963607,0.0,0.0010652645,-5.326322E-4
5450538519123,3.30801329,5.326322E-4,0.0,-5.326322E-4
5450558568806,3.328062973,5.326322E-4,5.326322E-4,-0.0010652645
5450578618489,3.348112656,5.326322E-4,0.0015978967,-0.002130529
5450598668171,3.368162338,5.326322E-4,5.326322E-4,-5.326322E-4
5450618717854,3.388212021,5.326322E-4,5.326322E-4,0.0
5450638767538,3.408261705,5.326322E-4,0.0015978967,-5.326322E-4
5450658817221,3.428311388,0.0,0.0,-0.0010652645
5450678866904,3.448361071,-5.326322E-4,5.326322E-4,-0.0010652645
5450698916587,3.468410754,0.0010652645,0.0,-0.0010652645
5450718966269,3.488460436,-5.326322E-4,0.0015978967,-5.326322E-4
5450739015952,3.508510119,0.0,-0.0010652645,-5.326322E-4
5450759065635,3.528559802,5.326322E-4,0.0,0.0
5450779115319,3.548609486,-0.0010652645,0.0015978967,-5.326322E-4
5450799165002,3.568659169,0.0,0.0010652645,0.0
5450819214685,3.588708852,0.0,0.0,-5.326322E-4
5450839233851,3.608728018,-5.326322E-4,0.0010652645,-5.326322E-4
5450859283534,3.628777701,-5.326322E-4,0.0,0.0
5450879333216,3.648827383,0.0,0.0010652645,0.0
5450899382899,3.668877066,0.0,5.326322E-4,-5.326322E-4
5450919432582,3.688926749,0.0,0.0010652645,-0.0010652645
5450939482265,3.708976432,5.326322E-4,5.326322E-4,0.0
5450959531948,3.729026115,5.326322E-4,0.0,-5.326322E-4
5450979551114,3.749045281,5.326322E-4,0.0010652645,-5.326322E-4
5450999600797,3.769094964,0.0,5.326322E-4,-5.326322E-4
5451019650480,3.789144647,0.0,0.0,0.0
5451039700163,3.80919433,0.0,0.0,-0.0010652645
5451059749846,3.829244013,0.0,0.0010652645,-5.326322E-4
5451079799529,3.849293696,0.0,0.0010652645,-5.326322E-4
5451099849212,3.869343379,0.0,0.0,0.0
5451119898895,3.889393062,-5.326322E-4,-0.0010652645,-5.326322E-4
5451139948578,3.909442745,0.0010652645,0.0,0.0
5451159998261,3.929492428,5.326322E-4,0.0,-5.326322E-4
5451180047943,3.94954211,0.0,-5.326322E-4,5.326322E-4
5451200097626,3.969591793,0.0,-0.0010652645,-0.0010652645
5451220147310,3.989641477,5.326322E-4,5.326322E-4,5.326322E-4
5451240196993,4.00969116,0.0010652645,0.0010652645,-0.0015978967
5451260246676,4.029740843,0.0,5.326322E-4,-0.0010652645
5451280296358,4.049790525,0.0,0.0,5.326322E-4
5451300346041,4.069840208,0.0,0.0015978967,-5.326322E-4
5451320395724,4.089889891,-5.326322E-4,0.0,-0.0010652645
5451340536959,4.110031126,0.0010652645,-5.326322E-4,-5.326322E-4
5451360586642,4.130080809,5.326322E-4,5.326322E-4,0.0
5451380636324,4.150130491,5.326322E-4,5.326322E-4,-5.326322E-4
5451400655491,4.170149658,5.326322E-4,-5.326322E-4,-5.326322E-4
5451420705173,4.19019934,0.0010652645,0.0010652645,0.0
5451440754856,4.210249023,5.326322E-4,0.0,-5.326322E-4
5451460804539,4.230298706,-5.326322E-4,5.326322E-4,-0.0010652645
5451480854222,4.250348389,0.0,5.326322E-4,-0.0015978967
5451500903905,4.270398072,0.0010652645,0.0010652645,-5.326322E-4
5451520953589,4.290447756,5.326322E-4,0.0010652645,0.0
5451541003271,4.310497438,-5.326322E-4,0.0010652645,-5.326322E-4
5451561052954,4.330547121,5.326322E-4,0.0010652645,-0.0010652645
5451581102637,4.350596804,5.326322E-4,0.0010652645,-5.326322E-4
5451601152320,4.370646487,0.0,0.0,0.0
5451621202003,4.39069617,5.326322E-4,0.0,0.0
5451641251686,4.410745853,5.326322E-4,5.326322E-4,-0.0010652645
5451661301368,4.430795535,5.326322E-4,0.0,-0.0015978967
5451681351052,4.450845219,5.326322E-4,-0.0010652645,-5.326322E-4
5451701400735,4.470894902,0.0010652645,0.0,-0.0010652645
5451721419900,4.490914067,0.0,5.326322E-4,-0.0010652645
5451741500101,4.510994268,0.0,0.0,-0.0010652645
5451761549784,4.531043951,-5.326322E-4,0.0010652645,-0.0010652645
5451781599466,4.551093633,0.0,-5.326322E-4,0.0010652645
5451801649149,4.571143316,0.0010652645,5.326322E-4,5.326322E-4
5451821698833,4.591193,-5.326322E-4,0.0010652645,-0.0015978967
5451841748516,4.611242683,0.0,5.326322E-4,0.0
5451861798199,4.631292366,0.0,0.0010652645,-5.326322E-4
5451881847881,4.651342048,0.0010652645,5.326322E-4,-0.0010652645
5451901897564,4.671391731,-5.326322E-4,0.0010652645,-0.0010652645
5451921947247,4.691441414,0.0,-5.326322E-4,0.0
5451942027448,4.711521615,5.326322E-4,5.326322E-4,0.0
5451962046613,4.73154078,-5.326322E-4,0.0010652645,-5.326322E-4
5451982126813,4.75162098,0.0,5.326322E-4,5.326322E-4
5452002145979,4.771640146,0.0010652645,0.0,-5.326322E-4
5452022195662,4.791689829,0.0010652645,0.0,-0.0015978967
5452042245345,4.811739512,0.0,0.0010652645,-5.326322E-4
5452062325546,4.831819713,0.0,0.0,-5.326322E-4
5452082375228,4.851869395,0.0,0.0015978967,-5.326322E-4
5452102424911,4.871919078,0.0,0.0010652645,-5.326322E-4
5452122474594,4.891968761,0.0,-5.326322E-4,-0.0015978967
5452142524277,4.912018444,0.0015978967,0.0010652645,-0.0015978967
5452162573960,4.932068127,0.0010652645,5.326322E-4,-0.0010652645
5452182623642,4.952117809,-5.326322E-4,0.0,-0.0010652645
5452202673326,4.972167493,5.326322E-4,0.0,0.0
5452222723009,4.992217176,0.0010652645,5.326322E-4,0.0010652645
5452242772692,5.012266859,0.0,5.326322E-4,-5.326322E-4
5452262822375,5.032316542,5.326322E-4,0.0,0.0
5452282872058,5.052366225,0.0010652645,0.0010652645,0.0
5452302921740,5.072415907,0.0,5.326322E-4,-5.326322E-4
5452322971423,5.09246559,5.326322E-4,0.0015978967,-5.326322E-4
5452343021106,5.112515273,5.326322E-4,0.0010652645,-5.326322E-4
5452363070790,5.132564957,-5.326322E-4,-5.326322E-4,-5.326322E-4
5452383120473,5.15261464,5.326322E-4,0.0010652645,-5.326322E-4
5452403170156,5.172664323,-5.326322E-4,-5.326322E-4,0.0010652645
5452423219838,5.192714005,-5.326322E-4,0.0010652645,0.0010652645
5452443269521,5.212763688,5.326322E-4,-0.0010652645,0.0
5452463319204,5.232813371,-0.0010652645,-5.326322E-4,0.0
5452483368887,5.252863054,0.0010652645,0.0,-5.326322E-4
5452503418571,5.272912738,-5.326322E-4,5.326322E-4,0.0
5452523468254,5.292962421,5.326322E-4,5.326322E-4,5.326322E-4
5452543548453,5.31304262,5.326322E-4,-5.326322E-4,5.326322E-4
5452563598136,5.333092303,0.0010652645,5.326322E-4,0.0
5452583647820,5.353141987,5.326322E-4,5.326322E-4,-5.326322E-4
5452603697502,5.373191669,-5.326322E-4,0.0015978967,0.0
5452623747185,5.393241352,5.326322E-4,5.326322E-4,0.0
5452643796868,5.413291035,0.0,0.0010652645,0.0010652645
5452663846551,5.433340718,0.0010652645,0.0,5.326322E-4
5452683896234,5.453390401,5.326322E-4,0.0010652645,5.326322E-4
5452703945917,5.473440084,0.0,0.0010652645,5.326322E-4
5452724026117,5.493520284,5.326322E-4,5.326322E-4,0.0
5452744075800,5.513569967,-5.326322E-4,-5.326322E-4,-5.326322E-4
5452764125483,5.53361965,0.0010652645,0.0,0.0
5452784175165,5.553669332,5.326322E-4,-5.326322E-4,-5.326322E-4
5452804224848,5.573719015,5.326322E-4,0.0,0.0
5452824305049,5.593799216,-5.326322E-4,5.326322E-4,-5.326322E-4
5452844354732,5.613848899,5.326322E-4,0.0,-5.326322E-4
5452864404414,5.633898581,0.0015978967,0.0,5.326322E-4
5452884454097,5.653948264,5.326322E-4,0.0,0.0
5452904503781,5.673997948,0.0,0.0010652645,0.0
5452924553464,5.694047631,0.0,0.0,5.326322E-4
5452944603147,5.714097314,0.0,0.002130529,-0.0010652645
5452964683346,5.734177513,5.326322E-4,5.326322E-4,0.0
5452984733030,5.754227197,5.326322E-4,5.326322E-4,5.326322E-4
5453004782713,5.77427688,-5.326322E-4,5.326322E-4,0.0
5453024832396,5.794326563,0.0,0.0010652645,-5.326322E-4
5453044882078,5.814376245,5.326322E-4,0.0010652645,0.0
5453064931761,5.834425928,0.0,-5.326322E-4,5.326322E-4
5453084981444,5.854475611,5.326322E-4,5.326322E-4,5.326322E-4
5453105031127,5.874525294,5.326322E-4,0.0,0.0
5453125111327,5.894605494,0.0053263223,0.011185277,0.0015978967
5453145161010,5.914655177,0.061252706,0.017576864,-0.0031957934
5453165210693,5.93470486,0.072970614,0.032490566,-0.0010652645
5453185260376,5.954754543,-0.015446335,0.0127831735,0.00479369
5453205310059,5.974804226,-0.087884314,-0.0053263223,0.010652645
5453225390259,5.994884426,0.00479369,5.326322E-4,0.0058589545
5453245439942,6.014934109,0.03834952,0.007456851,-0.0037284256
5453265520142,6.035014309,-0.020240024,0.00479369,0.0015978967
5453285569825,6.055063992,0.002130529,0.0058589545,0.0010652645
5453305619508,6.075113675,0.00479369,0.0053263223,-5.326322E-4
5453325699708,6.095193875,-0.030360037,-0.002130529,0.0037284256
5453345749391,6.115243558,-0.02130529,0.0037284256,0.011717909
5453365860108,6.135354275,-0.01917476,-0.0026631611,0.014913702
5453385909791,6.155403958,-0.02609898,-0.007456851,0.006924219
5453405959474,6.175453641,-0.007989483,0.0,0.0037284256
5453426039674,6.195533841,0.004261058,5.326322E-4,-5.326322E-4
5453446089357,6.215583524,-0.009054748,0.0026631611,0.0
5453466169556,6.235663723,-0.015446335,0.0053263223,0.0010652645
5453486219239,6.255713406,-0.009054748,-0.002130529,5.326322E-4
5453506268923,6.27576309,0.0031957934,0.0010652645,0.0
5453526318606,6.295812773,0.0037284256,-0.004261058,-5.326322E-4
5453546398805,6.315892972,0.0037284256,-0.004261058,-5.326322E-4
5453566448488,6.335942655,0.0053263223,-5.326322E-4,-0.0015978967
5453586498172,6.355992339,-0.0010652645,0.0026631611,0.0
5453606547855,6.376042022,-0.015446335,0.014913702,0.0
5453626597538,6.396091705,-0.02130529,0.00958738,0.0010652645
5453646677737,6.416171904,-0.010120012,0.008522116,5.326322E-4
5453666727421,6.436221588,0.007456851,0.0015978967,-0.0026631611
5453686777104,6.456271271,0.027164243,0.0,-0.0037284256
5453706826787,6.476320954,0.02396845,-0.0026631611,-0.00479369
5453726876469,6.496370636,0.018642128,-0.0031957934,-0.0063915867
5453746956670,6.516450837,0.02130529,-0.002130529,-0.006924219
5453767006353,6.53650052,0.01917476,0.0,-0.007456851
5453787056035,6.556550202,0.009054748,0.0010652645,-0.00479369
5453807105718,6.576599885,0.0058589545,-0.002130529,-0.0026631611
5453827155401,6.596649568,0.015446335,0.0010652645,-0.00479369
5453847205084,6.616699251,0.01917476,0.0026631611,-0.009054748
5453867254767,6.636748934,0.01438107,0.0010652645,-0.00958738
5453887304451,6.656798618,0.0127831735,0.0010652645,-0.007989483
5453907384650,6.676878817,0.012250541,0.0031957934,-0.007456851
5453927434333,6.6969285,0.01438107,5.326322E-4,-0.012250541
5453947484016,6.716978183,0.01917476,-0.0031957934,-0.021837922
5453967533698,6.737027865,0.0010652645,-0.0010652645,-0.025033714
5453987613899,6.757108066,-0.013315806,-0.0053263223,-0.0015978967
5454007663582,6.777157749,-0.010120012,-0.004261058,0.0010652645
5454027713264,6.797207431,0.0063915867,0.0010652645,0.0
5454047762947,6.817257114,0.008522116,0.0015978967,0.0
5454067812631,6.837306798,5.326322E-4,0.0063915867,-5.326322E-4
5454087862314,6.857356481,0.02396845,0.0031957934,-0.0031957934
5454107911997,6.877406164,0.02130529,-0.004261058,-0.009054748
5454127992196,6.897486363,-0.006924219,-0.00479369,-0.008522116
5454148041880,6.917536047,-0.022903185,-0.011717909,0.0037284256
5454168091563,6.93758573,-0.051665325,-0.019707393,0.007989483
5454188141246,6.957635413,-0.083090626,-0.010652645,0.021837922
5454208190929,6.977685096,-0.010120012,-0.00479369,0.02609898
5454228271129,6.997765296,0.0479369,0.0058589545,-0.006924219
5454248320812,7.017814979,-5.326322E-4,-0.002130529,0.0010652645
5454268370495,7.037864662,-0.034088463,-0.0058589545,0.00479369
5454288420177,7.057914344,0.013848438,0.0,5.326322E-4
5454308469860,7.077964027,0.02130529,0.002130529,-0.0015978967
5454328519543,7.09801371,-0.01917476,-0.0010652645,0.002130529
5454348599743,7.11809391,-0.007989483,-0.002130529,0.002130529
5454368618910,7.138113077,0.020772656,0.002130529,-0.0010652645
5454388668593,7.15816276,-0.002130529,-5.326322E-4,0.0
5454408718275,7.178212442,-0.00958738,-5.326322E-4,5.326322E-4
5454428767958,7.198262125,0.011717909,0.0010652645,-5.326322E-4
5454448817641,7.218311808,5.326322E-4,0.0,-0.0010652645
5454468867324,7.238361491,-0.011717909,-5.326322E-4,0.0010652645
5454488917007,7.258411174,0.0053263223,0.0010652645,-5.326322E-4
5454508966690,7.278460857,0.007456851,0.0015978967,-0.0010652645
5454529046890,7.298541057,-0.006924219,0.0,0.0
5454549096573,7.31859074,-5.326322E-4,0.0010652645,5.326322E-4
5454569146256,7.338640423,0.0058589545,0.0015978967,-0.0010652645
5454589195938,7.358690105,-0.002130529,0.0,0.0010652645
5454609245622,7.378739789,-0.0026631611,0.0,0.0015978967
5454629295305,7.398789472,0.00479369,0.0,0.0
5454649375504,7.418869671,-5.326322E-4,0.0015978967,-0.0010652645
5454669425187,7.438919354,-0.0031957934,5.326322E-4,0.0010652645
5454689474871,7.458969038,0.0037284256,5.326322E-4,-5.326322E-4
5454709555071,7.479049238,0.0010652645,0.0,0.0
5454729604753,7.49909892,-0.0037284256,0.0,0.0010652645
5454749654436,7.519148603,0.0010652645,0.0010652645,0.0
5454769704120,7.539198287,0.0026631611,5.326322E-4,5.326322E-4
5454789753803,7.55924797,-0.0026631611,-0.0010652645,0.0
5454809803486,7.579297653,0.0,0.0,0.0
5454829853169,7.599347336,0.0037284256,0.0015978967,-5.326322E-4
5454849902851,7.619397018,-0.0010652645,0.0,5.326322E-4
5454869952534,7.639446701,-0.0026631611,0.0,0.0
5454890002217,7.659496384,0.0031957934,5.326322E-4,0.0
5454910051900,7.679546067,0.0010652645,0.0,0.0010652645
5454930101584,7.699595751,-0.002130529,-5.326322E-4,5.326322E-4
5454950151266,7.719645433,0.002130529,5.326322E-4,5.326322E-4
5454970200949,7.739695116,0.0010652645,5.326322E-4,-0.0010652645
5454990250632,7.759744799,-0.0010652645,0.0,0.0
5455010300315,7.779794482,-0.0010652645,0.0010652645,5.326322E-4
5455030380515,7.799874682,0.002130529,0.0015978967,5.326322E-4
5455050430198,7.819924365,0.0,0.0,-5.326322E-4
5455070479881,7.839974048,-0.0010652645,-5.326322E-4,-5.326322E-4
5455090529564,7.860023731,5.326322E-4,5.326322E-4,-5.326322E-4
5455110579247,7.880073414,0.0010652645,-5.326322E-4,0.0
5455130659447,7.900153614,-5.326322E-4,5.326322E-4,-5.326322E-4
5455150709130,7.920203297,5.326322E-4,5.326322E-4,0.0015978967
5455170758813,7.94025298,5.326322E-4,5.326322E-4,5.326322E-4
5455190808496,7.960302663,5.326322E-4,5.326322E-4,0.0
5455210858178,7.980352345,-5.326322E-4,0.0010652645,5.326322E-4
5455230907862,8.000402029,0.0010652645,0.0015978967,-5.326322E-4
5455250988062,8.020482229,-5.326322E-4,5.326322E-4,0.0010652645
5455271037744,8.040531911,0.0,5.326322E-4,5.326322E-4
5455291087427,8.060581594,-5.326322E-4,0.0,-5.326322E-4
5455311137110,8.080631277,0.0,5.326322E-4,5.326322E-4
5455331186794,8.100680961,0.0015978967,0.0,-5.326322E-4
5455351236477,8.120730644,5.326322E-4,5.326322E-4,-5.326322E-4
5455371286160,8.140780327,0.0,-5.326322E-4,0.0010652645
5455391335842,8.160830009,5.326322E-4,0.0,0.0
5455411355009,8.180849176,5.326322E-4,5.326322E-4,0.0
5455431435208,8.200929375,5.326322E-4,-0.0015978967,0.0
5455451484891,8.220979058,5.326322E-4,5.326322E-4,0.0
5455471534575,8.241028742,-5.326322E-4,0.0010652645,0.0
5455491584258,8.261078425,0.002130529,0.0015978967,-5.326322E-4
5455511633940,8.281128107,-0.0010652645,-5.326322E-4,0.0
5455531683623,8.30117779,0.0,0.0,0.0
5455551733306,8.321227473,0.0,5.326322E-4,-5.326322E-4
5455571782989,8.341277156,-0.0010652645,5.326322E-4,0.0
5455591832672,8.361326839,0.0,-5.326322E-4,-5.326322E-4
5455611882356,8.381376523,0.0010652645,0.0,-5.326322E-4
5455631962555,8.401456722,0.0015978967,0.0,-5.326322E-4
5455652012238,8.421506405,-5.326322E-4,0.0,-0.0015978967
5455672061921,8.441556088,-5.326322E-4,5.326322E-4,5.326322E-4
5455692111603,8.46160577,5.326322E-4,0.0010652645,0.0
5455712161287,8.481655454,0.0,5.326322E-4,0.0
5455732210970,8.501705137,0.0,0.0,-0.002130529
5455752260653,8.52175482,5.326322E-4,5.326322E-4,-5.326322E-4
5455772310336,8.541804503,5.326322E-4,0.0,-0.0010652645
5455792360019,8.561854186,5.326322E-4,-0.0010652645,-5.326322E-4
5455812440219,8.581934386,5.326322E-4,0.0010652645,0.0
5455832489902,8.601984069,0.0,0.0010652645,-5.326322E-4
5455852539585,8.622033752,5.326322E-4,0.0,0.0
5455872589267,8.642083434,5.326322E-4,0.0010652645,-5.326322E-4
5455892638950,8.662133117,0.0,0.0010652645,-5.326322E-4
5455912719151,8.682213318,5.326322E-4,0.0010652645,0.0
5455932768834,8.702263001,5.326322E-4,0.0010652645,-5.326322E-4
5455952818516,8.722312683,0.0015978967,-0.0010652645,-5.326322E-4
5455972868199,8.742362366,0.0,-0.020772656,5.326322E-4
5455992917882,8.762412049,0.0,0.0037284256,0.0
5456012998082,8.782492249,0.0031957934,0.0058589545,-0.0015978967
5456033047765,8.802541932,-0.002130529,0.0037284256,-5.326322E-4
5456053097448,8.822591615,-0.0010652645,-5.326322E-4,5.326322E-4
5456073147131,8.842641298,0.0037284256,-0.0026631611,-5.326322E-4
5456093196815,8.862690982,0.0,-5.326322E-4,-5.326322E-4
5456113246498,8.882740665,-0.0010652645,0.0,-5.326322E-4
5456133296180,8.902790347,0.0031957934,0.0010652645,0.0
5456153345863,8.92284003,-0.010652645,-0.060720075,-0.010652645
5456173395546,8.942889713,-0.07563378,-0.04474111,-0.15499598
5456193445229,8.962939396,-0.11984225,-0.07456851,-0.26045716
5456213494912,8.982989079,-0.09054748,-0.061252706,-0.23222765
5456233575112,9.003069279,-0.06498113,-0.017044231,-0.3568636
5456253624795,9.023118962,0.15925704,-0.37124467,-0.28655612
5456273674478,9.043168645,0.52464277,-0.0958738,0.46179214
5456293724161,9.063218328,0.25193503,-0.52144694,0.21571605
5456313773843,9.08326801,0.21145499,-0.1917476,0.101200126
5456333854044,9.103348211,-0.14274544,-0.02609898,0.03355583
5456353903727,9.123397894,-0.35313517,0.06231797,-0.12197278
5456373922893,9.14341706,-0.49428272,0.10013486,-0.32863408
5456393972576,9.163466743,-0.4878911,0.06657903,-0.31638354
5456414022259,9.183516426,0.044208474,5.326322E-4,-0.10972224
5456434102459,9.203596626,0.11451593,-0.08948222,-0.16245283
5456454152142,9.223646309,0.033023197,-0.07563378,-0.19600865
5456474201825,9.243695992,0.002130529,-0.24980451,-0.120907515
5456494251507,9.263745674,0.05486112,-0.009054748,-0.066046394
5456514301190,9.283795357,0.34408042,-0.18642128,-0.094808534
5456534350873,9.30384504,0.37444046,-0.16884442,0.39840892
5456554400556,9.323894723,0.28442562,-0.11025487,0.52624065
5456574450240,9.343944407,0.13848437,0.049002163,0.2908172
5456594530439,9.364024606,-0.036218993,0.34248254,0.16245283
5456614580122,9.384074289,0.0015978967,0.15819177,0.04261058
5456634629805,9.404123972,0.05486112,-0.2892193,0.14487597
5456654679489,9.424173656,0.051665325,-0.0793622,0.43356264
5456674729171,9.444223338,0.07190535,0.24181503,0.33076462
5456694778854,9.464273021,0.16884442,0.5725796,-0.043675844
5456714859054,9.484353221,0.14807177,0.10918961,-0.112918034
5456734908738,9.504402905,0.039947417,0.2082592,-0.00479369
5456754958420,9.524452587,0.027164243,0.82078624,-0.1603223
5456775008103,9.54450227,0.12836437,0.92305166,-0.3089267
5456795057786,9.564551953,0.10439592,0.71106404,-0.45007423
5456815107469,9.584601636,0.050600063,0.41225734,-0.4910869
5456835157152,9.604651319,0.099069595,0.4383563,-0.36751625
5456855206835,9.624701002,0.22423817,0.20453078,-0.27643612
5456875256518,9.644750685,0.23329292,-0.360592,-0.2545982
5456895336718,9.664830885,0.027164243,-0.5917544,-0.2711098
5456915386401,9.684880568,-0.070307456,-0.17097494,-0.31638354
5456935436083,9.70493025,0.17310548,0.39627838,-0.2876214
5456955485767,9.724979934,0.37337518,0.7717841,-0.20133498
5456975535450,9.745029617,0.304133,0.73609775,-0.16085494
5456995615649,9.765109816,0.13369069,0.21944448,-0.18056233
5457015665332,9.785159499,0.030360037,-0.304133,-0.101200126
5457035715015,9.805209182,0.24501082,-0.105993815,-0.13422333
5457055795216,9.825289383,0.360592,-0.2876214,-0.18269286
5457075844898,9.845339065,0.31851408,-0.82344943,-0.12197278
5457095894581,9.865388748,0.21571605,-0.51984906,-0.044208474
5457115944264,9.885438431,0.066046394,-0.55287224,-0.009054748
5457135993948,9.905488115,0.128897,-0.33981937,0.09427591
5457156043631,9.925537798,0.3009372,-0.17097494,0.12197278
5457176093313,9.94558748,0.19760656,-0.011185277,0.13528858
5457196142996,9.965637163,0.16085494,0.039414786,-0.05912218
5457216223197,9.985717364,0.32650355,0.09267801,-0.19760656
5457236272880,10.005767047,0.48682585,0.0314253,-0.28442562
5457256322562,10.025816729,0.57311225,-0.013315806,-0.24714136
5457276372245,10.045866412,0.5858955,0.020772656,-0.20932446
5457296421928,10.065916095,0.5075985,0.11930962,-0.28229508
5457316471611,10.085965778,0.37444046,-0.14221281,-0.36218992
5457336521294,10.106015461,0.32277513,-0.11664646,-0.30839407
5457356601494,10.126095661,0.2828277,0.036218993,-0.32863408
5457376651177,10.146145344,0.25672874,0.2727077,-0.304133
5457396731377,10.166225544,0.2892193,0.33289513,-0.16405073
5457416781060,10.186275227,0.37071204,0.23382555,-0.006924219
5457436861260,10.206355427,0.32969934,0.23329292,0.0777643
5457456910943,10.22640511,0.1603223,0.24394555,0.12836437
5457476960626,10.246454793,-0.03568636,0.002130529,0.3057309
5457497010309,10.266504476,-0.22583607,-0.1736381,0.5342301
5457517059992,10.286554159,-0.3339604,-0.32597092,0.4101268
5457537109675,10.306603842,-0.39894155,-0.41172472,0.1933455
5457557159358,10.326653525,-0.44315,-0.43888897,0.2247708
5457577209040,10.346703207,-0.3536678,-0.38456047,0.25992453
5457597289241,10.366783408,-0.2050634,-0.14168017,0.08735169
5457617338924,10.386833091,-0.16884442,0.0644485,-0.028229509
5457637388606,10.406882773,-0.20240025,0.035153728,-0.09534117
5457657438289,10.426932456,-0.23861924,-0.0058589545,-0.096939065
5457677487972,10.446982139,-0.19600865,-0.07882957,-0.08575379
5457697537656,10.467031823,-0.14327806,-0.08362326,-0.07137272
5457717587339,10.487081506,-0.09321064,-0.015978966,-0.043675844
5457737637022,10.507131189,-0.037284255,0.084155895,-0.056991648
5457757717221,10.527211388,0.058589544,0.28815404,-0.077231675
5457777766905,10.547261072,0.25726137,0.15393071,-0.1107875
5457797816588,10.567310755,0.3057309,0.03355583,-0.07669904
5457817866270,10.587360437,0.14594123,-0.05912218,-0.037284255
5457837915953,10.60741012,-0.027164243,-0.08948222,-0.0053263223
5457857996154,10.627490321,-0.0793622,-0.084155895,0.058589544
5457878045837,10.647540004,-0.02396845,0.008522116,0.06711166
5457898095519,10.667589686,0.032490566,0.08468852,0.060720075
5457918145202,10.687639369,-0.012250541,0.10865697,0.11025487
5457938194885,10.707689052,-0.099069595,0.16618125,0.09853696
5457958275085,10.727769252,-0.12942964,0.1635181,0.032490566
5457978324768,10.747818935,-0.092145376,0.09534117,-0.025033714
5457998374451,10.767868618,-0.06338324,0.06657903,-0.10546118
5458018454651,10.787948818,-0.037284255,0.013315806,-0.21678132
5458038504334,10.807998501,0.034621093,-0.07137272,-0.304133
5458058554017,10.828048184,0.11504856,-0.0793622,-0.406931
5458078603700,10.848097867,0.14753912,-0.014913702,-0.5049353
5458098683899,10.868178066,0.15499598,0.049002163,-0.62903863
5458118733583,10.88822775,0.17789917,0.08149273,-0.70840085
5458138783266,10.908277433,0.13369069,0.049534798,-0.7435546
5458158832949,10.928327116,0.0053263223,-0.03355583,-0.73343456
5458178882632,10.948376799,-0.12516858,-0.087884314,-0.7350325
5458198932315,10.968426482,-0.1635181,-0.056459017,-0.721184
5458219012515,10.988506682,-0.0777643,-0.007456851,-0.7435546
5458239062198,11.008556365,0.055926383,-0.06391586,-0.80800307
5458259111881,11.028606048,0.11930962,-0.12942964,-0.86872315
5458279161563,11.04865573,0.10759171,-0.10333065,-0.91985583
5458299211246,11.068705413,0.07084008,-0.058589544,-0.93903065
5458319260929,11.088755096,-0.025566347,-0.04314321,-0.9779128
5458339310613,11.10880478,-0.14168017,-0.10972224,-0.99921805
5458359360296,11.128854463,-0.15233281,-0.21944448,-0.9603359
5458379409979,11.148904146,-0.082025364,-0.26844665,-0.93903065
5458399459661,11.168953828,-0.0037284256,-0.3057309,-0.9443569
5458419509344,11.189003511,0.033023197,-0.3568636,-0.912399
5458439559027,11.209053194,5.326322E-4,-0.33981937,-0.8671253
5458459608710,11.229102877,0.0010652645,-0.2775014,-0.81066626
5458479658393,11.24915256,0.02876214,-0.23329292,-0.76059884
5458499708077,11.269202244,-0.0314253,-0.21731395,-0.7041398
5458519757759,11.289251926,-0.0974717,-0.23009712,-0.61199445
5458539807442,11.309301609,-0.08042747,-0.25353295,-0.51931643
5458559857125,11.329351292,-0.042077947,-0.23009712,-0.3834952
5458579906808,11.349400975,-0.011185277,-0.13209279,-0.24767399
5458599956491,11.369450658,0.0058589545,-0.028229509,-0.19600865
5458620006173,11.38950034,-0.00958738,0.020772656,-0.1784318
5458640086374,11.409580541,-0.068176925,-0.0026631611,-0.096939065
5458660136057,11.429630224,-0.07137272,-0.0026631611,-0.0026631611
5458680185740,11.449679907,-0.007456851,0.058589544,5.326322E-4
5458700235422,11.469729589,0.033023197,0.08948222,-0.050600063
5458720285106,11.489779273,0.012250541,0.058056913,-0.082025364
5458740334789,11.509828956,-0.035153728,0.06391586,-0.10652645
5458760414988,11.529909155,-0.051132694,0.04527374,-0.12676647
5458780464671,11.549958838,-0.06711166,0.035153728,-0.12516858
5458800514355,11.570008522,-0.108124346,0.054328486,-0.13954964
5458820564038,11.590058205,-0.12037488,0.0644485,-0.14966966
5458840613721,11.610107888,-0.06178534,0.068176925,-0.17150758
5458860663404,11.630157571,5.326322E-4,0.09640643,-0.2082592
5458880743604,11.650237771,-0.012250541,0.099069595,-0.22743396
5458900793287,11.670287454,-0.10013486,0.101200126,-0.2561961
5458920842970,11.690337137,-0.16724652,0.080960095,-0.29614353
5458940892652,11.710386819,-0.113983296,0.01438107,-0.29028457
5458960942335,11.730436502,-0.0053263223,-0.013848438,-0.2727077
5458981022536,11.750516703,0.019707393,0.00958738,-0.2743056
5459001072219,11.770566386,-0.019707393,-0.011185277,-0.20879184
5459021121901,11.790616068,-0.075101145,-0.012250541,-0.1571265
5459041171584,11.810665751,-0.07403588,-0.0063915867,-0.12197278
5459061221267,11.830715434,-0.036751624,0.013315806,-0.082025364
5459081301467,11.850795634,-0.05219796,0.027696876,-0.03781689
5459101351150,11.870845317,-0.06231797,0.023435818,0.0053263223
5459121400833,11.890895,-0.011185277,-0.00958738,0.066046394
5459141450516,11.910944683,0.029294772,-0.025033714,0.16564862
5459161500199,11.930994366,0.01917476,-0.00958738,0.29507825
5459181580399,11.951074566,0.0026631611,0.04314321,0.40213734
5459201630082,11.971124249,-0.009054748,0.072970614,0.46658584
5459221679765,11.991173932,-0.020240024,0.040480047,0.53263223
5459241759965,12.011254132,-0.053795855,0.0031957934,0.6061355
5459261809648,12.031303815,-0.07669904,-0.04261058,0.70840085
5459281889847,12.051384014,-0.06764429,-0.013848438,0.8378305
5459301939531,12.071433698,-0.025566347,0.084155895,0.96939063
5459321989214,12.091483381,-0.0037284256,0.098004326,1.1116035
5459342038897,12.111533064,-0.0053263223,0.0974717,1.2213258
5459362088580,12.131582747,-0.015446335,0.040480047,1.2969595
5459382138263,12.15163243,-0.021837922,0.02130529,1.3928332
5459402218463,12.17171263,-0.05912218,-0.00479369,1.4631407
5459422298662,12.191792829,-0.07456851,0.00958738,1.4658039
5459442348345,12.211842512,-0.058056913,0.06711166,1.4327807
5459462398029,12.231892196,-0.027696876,0.15446335,1.4088123
5459482447712,12.251941879,0.0053263223,0.20879184,1.3619406
5459502497395,12.271991562,-0.007456851,0.175236,1.2958943
5459522547078,12.292041245,-0.070307456,0.17150758,1.2303804
5459542596760,12.312090927,-0.12836437,0.19867182,1.200553
5459562646443,12.33214061,-0.14168017,0.21411815,1.2010857
5459582696126,12.352190293,-0.108124346,0.20559604,1.1456919
5459602776326,12.372270493,-0.061252706,0.18482338,1.0562097
5459622826009,12.392320176,-0.05965481,0.118776985,1.0183928
5459642875692,12.412369859,-0.08522116,0.082025364,1.0327739
5459662925375,12.432419542,-0.06551377,0.08522116,1.0508834
5459682975058,12.452469225,-0.036751624,0.12250541,1.0013486
5459703024742,12.472518909,-0.051665325,0.15286545,0.87990844
5459723074424,12.492568591,-0.050600063,0.11824436,0.7803062
5459743124107,12.512618274,-0.03355583,0.04527374,0.773382
5459763173790,12.532667957,-0.027696876,0.066046394,0.8090684
5459783223473,12.55271764,-0.03888215,0.055926383,0.8564726
5459803273156,12.572767323,-0.07882957,-0.03888215,0.95660746
5459823353356,12.592847523,-0.09427591,-0.13156016,1.0444918
5459843403039,12.612897206,-0.1107875,-0.17470337,1.0902982
5459863452722,12.632946889,-0.12463594,-0.15339808,0.9986854
5459883502405,12.652996572,-0.1257012,-0.17150758,0.8836369
5459903552087,12.673046254,-0.10652645,-0.23595607,0.8426242
5459923601770,12.693095937,-0.090014845,-0.30786142,0.83516735
5459943651454,12.713145621,-0.066046394,-0.25246766,0.82078624
5459963701137,12.733195304,-0.03888215,-0.1587244,0.7483483
5459983750820,12.753244987,-0.006924219,-0.14061491,0.65460503
5460003831019,12.773325186,0.030360037,-0.16831179,0.60507023
5460023880703,12.79337487,0.04314321,-0.13635385,0.59228706
5460043930386,12.813424553,0.02609898,-0.07403588,0.59867865
5460063980069,12.833474236,0.0053263223,-0.041012682,0.62903863
5460084060268,12.853554435,-0.024501082,0.010120012,0.6135923
5460104109952,12.873604119,-0.061252706,0.05539375,0.5858955
5460124159635,12.893653802,-0.103863284,0.098004326,0.5571333
5460144209318,12.913703485,-0.094808534,0.07456851,0.53529537
5460164259000,12.933753167,-0.040480047,0.048469532,0.51292485
5460184308683,12.95380285,0.0,0.030360037,0.5273059
5460204358366,12.973852533,-0.008522116,-0.002130529,0.55606806
5460224438566,12.993932733,-0.041012682,-0.03834952,0.5901565
5460244488249,13.013982416,-0.07403588,-0.00479369,0.6098639
5460264537932,13.034032099,-0.06231797,0.055926383,0.6135923
5460284587615,13.054081782,5.326322E-4,0.07456851,0.644485
5460304637298,13.074131465,0.018109497,0.053795855,0.6945524
5460324686982,13.094181149,-0.050600063,0.06498113,0.70200926
5460344767181,13.114261348,-0.1454086,0.10652645,0.6695187
5460364816864,13.134311031,-0.18162759,0.10652645,0.64714813
5460384866547,13.154360714,-0.165116,0.06711166,0.62584287
5460404916229,13.174410396,-0.12676647,-0.0053263223,0.60293967
5460424996430,13.194490597,-0.07243799,-0.03195793,0.56618804
5460445046113,13.21454028,-0.015446335,0.0026631611,0.47351006
5460465095795,13.234589962,0.007456851,0.006924219,0.3888215
5460485175996,13.254670163,-0.004261058,-0.011185277,0.36432046
5460505225679,13.274719846,0.0,-0.022903185,0.3355583
5460525275362,13.294769529,0.029827405,-0.03195793,0.314253
5460545325044,13.314819211,0.032490566,0.0053263223,0.27856666
5460565374727,13.334868894,0.023435818,0.06178534,0.21731395
5460585424411,13.354918578,0.020772656,0.090014845,0.15925704
5460605474094,13.374968261,0.050600063,0.053263225,0.15606125
5460625523777,13.395017944,0.09267801,0.058589544,0.17204021
5460645573460,13.415067627,0.092145376,0.04474111,0.13475595
5460665623142,13.435117309,0.036751624,0.006924219,0.0974717
5460685672825,13.455166992,-0.037284255,-0.002130529,0.07829694
5460705722508,13.475216675,-0.05752428,0.007989483,0.0793622
5460725772192,13.495266359,-0.0063915867,0.015978966,0.07829694
5460745821875,13.515316042,0.042077947,0.041012682,0.036218993
5460765871557,13.535365724,0.056991648,0.05273059,0.03355583
5460785951757,13.555445924,0.05752428,-0.0127831735,0.098004326
5460806001441,13.575495608,0.039947417,-0.034088463,0.16405073
5460826051124,13.595545291,0.022903185,-0.022370555,0.20133498
5460846100806,13.615594973,0.016511599,0.02130529,0.19014971
5460866150489,13.635644656,0.018642128,0.02876214,0.17310548
5460886230689,13.655724856,-0.0053263223,0.0479369,0.0644485
5460906280372,13.675774539,-0.018642128,0.024501082,-0.077231675
5460926330055,13.695824222,0.026631612,0.0037284256,-0.18801917
5460946379738,13.715873905,0.11824436,0.034621093,-0.3190467
5460966459938,13.735954105,0.19014971,0.04474111,-0.38402784
5460986509621,13.756003788,0.20186761,-0.013848438,-0.42077947
5461006559304,13.776053471,0.13741912,-0.023435818,-0.47564057
5461026639504,13.796133671,0.066046394,-0.012250541,-0.4788364
5461046689186,13.816183353,0.049002163,0.00958738,-0.4628574
5461066738870,13.836233037,0.10013486,-0.0015978967,-0.42237735
5461086819070,13.856313237,0.15126756,-0.015978966,-0.40373522
5461106868752,13.876362919,0.14327806,-0.03568636,-0.43729106
5461126918435,13.896412602,0.11451593,-0.06764429,-0.4857606
5461146968119,13.916462286,0.14114754,-0.07350325,-0.5635249
5461167017802,13.936511969,0.20985709,-0.04314321,-0.6508766
5461187098001,13.956592168,0.23382555,-0.026631612,-0.7089335
5461207147684,13.976641851,0.14807177,-0.03195793,-0.72437984
5461227197368,13.996691535,0.09374327,-0.04580637,-0.7307714
5461247277567,14.016771734,0.12197278,-0.036751624,-0.75793564
5461267327250,14.036821417,0.21678132,0.010652645,-0.799481
5461287376933,14.0568711,0.28495824,0.104928546,-0.8681905
5461307426617,14.076920784,0.28495824,0.14061491,-0.9331717
5461327476300,14.096970467,0.25033715,0.17789917,-0.95607483
5461347525983,14.11702015,0.27803403,0.18375812,-0.9550096
5461367606182,14.137100349,0.32170987,0.104928546,-0.8841695
5461387655866,14.157150033,0.27856666,0.0777643,-0.81545997
5461407705549,14.177199716,0.17630127,0.07403588,-0.7824367
5461427846782,14.197340949,0.10546118,0.083090626,-0.78083885
5461447896465,14.217390632,0.10066749,0.0644485,-0.8005462
5461467946148,14.237440315,0.14221281,0.02130529,-0.8175905
5461487995832,14.257489999,0.1784318,-0.02609898,-0.8213189
5461508076031,14.277570198,0.17417073,-0.05912218,-0.793622
5461528125714,14.297619881,0.108124346,-0.09054748,-0.78989357
5461548175397,14.317669564,0.035153728,-0.1107875,-0.8021441
5461568225081,14.337719248,0.027164243,-0.1587244,-0.8133294
5461588274763,14.35776893,0.050600063,-0.16884442,-0.7813715
5461608354963,14.37784913,0.08362326,-0.111852765,-0.72011876
5461628404646,14.397898813,0.10439592,-0.03888215,-0.68816084
5461648454328,14.417948495,0.13901702,-0.013315806,-0.6540724
5461668534529,14.438028696,0.14753912,-0.0058589545,-0.6428871
5461688584212,14.458078379,0.11451593,-0.013315806,-0.65513766
5461708633895,14.478128062,0.10173275,0.00479369,-0.6247776
5461728683577,14.498177744,0.1272991,0.016511599,-0.5566007
5461748763778,14.518257945,0.09534117,0.015978966,-0.49375007
5461768813461,14.538307628,0.00479369,0.0026631611,-0.4314321
5461788863143,14.55835731,-0.05539375,-0.05752428,-0.3371562
5461808912826,14.578406993,-0.036751624,-0.123038046,-0.18855181
5461828993027,14.598487194,-0.0015978967,-0.1784318,-0.077231675
5461849042709,14.618536876,-0.017044231,-0.18961707,-0.01917476
5461869092392,14.638586559,-0.075101145,-0.19867182,0.048469532
5461889172593,14.65866676,-0.1272991,-0.21997711,0.11345066
5461909222276,14.678716443,-0.13369069,-0.22423817,0.15606125
5461929271958,14.698766125,-0.092145376,-0.21038973,0.1571265
5461949352159,14.718846326,-0.06338324,-0.15233281,0.14807177
5461969401842,14.738896009,-0.082558,-0.05965481,0.12197278
5461989451524,14.758945691,-0.08735169,0.014913702,0.092145376
5462009531725,14.779025892,-0.076166406,0.027696876,0.06711166
5462029581408,14.799075575,-0.06764429,-0.04580637,0.068176925
5462049631090,14.819125257,-0.046339005,-0.075101145,0.053263225
5462069680773,14.83917494,-0.022903185,-0.035153728,-0.018642128
5462089730456,14.859224623,0.0010652645,0.017044231,-0.06977482
5462109810657,14.879304824,0.02609898,0.0053263223,-0.09054748
5462129860339,14.899354506,0.034088463,-0.020240024,-0.08362326
5462149910022,14.919404189,0.011185277,-0.002130529,-0.0628506
5462169990223,14.93948439,-0.0053263223,0.04527374,-0.03781689
5462190039905,14.959534072,0.010652645,0.06338324,-0.018109497
5462210089588,14.979583755,0.020772656,0.044208474,0.011185277
5462230139271,14.999633438,0.008522116,0.00958738,0.026631612
5462250188954,15.019683121,-0.009054748,-0.011717909,0.03781689
5462270238637,15.039732804,-0.016511599,0.007989483,0.040480047
5462290318837,15.059813004,0.009054748,-0.0010652645,0.091080114
5462310368520,15.079862687,0.007989483,-0.03089267,0.112918034
5462330418203,15.09991237,-0.029294772,-0.05912218,0.12783173
5462350467886,15.119962053,-0.068176925,-0.027696876,0.12783173
5462370548086,15.140042253,-0.061252706,-0.018642128,0.1272991
5462390597769,15.160091936,-0.027164243,-0.055926383,0.14327806
5462410647452,15.180141619,-0.02876214,-0.098004326,0.165116
5462430697135,15.200191302,-0.060720075,-0.06711166,0.21145499
5462450777335,15.220271502,-0.108124346,-0.04474111,0.28708878
5462470827018,15.240321185,-0.13528858,-0.0777643,0.3888215
5462490876701,15.260370868,-0.13795175,-0.06924219,0.4383563
5462510926383,15.28042055,-0.13475595,-0.025033714,0.4048005
5462530976066,15.300470233,-0.12037488,0.012250541,0.314253
5462551025749,15.320519916,-0.0777643,0.028229509,0.21411815
5462571075433,15.3405696,-0.034088463,0.010652645,0.13635385
5462591125116,15.360619283,-0.006924219,0.00958738,0.07137272
5462611174799,15.380668966,-0.020772656,-0.009054748,0.029294772
5462631224481,15.400718648,-0.036751624,-0.029294772,0.019707393
5462651274164,15.420768331,-0.027696876,-0.03888215,0.012250541
5462671323847,15.440818014,-0.008522116,-0.0314253,-0.035153728
5462691373530,15.460867697,-0.011717909,-0.05273059,-0.06551377
5462711423213,15.48091738,-0.05965481,-0.06551377,-0.061252706
5462731472897,15.500967064,-0.09161274,-0.019707393,-0.07350325
5462751553096,15.521047263,-0.06178534,0.056991648,-0.12516858
5462771602779,15.541096946,-0.0063915867,0.08681905,-0.14753912
5462791652462,15.561146629,-0.006924219,0.066046394,-0.113983296
5462811702145,15.581196312,-0.044208474,0.10546118,-0.07989483
5462831751828,15.601245995,-0.04314321,0.19068234,-0.082025364
5462851801511,15.621295678,-0.014913702,0.22849922,-0.08575379
5462871851194,15.641345361,0.002130529,0.15819177,-0.04314321
5462891931394,15.661425561,-0.015978966,0.022903185,0.0053263223
5462911981077,15.681475244,-0.028229509,-0.06391586,0.02609898
5462932030760,15.701524927,-0.024501082,-0.09054748,0.034088463
5462952080443,15.72157461,-0.025566347,-0.0974717,0.027696876
5462972130126,15.741624293,-0.034088463,-0.090014845,0.037284255
5462992179808,15.761673975,-0.03834952,-0.06178534,0.034621093
5463012260009,15.781754176,-0.029827405,-0.056991648,0.022903185
5463032309692,15.801803859,-0.0058589545,-0.055926383,0.011717909
5463052359375,15.821853542,0.0053263223,0.0010652645,0.007989483
5463072409057,15.841903224,-0.0031957934,0.080960095,-0.014913702
5463092458740,15.861952907,-0.019707393,0.11025487,-0.029827405
5463112538941,15.882033108,-0.040480047,0.09054748,-0.015446335
5463132588623,15.90208279,-0.036218993,0.03781689,0.036751624
5463152638306,15.922132473,-0.007456851,0.0127831735,0.08468852
5463172687989,15.942182156,0.0037284256,0.011717909,0.084155895
5463192768189,15.962262356,-0.00479369,-0.012250541,0.09054748
5463212817872,15.982312039,-0.025566347,-0.035153728,0.11451593
5463232867555,16.002361722,-0.054328486,-0.06018744,0.14327806
5463252917238,16.022411405,-0.054328486,-0.0628506,0.15446335
5463272966921,16.042461088,-0.02876214,-0.043675844,0.12836437
5463293047121,16.062541288,-0.007989483,-0.021837922,0.108124346
5463313096804,16.082590971,-0.0058589545,-0.013848438,0.09374327
5463333146487,16.102640654,-0.0037284256,-0.029827405,0.103863284
5463353196170,16.122690337,0.008522116,-0.053263225,0.108124346
5463373276370,16.142770537,0.00958738,-0.041545313,0.0793622
5463393326053,16.16282022,-0.013315806,0.002130529,0.06018744
5463413375736,16.182869903,-0.029827405,0.060720075,0.06178534
5463433425419,16.202919586,-0.0058589545,0.084155895,0.08149273
5463453475102,16.222969269,0.012250541,0.058056913,0.084155895
5463473524785,16.243018952,0.007989483,0.039947417,0.08948222
5463493604985,16.263099152,-0.022903185,0.02396845,0.090014845
5463513654667,16.283148834,-0.051665325,0.042077947,0.083090626
5463533704351,16.303198518,-0.068176925,0.06018744,0.07456851
5463553754034,16.323248201,-0.07084008,0.050600063,0.0958738
5463573803717,16.343297884,-0.068176925,0.032490566,0.15393071
5463593853400,16.363347567,-0.058589544,-0.014913702,0.24927188
5463613903083,16.38339725,-0.053795855,0.018642128,0.2790993
5463633952765,16.403446932,-0.06764429,0.055926383,0.27004454
5463654002448,16.423496615,-0.08575379,0.09374327,0.2759035
5463674052131,16.443546298,-0.06231797,0.06657903,0.32650355
5463694101815,16.463595982,-0.039414786,0.04261058,0.33289513
5463714151498,16.483645665,-0.039414786,0.055926383,0.26897928
5463734201181,16.503695348,-0.026631612,0.05273059,0.20879184
5463754250863,16.52374503,-0.010120012,0.06551377,0.15765914
5463774300546,16.543794713,0.002130529,0.08681905,0.1123854
5463794350229,16.563844396,0.008522116,0.07882957,0.09054748
5463814399912,16.583894079,-0.010120012,0.035153728,0.09161274
5463834480112,16.603974279,-0.040480047,-0.00479369,0.07989483
5463854529795,16.624023962,-0.05273059,-0.03781689,0.0479369
5463874579478,16.644073645,-0.034088463,-0.044208474,0.017576864
5463894629161,16.664123328,-0.0037284256,-0.030360037,0.0037284256
5463914678845,16.684173012,0.0053263223,-0.02396845,0.03195793
5463934759044,16.704253211,-0.0037284256,-0.02609898,0.07563378
5463954808727,16.724302894,-0.007989483,-0.026631612,0.108124346
5463974858410,16.744352577,-0.020772656,-0.041012682,0.11451593
5463994908093,16.76440226,-0.016511599,-0.039414786,0.13102753
5464014957776,16.784451943,0.01917476,-0.03089267,0.14327806
5464035007459,16.804501626,0.049534798,-0.044208474,0.17789917
5464055087659,16.824581826,0.04314321,-0.056459017,0.20559604
5464075137342,16.844631509,-0.0010652645,-0.046871636,0.18322548
5464095187025,16.864681192,-0.041012682,-0.03888215,0.13262543
5464115236708,16.884730875,-0.06018744,-0.0015978967,0.06924219
5464135286391,16.904780558,-0.046871636,0.08628642,-0.00958738
5464155336074,16.924830241,-0.013848438,0.15446335,-0.08468852
5464175416274,16.944910441,0.009054748,0.1667139,-0.13528858
5464195465957,16.964960124,0.004261058,0.16298546,-0.18375812
5464215515640,16.985009807,-0.01917476,0.14221281,-0.21518342
5464235565323,17.00505949,-0.058056913,0.1123854,-0.23169503
5464255615005,17.025109172,-0.070307456,0.0628506,-0.24341293
5464275664688,17.045158855,-0.039414786,0.011717909,-0.2657835
5464295714371,17.065208538,0.011185277,-0.05965481,-0.30679616
5464315794571,17.085288738,0.03195793,-0.2034655,-0.33822146
5464335844254,17.105338421,0.010120012,-0.27004454,-0.33129725
5464355893937,17.125388104,-0.055926383,-0.2444782,-0.32437304
5464375943620,17.145437787,-0.09853696,-0.128897,-0.34088463
5464395993304,17.165487471,-0.072970614,-0.024501082,-0.36964676
5464416073503,17.18556767,-0.010652645,0.041012682,-0.41758367
5464436123186,17.205617353,0.036751624,0.06977482,-0.46498793
5464456264421,17.225758588,0.021837922,0.083090626,-0.48149952
5464476314103,17.24580827,-0.013315806,0.1257012,-0.5044027
5464496363786,17.265857953,0.0031957934,0.12037488,-0.53955644
5464516413469,17.285907636,0.016511599,0.1257012,-0.5635249
5464536493669,17.305987836,-0.020772656,0.30786142,-0.690824
5464556543352,17.326037519,-0.051665325,0.44581318,-0.8016115
5464576593035,17.346087202,-5.326322E-4,0.54168695,-0.8319715
5464596642718,17.366136885,0.10066749,0.5699165,-0.7952199
5464616692401,17.386186568,0.082025364,0.5139901,-0.72171664
5464636742084,17.406236251,-0.06711166,0.36751625,-0.6215818
5464656822284,17.426316451,-0.22743396,0.1603223,-0.5107943
5464676871967,17.446366134,-0.29561087,-0.041545313,-0.38136467
5464696921650,17.466415817,-0.25992453,-0.27057716,-0.27483824
5464716971332,17.486465499,-0.18748654,-0.49321744,-0.2146508
5464737021015,17.506515182,-0.16245283,-0.6380934,-0.19228023
5464757101216,17.526595383,-0.19600865,-0.6514092,-0.15606125
5464777150899,17.546645066,-0.21837921,-0.62104917,-0.120907515
5464797200581,17.566694748,-0.19441076,-0.56459016,-0.10918961
5464817250264,17.586744431,-0.16298546,-0.4958806,-0.05273059
5464837299948,17.606794115,-0.17044231,-0.3717773,-0.007989483
5464857349631,17.626843798,-0.18322548,-0.26631612,0.02876214
5464877399314,17.646893481,-0.16085494,-0.19387813,0.044208474
5464897448997,17.666943164,-0.10546118,-0.111852765,0.056991648
5464917498679,17.686992846,-0.051665325,0.020240024,0.06764429
5464937548362,17.707042529,-0.02396845,0.11717909,0.055926383
5464957598045,17.727092212,-0.029294772,0.12250541,0.03568636
5464977647729,17.747141896,-0.049534798,0.10173275,0.041012682
5464997697412,17.767191579,-0.039414786,0.06657903,0.06498113
5465017777611,17.787271778,-0.01438107,0.013315806,0.06977482
5465037827294,17.807321461,-0.008522116,-0.011717909,0.029294772
5465057876978,17.827371145,-0.05219796,-0.027164243,-0.029827405
5465077926661,17.847420828,-0.111852765,-0.027164243,-0.03888215
5465097976343,17.86747051,-0.12357068,-0.056459017,-0.015978966
5465118026026,17.887520193,-0.082025364,-0.09321064,0.009054748
5465138075709,17.907569876,-0.05752428,-0.16990969,0.029294772
5465158125392,17.927619559,-0.06764429,-0.1949434,0.06764429
5465178175075,17.947669242,-0.06018744,-0.16831179,0.10333065
5465198224758,17.967718925,-0.048469532,-0.08362326,0.09853696
5465218304958,17.987799125,-0.058056913,-0.05006743,0.070307456
5465238354641,18.007848808,-0.090014845,-0.06977482,0.08468852
5465258404324,18.027898491,-0.10013486,-0.04261058,0.10705908
5465278454006,18.047948173,-0.06764429,0.032490566,0.091080114
5465298503690,18.067997857,-0.06178534,0.00958738,0.07669904
5465318553373,18.08804754,-0.054328486,-0.1470065,0.112918034
5465338633572,18.108127739,0.03355583,-0.2796319,0.16138756
5465358683255,18.128177422,0.15126756,-0.37071204,0.1949434
5465378732939,18.148227106,0.24927188,-0.49002165,0.20772657
5465398782622,18.168276789,0.32810146,-0.51452273,0.2082592
5465418862821,18.188356988,0.3850931,-0.42770368,0.21678132
5465438912504,18.208406671,0.44421527,-0.27856666,0.2130529
5465459023221,18.228517388,0.48948902,-0.15446335,0.2247708
5465479072905,18.248567072,0.5107943,-0.025033714,0.14807177
5465499122588,18.268616755,0.4527374,0.32597092,0.053263225
5465519172271,18.288666438,0.35579833,0.9257148,-0.0015978967
5465539221953,18.30871612,0.06924219,1.1377025,-0.006924219
5465559271636,18.328765803,-0.33981937,1.176052,0.006924219
5465579351837,18.348846004,-0.7137272,1.3672669,-0.07563378
5465599401520,18.368895687,-1.1387677,-0.0063915867,-0.15073492
5465619451202,18.388945369,-1.0519487,-0.27057716,-0.31691617
5465639500885,18.408995052,-0.3472762,-0.54807854,-0.24554345
5465659550568,18.429044735,0.18429075,-0.65673554,-0.21678132
5465679630768,18.449124935,0.4825648,-0.3057309,-0.14487597
5465699680451,18.469174618,0.6737798,-0.18695392,-0.1123854
5465719730134,18.489224301,0.6354303,-0.06870956,-0.06498113
5465739779817,18.509273984,0.3387541,0.02609898,-0.021837922
5465759829500,18.529323667,-0.01917476,0.08948222,-0.0644485
5465779879183,18.54937335,-0.3339604,0.05752428,-0.12197278
5465799928866,18.569423033,-0.6109292,0.41758367,-0.042077947
5465820009066,18.589503233,-0.8745821,0.9171927,0.06870956
5465840058749,18.609552916,-1.0700581,0.8042747,0.094808534
5465860108431,18.629602598,-0.7845673,0.19281286,0.11611383
5465880158115,18.649652282,0.08681905,0.25992453,0.15180019
5465900207798,18.669701965,0.30839407,0.008522116,0.07190535
5465920257481,18.689751648,0.23435818,0.21837921,5.326322E-4
5465940307164,18.709801331,0.047404267,0.96992326,0.056991648
5465960356847,18.729851014,-0.17257284,1.4450313,0.21358553
5465980406529,18.749900696,-0.36112466,0.9997507,0.20719394
5466000456212,18.769950379,-0.22264028,0.022370555,0.20080236
5466020505896,18.790000063,0.22530343,-0.12357068,0.14114754
5466040555579,18.810049746,0.08735169,-0.3190467,0.08042747
5466060605262,18.830099429,-0.34194988,-0.43409526,-0.03888215
5466080654945,18.850149112,-0.6993461,0.05219796,-0.17310548
5466100704627,18.870198794,0.6450176,-0.63383234,-0.39627838
5466120754310,18.890248477,1.196292,-0.15126756,-0.5704491
5466140834511,18.910328678,0.660464,0.068176925,-0.8042747
5466160884193,18.93037836,-0.058056913,0.03195793,-0.5933523
5466180933876,18.950428043,-0.25246766,-0.0063915867,0.0628506
5466200983559,18.970477726,-0.07137272,0.04580637,0.1123854
5466221033242,18.990527409,0.03089267,0.013315806,-0.061252706
5466241082925,19.010577092,-0.037284255,-0.02396845,-0.00958738
5466261163125,19.030657292,-0.19813919,-0.111852765,0.08149273
5466281212808,19.050706975,-0.37923414,-0.33449304,0.17097494
5466301262491,19.070756658,-0.47670585,-1.1275824,0.28549087
5466321312174,19.090806341,-0.18908444,-2.6439865,0.35100463
5466341361858,19.110856025,0.64341974,0.4000068,0.29614353
5466361411540,19.130905707,0.5070659,0.38456047,0.34621096
5466381461223,19.15095539,0.049534798,0.24074976,0.35739622
5466401510906,19.171005073,-0.29348037,-0.19973709,0.3339604
5466421591106,19.191085273,-0.21891184,0.025566347,0.29507825
5466441640789,19.211134956,-0.007989483,0.048469532,0.21944448
5466461659954,19.231154121,0.18482338,-0.07882957,0.1257012
5466481770671,19.251264838,0.23808661,0.09640643,0.039414786
5466501850872,19.271345039,0.027696876,0.027696876,-0.008522116
5466521900555,19.291394722,-0.16405073,-0.049534798,0.010652645
5466541950238,19.311444405,-0.090014845,-0.018109497,0.0058589545
5466561999920,19.331494087,0.066046394,0.011717909,-0.00479369
5466582080121,19.351574288,0.101200126,0.025566347,-0.0026631611
5466602129804,19.371623971,-5.326322E-4,-0.007456851,0.0010652645
5466622179486,19.391673653,-0.05912218,-0.015978966,0.0053263223
5466642229169,19.411723336,-0.01438107,0.0015978967,0.002130529
5466662309370,19.431803537,0.03089267,0.010120012,-0.0053263223
5466682359052,19.451853219,0.010120012,-0.0010652645,0.0010652645
5466702408735,19.471902902,-0.01438107,-0.00479369,0.0015978967
5466722458418,19.491952585,0.0015978967,0.0026631611,0.0
5466742508101,19.512002268,0.007456851,0.0015978967,-0.0015978967
5466762557785,19.532051952,-0.00479369,0.0,5.326322E-4
5466782637984,19.552132151,-0.0015978967,0.0010652645,-0.0015978967
5466802687667,19.572181834,0.002130529,0.002130529,-5.326322E-4
5466822737350,19.592231517,-0.0010652645,0.0,0.0010652645
5466842787034,19.612281201,0.002130529,-5.326322E-4,-0.0010652645
5466862836717,19.632330884,5.326322E-4,5.326322E-4,-0.0015978967
5466882886399,19.652380566,-5.326322E-4,5.326322E-4,5.326322E-4
5466902936082,19.672430249,0.002130529,-5.326322E-4,0.0
5466922985765,19.692479932,-0.0010652645,0.0010652645,-5.326322E-4
5466943035448,19.712529615,-0.004261058,-5.326322E-4,-0.002130529
5466963085131,19.732579298,0.004261058,0.0026631611,-0.0026631611
5466983165331,19.752659498,0.00479369,-0.0053263223,-0.0010652645
5467003215014,19.772709181,0.0,-0.009054748,0.0010652645
5467023264697,19.792758864,5.326322E-4,5.326322E-4,-5.326322E-4
5467043314380,19.812808547,0.0015978967,0.0058589545,-0.0010652645
5467063364063,19.83285823,-0.013315806,0.007456851,-0.082558
5467083413746,19.852907913,-0.008522116,-0.034621093,-0.46552056
5467103463429,19.872957596,-0.0127831735,-0.0053263223,-0.68816084
5467123513112,19.893007279,-0.03355583,0.0314253,-0.8942895
5467143562795,19.913056962,-0.034088463,0.0031957934,-0.9864349
5467163612478,19.933106645,-0.037284255,-0.030360037,-0.8474179
5467183662160,19.953156327,-0.027696876,-0.013315806,-0.598146
5467203711843,19.97320601,0.049002163,-0.021837922,-0.33182988
5467223761527,19.993255694,0.108124346,-0.034621093,-0.0628506
5467243811210,20.013305377,0.047404267,0.016511599,0.09640643
5467263891409,20.033385576,-0.060720075,0.010652645,0.15925704
5467283941092,20.053435259,-0.044208474,0.006924219,0.21252026
5467303990776,20.073484943,0.02130529,-0.012250541,0.25672874
5467324040459,20.093534626,0.058056913,-0.004261058,0.2711098
5467344090142,20.113584309,0.025566347,0.002130529,0.26525086
5467364139824,20.133633991,-0.023435818,0.0010652645,0.2428803
5467384220025,20.153714192,-0.02130529,0.0015978967,0.21624869
5467404269708,20.173763875,0.013848438,-0.0010652645,0.18588865
5467424319390,20.193813557,0.027696876,0.0010652645,0.14807177
5467444369073,20.21386324,0.0015978967,0.0010652645,0.10013486
5467464418756,20.233912923,-0.01917476,-0.0015978967,0.05219796
5467484468439,20.253962606,0.0010652645,0.002130529,0.012250541
5467504518122,20.274012289,0.016511599,0.0031957934,-0.0026631611
5467524567805,20.294061972,-0.0026631611,-0.0015978967,-0.002130529
5467544648005,20.314142172,-0.007456851,-0.0010652645,0.0015978967
5467564697688,20.334191855,0.009054748,5.326322E-4,-5.326322E-4
5467584747371,20.354241538,0.0026631611,0.0,-0.0015978967
5467604797053,20.37429122,-0.0063915867,-5.326322E-4,5.326322E-4
5467624846737,20.394340904,0.0037284256,0.0010652645,-5.326322E-4
5467644896420,20.414390587,0.004261058,0.0010652645,-0.0010652645
5467664946103,20.43444027,-0.0037284256,-0.0015978967,-0.0010652645
5467684995786,20.454489953,0.0,5.326322E-4,-5.326322E-4
5467705075986,20.474570153,0.0031957934,0.0015978967,5.326322E-4
5467725125669,20.494619836,5.326322E-4,-5.326322E-4,0.0
5467745175352,20.514669519,-5.326322E-4,5.326322E-4,-0.0010652645
5467765225035,20.534719202,-5.326322E-4,0.0010652645,-5.326322E-4
5467785274717,20.554768884,0.0015978967,5.326322E-4,-5.326322E-4
5467805385434,20.574879601,0.0,5.326322E-4,-5.326322E-4
5467825435117,20.594929284,-5.326322E-4,0.0,-0.0015978967
5467845484800,20.614978967,0.0010652645,0.0015978967,5.326322E-4
5467865534484,20.635028651,0.0031957934,0.0010652645,-0.0010652645
5467885584167,20.655078334,5.326322E-4,0.0,-0.0010652645
5467905633850,20.675128017,-0.0015978967,-5.326322E-4,-5.326322E-4
5467925714049,20.695208216,0.002130529,0.0,5.326322E-4
5467945763733,20.7152579,0.0,-5.326322E-4,0.0
5467965813416,20.735307583,0.0,0.0010652645,-5.326322E-4
5467985863099,20.755357266,5.326322E-4,0.0010652645,-0.0010652645
5468005912781,20.775406948,0.002130529,0.0,5.326322E-4
5468025992982,20.795487149,5.326322E-4,0.0,-0.0010652645
5468046042665,20.815536832,-0.0010652645,-5.326322E-4,0.0
5468066092347,20.835586514,0.0010652645,-5.326322E-4,-5.326322E-4
5468086142030,20.855636197,0.0015978967,0.0015978967,-5.326322E-4
5468106191713,20.87568588,-5.326322E-4,0.0,-0.0010652645
5468126241396,20.895735563,5.326322E-4,0.0010652645,0.0
5468146291079,20.915785246,0.0015978967,0.0,0.0
5468166340762,20.935834929,0.0015978967,0.0010652645,-0.0010652645
5468186390445,20.955884612,5.326322E-4,5.326322E-4,-0.0015978967
5468206440128,20.975934295,0.0,0.0010652645,-5.326322E-4
5468226489811,20.995983978,0.0026631611,5.326322E-4,-5.326322E-4
5468246539494,21.016033661,-5.326322E-4,5.326322E-4,0.0
5468266619694,21.036113861,-0.0015978967,5.326322E-4,-5.326322E-4
5468286669377,21.056163544,0.0,5.326322E-4,-0.0010652645
5468306719060,21.076213227,0.0010652645,5.326322E-4,5.326322E-4
5468326768743,21.09626291,-5.326322E-4,0.0,5.326322E-4
5468346818426,21.116312593,5.326322E-4,-5.326322E-4,-5.326322E-4
5468366868108,21.136362275,5.326322E-4,0.0,0.0
5468386917791,21.156411958,0.0010652645,0.0010652645,0.0
5468406967475,21.176461642,0.0010652645,0.0,0.0
5468427017158,21.196511325,0.0,0.0,-5.326322E-4
5468447097357,21.216591524,0.0010652645,0.0,0.0010652645
5468467147040,21.236641207,0.0,-5.326322E-4,-5.326322E-4
5468487257757,21.256751924,-5.326322E-4,0.0,-0.0010652645
5468507307441,21.276801608,5.326322E-4,0.0,5.326322E-4
5468527357124,21.296851291,5.326322E-4,0.0010652645,5.326322E-4
5468547406807,21.316900974,5.326322E-4,0.0,-0.0010652645
5468567487006,21.336981173,5.326322E-4,-5.326322E-4,-5.326322E-4
5468587536690,21.357030857,0.0010652645,-5.326322E-4,-0.0010652645
5468607586373,21.37708054,0.0010652645,0.0010652645,0.0
5468627636055,21.397130222,0.0010652645,5.326322E-4,0.0
5468647685738,21.417179905,0.0015978967,5.326322E-4,-0.0010652645
5468667735421,21.437229588,0.0010652645,5.326322E-4,-0.0015978967
5468687785104,21.457279271,0.0,5.326322E-4,0.0
5468707834787,21.477328954,5.326322E-4,5.326322E-4,-0.0010652645
5468727914987,21.497409154,0.0010652645,5.326322E-4,-5.326322E-4
5468747964670,21.517458837,0.0015978967,0.0,0.0
5468768014353,21.53750852,5.326322E-4,0.0,5.326322E-4
5468788033519,21.557527686,0.0,-0.0037284256,0.0
5468808052685,21.577546852,-0.0010652645,0.0,0.0010652645
5468828132885,21.597627052,0.002130529,-0.0026631611,5.326322E-4
5468848182568,21.617676735,0.0010652645,-0.0026631611,0.0
5468868232250,21.637726417,5.326322E-4,0.0010652645,0.0
5468888281934,21.657776101,0.0026631611,5.326322E-4,0.0
5468908331617,21.677825784,0.002130529,5.326322E-4,0.0
5468928381300,21.697875467,-5.326322E-4,-5.326322E-4,-0.0015978967
5468948430983,21.71792515,5.326322E-4,-5.326322E-4,-5.326322E-4
5468968480666,21.737974833,0.002130529,0.0,5.326322E-4
5468988530348,21.758024515,5.326322E-4,5.326322E-4,5.326322E-4
5469008580031,21.778074198,-0.0015978967,5.326322E-4,-0.0015978967
5469028629714,21.798123881,0.0010652645,0.0010652645,0.0
5469048679398,21.818173565,0.002130529,0.0,5.326322E-4
5469068729081,21.838223248,0.0010652645,-5.326322E-4,-5.326322E-4
5469088778764,21.858272931,-5.326322E-4,0.0,0.0
5469108828446,21.878322613,0.0010652645,0.002130529,0.0
5469128878129,21.898372296,0.0010652645,0.0010652645,-5.326322E-4
5469148927812,21.918421979,-5.326322E-4,0.0010652645,-0.0010652645
5469168977495,21.938471662,5.326322E-4,0.0,-5.326322E-4
5469189027179,21.958521346,0.002130529,-5.326322E-4,0.0
5469209076861,21.978571028,0.0015978967,0.0,-0.0010652645
5469229126544,21.998620711,-5.326322E-4,0.0,0.0
5469249176227,22.018670394,0.0010652645,0.0010652645,-5.326322E-4
5469269225910,22.038720077,0.0010652645,-5.326322E-4,0.0
5469289275593,22.05876976,-5.326322E-4,5.326322E-4,-5.326322E-4
5469309325276,22.078819443,0.0,5.326322E-4,0.0
5469329374958,22.098869125,5.326322E-4,0.0010652645,0.0
5469349424642,22.118918809,0.002130529,5.326322E-4,-5.326322E-4
5469369474325,22.138968492,-5.326322E-4,-0.0010652645,-0.0010652645
5469389554525,22.159048692,0.0,-0.0015978967,-0.0010652645
5469409604207,22.179098374,5.326322E-4,-5.326322E-4,-5.326322E-4
5469429653891,22.199148058,0.0010652645,5.326322E-4,5.326322E-4
5469449703574,22.219197741,0.0,0.0,-5.326322E-4
5469469753257,22.239247424,0.0015978967,-5.326322E-4,-5.326322E-4
5469489833456,22.259327623,0.002130529,5.326322E-4,-5.326322E-4
5469509883140,22.279377307,5.326322E-4,5.326322E-4,-5.326322E-4
5469529902305,22.299396472,5.326322E-4,0.0,0.0
5469549982506,22.319476673,0.0010652645,-0.0010652645,0.0
5469570032189,22.339526356,5.326322E-4,0.0010652645,-0.0010652645
5469590081871,22.359576038,0.0010652645,0.0010652645,0.0
5469610131554,22.379625721,0.0,0.0010652645,0.0
5469630181237,22.399675404,0.0010652645,0.0010652645,5.326322E-4
5469650230921,22.419725088,0.0010652645,-5.326322E-4,-5.326322E-4
5469670280604,22.439774771,0.0010652645,-5.326322E-4,0.0
5469690330287,22.459824454,0.0010652645,-5.326322E-4,-5.326322E-4
5469710379969,22.479874136,5.326322E-4,0.0015978967,-5.326322E-4
5469730429652,22.499923819,5.326322E-4,0.0010652645,-5.326322E-4
5469750479335,22.519973502,5.326322E-4,-5.326322E-4,-5.326322E-4
5469770529018,22.540023185,5.326322E-4,0.0010652645,0.0
5469790609218,22.560103385,0.002130529,0.0,-5.326322E-4
5469810658901,22.580153068,0.0010652645,0.0010652645,-5.326322E-4
5469830708584,22.600202751,0.0010652645,0.0,-0.0010652645
5469850758267,22.620252434,5.326322E-4,-5.326322E-4,0.0
5469870838467,22.640332634,0.0015978967,0.0015978967,-5.326322E-4
5469890888150,22.660382317,5.326322E-4,5.326322E-4,-0.0010652645
5469910937833,22.680432,-5.326322E-4,0.0010652645,0.0
5469930987516,22.700481683,0.0010652645,-5.326322E-4,0.0
5469951037198,22.720531365,0.0010652645,5.326322E-4,-5.326322E-4
5469971086882,22.740581049,0.0010652645,5.326322E-4,-0.002130529
5469991136565,22.760630732,0.0,5.326322E-4,0.0
5470011186248,22.780680415,0.0010652645,0.0,0.0
5470031235931,22.800730098,5.326322E-4,5.326322E-4,0.0
5470051285614,22.820779781,0.0,0.0,-0.0010652645
5470071335296,22.840829463,5.326322E-4,0.0,-5.326322E-4
5470091384979,22.860879146,0.0010652645,-5.326322E-4,-0.0010652645
5470111434663,22.88092883,5.326322E-4,5.326322E-4,-5.326322E-4
5470131484346,22.900978513,5.326322E-4,-0.0010652645,5.326322E-4
5470151534029,22.921028196,0.0,0.0,0.0
5470171583712,22.941077879,0.0010652645,0.0,-5.326322E-4
5470191663911,22.961158078,0.0,5.326322E-4,-5.326322E-4
5470211713595,22.981207762,0.0010652645,0.0010652645,5.326322E-4
5470231763278,23.001257445,0.0026631611,0.0015978967,-0.0010652645
5470251812960,23.021307127,0.0010652645,0.007989483,-0.0010652645
5470271862643,23.04135681,5.326322E-4,0.0,-5.326322E-4
5470291912326,23.061406493,-0.16085494,0.08468852,0.2428803
5470311962009,23.081456176,-0.27004454,0.017044231,0.7526093
5470332011692,23.101505859,0.007456851,-0.15286545,1.216532
5470352061376,23.121555543,0.4415521,0.04527374,1.5904398
5470372111058,23.141605225,0.47990164,0.17736652,1.7976338
5470392191258,23.161685425,-0.1486044,0.017044231,1.8588865
5470412240941,23.181735108,-0.44741106,-0.10705908,1.6213325
5470432290624,23.201784791,-0.18322548,-0.0026631611,1.2596753
5470452340307,23.221834474,0.098004326,-0.008522116,0.9731191
5470472389990,23.241884157,0.28176245,-0.004261058,0.68176925
5470492439673,23.26193384,0.19281286,0.03834952,0.28495824
5470512489356,23.281983523,-0.10972224,-0.007989483,-0.09374327
5470532539039,23.302033206,-0.24394555,-0.02609898,-0.20719394
5470552588721,23.322082888,-0.058056913,0.014913702,-0.24554345
5470572638404,23.342132571,0.15073492,-0.004261058,-0.23329292
5470592688088,23.362182255,0.18375812,0.032490566,-0.17630127
5470612737771,23.382231938,-0.044208474,-0.0026631611,-0.077231675
5470632817970,23.402312137,-0.11025487,0.05912218,-0.0063915867
5470652867653,23.42236182,-0.018642128,-0.058589544,-0.09161274
5470672917337,23.442411504,0.094808534,-0.05219796,-0.19867182
5470692936502,23.462430669,0.050600063,-0.015446335,-0.30945933
5470712986185,23.482480352,-0.06764429,5.326322E-4,-0.4426174
5470733035869,23.502530036,0.054328486,0.06657903,-0.8048073
5470753085552,23.522579719,0.082558,0.036751624,-1.2175972
5470773135235,23.542629402,0.006924219,0.011185277,-1.4583471
5470793184917,23.562679084,-0.06391586,-0.0058589545,-1.4402375
5470813234600,23.582728767,-0.09853696,-0.0058589545,-1.1749867
5470833314801,23.602808968,0.00958738,-0.014913702,-0.8836369
5470853364483,23.62285865,0.06924219,-0.010652645,-0.7499462
5470873383649,23.642877816,-0.029294772,-0.0037284256,-0.6897587
5470893433333,23.6629275,-0.10013486,-0.02396845,-0.5906891
5470913513532,23.683007699,0.0010652645,-0.0053263223,-0.36325517
5470933563215,23.703057382,0.08042747,0.0026631611,-0.12144015
5470953612898,23.723107065,0.010652645,0.0010652645,0.06231797
5470973662581,23.743156748,-0.055926383,-0.0010652645,0.12197278
5470993712264,23.763206431,0.00958738,0.007989483,0.2444782
5471013761947,23.783256114,0.050600063,0.010652645,0.41225734
5471033811630,23.803305797,-0.02130529,-0.006924219,0.52464277
5471053861313,23.82335548,-0.058589544,-0.013848438,0.5006743
5471073910996,23.843405163,0.011717909,0.0,0.42184472
5471093960678,23.863454845,0.04314321,0.00479369,0.34301516
5471114010362,23.883504529,-0.0127831735,-0.0010652645,0.24767399
5471134060045,23.903554212,-0.030360037,-0.004261058,0.1486044
5471154109728,23.923603895,0.013315806,5.326322E-4,0.058056913
5471174159411,23.943653578,0.020772656,0.0037284256,-0.013848438
5471194209094,23.963703261,-0.014913702,-0.0058589545,0.0
5471214258776,23.983752943,-0.0063915867,-0.0063915867,-0.0010652645
5471234308459,24.003802626,0.0127831735,-0.0010652645,-0.002130529
5471254358142,24.023852309,-0.0026631611,-0.0010652645,-5.326322E-4
5471274407826,24.043901993,-0.0031957934,-5.326322E-4,0.0010652645
5471294457509,24.063951676,0.006924219,0.0015978967,-0.0015978967
5471314507191,24.084001358,-0.002130529,0.0,5.326322E-4
5471334556874,24.104051041,-5.326322E-4,-5.326322E-4,0.0010652645
5471354606557,24.124100724,0.0058589545,-5.326322E-4,-0.0015978967
5471374656240,24.144150407,-0.0037284256,5.326322E-4,-5.326322E-4
5471394705923,24.16420009,-0.0015978967,0.002130529,-5.326322E-4
5471414786123,24.18428029,0.0037284256,0.0010652645,5.326322E-4
5471434835806,24.204329973,-0.002130529,0.0,0.0
5471454885489,24.224379656,-0.002130529,-0.0010652645,-5.326322E-4
5471474935172,24.244429339,0.0010652645,0.0010652645,-0.0015978967
5471494984856,24.264479023,5.326322E-4,-5.326322E-4,0.0
5471515095573,24.28458974,0.0,5.326322E-4,-0.0015978967
5471535175772,24.304669939,-0.0010652645,5.326322E-4,-0.0010652645
5471555225455,24.324719622,-5.326322E-4,0.0010652645,0.0
5471575275138,24.344769305,-5.326322E-4,5.326322E-4,0.0
5471595324821,24.364818988,0.0,0.0,-0.0010652645
5471615374504,24.384868671,0.0015978967,-5.326322E-4,-0.0010652645
5471635424187,24.404918354,0.0015978967,-0.0010652645,0.0
5471655473870,24.424968037,5.326322E-4,-5.326322E-4,0.0
5471675554070,24.445048237,-0.0010652645,-0.0010652645,-5.326322E-4
5471695603753,24.46509792,-0.0010652645,0.0,-0.0010652645
5471715653436,24.485147603,5.326322E-4,5.326322E-4,5.326322E-4
5471735703119,24.505197286,0.0010652645,0.0,-5.326322E-4
5471755752802,24.525246969,0.0,0.0,0.0
5471775802484,24.545296651,0.0010652645,0.0010652645,0.0
5471795882685,24.565376852,-5.326322E-4,0.002130529,-5.326322E-4
5471815932368,24.585426535,-5.326322E-4,0.0,-5.326322E-4
5471836012568,24.605506735,0.0,-0.0015978967,0.0
5471856062251,24.625556418,0.0,5.326322E-4,-5.326322E-4
5471876111934,24.645606101,0.0,5.326322E-4,-0.0010652645
5471896161617,24.665655784,0.0,0.0010652645,0.0
5471916241816,24.685735983,0.0,0.0010652645,-5.326322E-4
5471936291500,24.705785667,0.0010652645,0.0010652645,0.0
5471956341183,24.72583535,-5.326322E-4,0.0010652645,-0.0010652645
5471976390865,24.745885032,-5.326322E-4,5.326322E-4,0.0010652645
5471996440548,24.765934715,5.326322E-4,-5.326322E-4,0.0
5472016490231,24.785984398,-5.326322E-4,5.326322E-4,0.0
5472036570432,24.806064599,-0.002130529,5.326322E-4,-0.0010652645
5472056620114,24.826114281,0.0015978967,0.0015978967,-0.0010652645
5472076669797,24.846163964,-0.0010652645,0.0010652645,0.0
5472096719480,24.866213647,5.326322E-4,0.0015978967,-0.0010652645
5472116799680,24.886293847,0.118776985,0.014913702,-0.08681905
5472136849363,24.90634353,0.2247708,0.036218993,-0.36112466
5472156899046,24.926393213,0.10439592,0.0058589545,-0.67058396
5472176948729,24.946442896,0.07243799,-0.0026631611,-0.8522116
5472196998412,24.966492579,-0.03568636,-0.014913702,-0.7275756
5472217048095,24.986542262,-0.13954964,-0.020240024,-0.3435478
5472237128295,25.006622462,-0.03568636,-0.015446335,0.09054748
5472257177978,25.026672145,-0.07403588,-0.020772656,0.32756883
5472277227661,25.046721828,-0.1571265,-0.034088463,0.47244477
5472297277343,25.06677151,-0.08042747,-0.0031957934,0.54435015
5472317327027,25.086821194,0.037284255,0.010120012,0.5363607
5472337376710,25.106870877,0.0031957934,0.0026631611,0.4165184
5472357426393,25.12692056,-0.035153728,-0.006924219,0.27537087
5472377476076,25.146970243,-0.002130529,-0.002130529,0.13102753
5472397525759,25.167019926,-5.326322E-4,-0.0010652645,0.004261058
5472417575441,25.187069608,-0.0031957934,-0.007456851,-0.0031957934
5472437655642,25.207149809,0.039414786,0.0026631611,-0.036218993
5472457705325,25.227199492,0.04527374,0.009054748,-0.104928546
5472477755007,25.247249174,-0.017576864,0.0015978967,-0.10279802
5472497804690,25.267298857,-0.07669904,-0.00958738,-0.021837922
5472517823857,25.287318024,-0.035153728,-0.00479369,-0.004261058
5472537873539,25.307367706,0.06498113,0.010652645,-0.016511599
5472557923222,25.327417389,0.044208474,0.0058589545,-0.0628506
5472577972905,25.347467072,-0.017044231,-0.0010652645,-0.111852765
5472598053105,25.367547272,-0.034621093,-0.004261058,-0.090014845
5472618102788,25.387596955,-0.027696876,-0.0058589545,-0.009054748
5472638152471,25.407646638,0.0063915867,0.0031957934,-0.0037284256
5472658202154,25.427696321,0.037284255,0.004261058,-0.0031957934
5472678251837,25.447746004,0.016511599,0.0015978967,-0.0010652645
5472698301521,25.467795688,-0.022370555,-0.002130529,0.00479369
5472718381720,25.487875887,-0.039947417,-0.0063915867,0.0037284256
5472738431403,25.50792557,-0.0015978967,0.0015978967,0.004261058
5472758481086,25.527975253,0.046339005,0.007989483,-5.326322E-4
5472778530768,25.548024935,-0.012250541,0.0,5.326322E-4
5472798580452,25.568074619,-0.025566347,-0.0031957934,5.326322E-4
5472818660652,25.588154819,0.01917476,0.0026631611,-0.0015978967
5472838710335,25.608204502,0.00958738,0.0015978967,0.0
5472858760017,25.628254184,-0.017576864,-0.002130529,0.0010652645
5472878809701,25.648303868,-0.0015978967,0.0015978967,5.326322E-4
5472898859384,25.668353551,0.007989483,0.0037284256,0.0010652645
5472918939583,25.68843375,-0.0031957934,0.0037284256,-0.0026631611
5472938989266,25.708483433,-0.0063915867,-0.0031957934,-0.007989483
5472959038950,25.728533117,-0.016511599,-0.0031957934,-0.0010652645
5472979088633,25.7485828,5.326322E-4,5.326322E-4,0.007989483
5472999168832,25.768662999,0.02609898,0.0063915867,0.0
5473019218515,25.788712682,-0.011185277,5.326322E-4,-0.006924219
5473039268199,25.808762366,-0.022370555,-0.0015978967,-0.0010652645
5473059317882,25.828812049,0.022370555,0.0031957934,0.0053263223
5473079367565,25.848861732,0.021837922,0.0015978967,-0.0010652645
5473099417247,25.868911414,-0.02876214,-0.004261058,-0.004261058
5473119497448,25.888991615,-0.024501082,-0.0026631611,0.0026631611
5473139547131,25.909041298,0.034088463,0.0063915867,0.0031957934
5473159596814,25.929090981,0.020772656,0.0026631611,-0.0037284256
5473179646496,25.949140663,-0.03568636,-0.0053263223,-0.0031957934
5473199726697,25.969220864,-0.010120012,-5.326322E-4,0.0031957934
5473219776380,25.989270547,0.037284255,0.0058589545,0.0026631611
5473239826062,26.009320229,-5.326322E-4,0.0010652645,-0.0026631611
5473259875745,26.029369912,-0.036218993,-0.00479369,-0.002130529
5473279925428,26.049419595,0.006924219,5.326322E-4,0.0031957934
5473300005628,26.069499795,0.03089267,0.0026631611,0.0
5473320055311,26.089549478,-0.010652645,-0.0026631611,-0.004261058
5473340104994,26.109599161,-0.020772656,-0.002130529,-0.0015978967
5473360154677,26.129648844,0.018109497,0.0031957934,0.002130529
5473380204360,26.149698527,0.017576864,0.0015978967,0.0
5473400254043,26.16974821,-0.022903185,-0.00479369,-0.0010652645
5473420303725,26.189797892,-0.0127831735,-0.002130529,-5.326322E-4
5473440353409,26.209847576,0.022370555,0.0037284256,0.0010652645
5473460433609,26.229927776,0.007989483,0.002130529,-0.0026631611
5473480483291,26.249977458,-0.017044231,-0.002130529,-0.0015978967
5473500532974,26.270027141,5.326322E-4,5.326322E-4,5.326322E-4
5473520582658,26.290076825,0.011185277,0.0015978967,0.002130529
5473540632341,26.310126508,-0.007989483,-5.326322E-4,-0.0010652645
5473560712540,26.330206707,-0.00958738,-5.326322E-4,-0.0031957934
5473580762223,26.35025639,0.007456851,0.0010652645,-5.326322E-4
5473600811907,26.370306074,0.010120012,0.0015978967,0.0
5473620861590,26.390355757,-0.004261058,-0.0010652645,-0.0026631611
5473640911273,26.41040544,-0.0053263223,0.0,-5.326322E-4
5473660991472,26.430485639,0.0058589545,0.0010652645,0.0015978967
5473681041156,26.450535323,-0.0015978967,0.0010652645,-0.0010652645
5473701090839,26.470585006,-0.0058589545,-0.0010652645,-5.326322E-4
5473721140522,26.490634689,0.0026631611,0.0,-0.0010652645
5473741220721,26.510714888,0.00479369,5.326322E-4,0.0
5473761270405,26.530764572,-5.326322E-4,-5.326322E-4,-0.0010652645
5473781320088,26.550814255,-0.00479369,-0.0010652645,-0.0010652645
5473801430805,26.570924972,0.0015978967,0.0026631611,5.326322E-4
5473821480487,26.590974654,0.0026631611,0.0,0.0
5473841530170,26.611024337,-0.002130529,-5.326322E-4,-0.0026631611
5473861579853,26.63107402,-0.002130529,5.326322E-4,-0.0010652645
5473881629536,26.651123703,0.004261058,0.0010652645,5.326322E-4
5473901679219,26.671173386,0.0015978967,0.0010652645,-5.326322E-4
5473921728902,26.691223069,-0.0037284256,-5.326322E-4,-5.326322E-4
5473941778585,26.711272752,5.326322E-4,0.0010652645,-5.326322E-4
5473961828268,26.731322435,0.0010652645,0.0,-0.0010652645
5473981908468,26.751402635,-0.0015978967,-5.326322E-4,-5.326322E-4
5474001958150,26.771452317,-0.0010652645,0.0,-0.0010652645
5474022038351,26.791532518,0.0010652645,0.0015978967,-5.326322E-4
5474042088034,26.811582201,0.002130529,0.0010652645,-0.0010652645
5474062137717,26.831631884,-5.326322E-4,0.0,0.0
5474082187399,26.851681566,-0.0026631611,0.0,-5.326322E-4
5474102237083,26.87173125,0.0015978967,0.0010652645,-5.326322E-4
5474122286766,26.891780933,0.0010652645,0.0,0.0
5474142336449,26.911830616,-5.326322E-4,0.0,-0.0015978967
5474162386132,26.931880299,0.0010652645,0.0,-0.0010652645
5474182435815,26.951929982,0.002130529,0.0,-5.326322E-4
5474202485497,26.971979664,-5.326322E-4,0.0010652645,-0.0010652645
5474222535180,26.992029347,-0.002130529,5.326322E-4,-0.0015978967
5474242584864,27.012079031,5.326322E-4,0.0010652645,0.0
5474262634547,27.032128714,0.0015978967,5.326322E-4,0.0
5474282714746,27.052208913,5.326322E-4,5.326322E-4,-0.0010652645
5474302764429,27.072258596,-5.326322E-4,0.0010652645,-0.0010652645
5474322814112,27.092308279,0.0,5.326322E-4,0.0
5474342833278,27.112327445,0.0,0.0010652645,0.0
5474362882961,27.132377128,-0.002130529,0.0010652645,-5.326322E-4
5474382932644,27.152426811,-0.0010652645,-5.326322E-4,-0.0010652645
5474402982328,27.172476495,0.002130529,-0.0010652645,5.326322E-4
5474423032010,27.192526177,0.0010652645,0.0010652645,-0.0010652645
5474443081693,27.21257586,5.326322E-4,-5.326322E-4,-5.326322E-4
5474463131376,27.232625543,0.0,-5.326322E-4,0.0
5474483181059,27.252675226,5.326322E-4,0.0,5.326322E-4
5474503230742,27.272724909,5.326322E-4,5.326322E-4,-5.326322E-4
5474523280425,27.292774592,-0.0010652645,0.0,-5.326322E-4
5474543330108,27.312824275,5.326322E-4,5.326322E-4,0.0
5474563379791,27.332873958,0.0015978967,0.0,-0.0010652645
5474583429474,27.352923641,5.326322E-4,0.0,-0.0010652645
5474603479157,27.372973324,0.0,0.0,-5.326322E-4
5474623528840,27.393023007,0.0010652645,5.326322E-4,-0.0010652645
5474643578523,27.41307269,5.326322E-4,5.326322E-4,0.0
5474663628205,27.433122372,-0.0010652645,0.0,-0.0015978967
5474683677888,27.453172055,-5.326322E-4,5.326322E-4,0.0
5474703727572,27.473221739,0.0010652645,-5.326322E-4,-5.326322E-4
5474723777255,27.493271422,0.0,-5.326322E-4,-0.0015978967
5474743826938,27.513321105,-0.0010652645,-5.326322E-4,-0.0010652645
5474763876621,27.533370788,0.0,5.326322E-4,-5.326322E-4
5474783926303,27.55342047,-5.326322E-4,5.326322E-4,0.0
5474803975986,27.573470153,-5.326322E-4,5.326322E-4,-0.0010652645
5474823995152,27.593489319,0.0010652645,0.0,-5.326322E-4
5474844075353,27.61356952,0.0010652645,5.326322E-4,-5.326322E-4
5474864094518,27.633588685,0.0,0.0,-5.326322E-4
5474884144201,27.653638368,-0.0010652645,-5.326322E-4,-5.326322E-4
5474904193885,27.673688052,0.0,5.326322E-4,0.0
5474924274084,27.693768251,5.326322E-4,5.326322E-4,5.326322E-4
5474944323767,27.713817934,5.326322E-4,0.0,-5.326322E-4
5474964342933,27.7338371,0.0,-5.326322E-4,0.0
5474984392616,27.753886783,0.0010652645,0.0010652645,0.0
5475004442299,27.773936466,0.0010652645,5.326322E-4,0.0
5475024491982,27.793986149,-5.326322E-4,5.326322E-4,-0.002130529
5475044541665,27.814035832,-5.326322E-4,5.326322E-4,-5.326322E-4
5475064591348,27.834085515,0.0,0.0,0.0
5475084641031,27.854135198,-5.326322E-4,0.0,-5.326322E-4
5475104690714,27.874184881,0.0,5.326322E-4,-5.326322E-4
5475124740397,27.894234564,-5.326322E-4,5.326322E-4,-0.0010652645
5475144790080,27.914284247,5.326322E-4,0.0010652645,-0.0010652645
5475164839763,27.93433393,0.0,0.0010652645,-5.326322E-4
5475184889445,27.954383612,0.0,0.0,-5.326322E-4
5475204969646,27.974463813,0.0,0.0015978967,-5.326322E-4
5475225019329,27.994513496,0.0,5.326322E-4,0.0
5475245069011,28.014563178,5.326322E-4,5.326322E-4,-5.326322E-4
5475265118694,28.034612861,5.326322E-4,5.326322E-4,0.0
5475285168378,28.054662545,0.0,5.326322E-4,-0.0015978967
5475305218061,28.074712228,5.326322E-4,0.0,0.0
5475325298260,28.094792427,0.0,5.326322E-4,5.326322E-4
5475345347943,28.11484211,-5.326322E-4,5.326322E-4,0.0
5475365397626,28.134891793,0.0,0.0,-0.0010652645
5475385447310,28.154941477,5.326322E-4,-5.326322E-4,-0.0010652645
5475405496993,28.17499116,-0.0015978967,5.326322E-4,0.0
5475425546675,28.195040842,5.326322E-4,5.326322E-4,-5.326322E-4
5475445596358,28.215090525,0.0,5.326322E-4,5.326322E-4
5475465646041,28.235140208,-5.326322E-4,0.0,-5.326322E-4
5475485726242,28.255220409,5.326322E-4,5.326322E-4,0.0
5475505775924,28.275270091,5.326322E-4,0.0015978967,0.0
5475525825607,28.295319774,-5.326322E-4,5.326322E-4,0.0
5475545535623,28.31502979,0.0,5.326322E-4,0.0
5475565585305,28.335079472,5.326322E-4,5.326322E-4,-0.0010652645
5475585634988,28.355129155,0.0,5.326322E-4,0.0
5475605684671,28.375178838,5.326322E-4,5.326322E-4,-0.0010652645
5475625734354,28.395228521,-5.326322E-4,0.0010652645,-0.0010652645
5475645814554,28.415308721,0.0,5.326322E-4,-5.326322E-4
5475665864237,28.435358404,0.0,0.0015978967,0.0
5475685913920,28.455408087,-0.0010652645,5.326322E-4,-0.0010652645
5475705963603,28.47545777,0.0,0.0,-5.326322E-4
5475726013286,28.495507453,0.0010652645,0.0010652645,-0.0010652645
5475746062968,28.515557135,0.0,0.0,0.0
5475766112652,28.535606819,0.0,-5.326322E-4,-5.326322E-4
5475786162335,28.555656502,-5.326322E-4,0.0,-0.0010652645
5475806212018,28.575706185,5.326322E-4,0.0,-5.326322E-4
5475826261701,28.595755868,5.326322E-4,0.0010652645,-0.0010652645
5475846311384,28.615805551,0.0,-5.326322E-4,0.0
5475866361066,28.635855233,-5.326322E-4,0.0015978967,-5.326322E-4
5475886380233,28.6558744,-5.326322E-4,0.0010652645,-5.326322E-4
5475906429915,28.675924082,-0.0015978967,0.0010652645,0.0
5475926479598,28.695973765,-0.0010652645,5.326322E-4,0.0
5475946529281,28.716023448,0.0,5.326322E-4,5.326322E-4
5475966578964,28.736073131,0.0,5.326322E-4,-0.0010652645
5475986628648,28.756122815,-0.0015978967,0.002130529,5.326322E-4
5476006678331,28.776172498,0.0010652645,0.00479369,-0.0010652645
5476026728013,28.79622218,5.326322E-4,0.0031957934,-5.326322E-4
5476046777696,28.816271863,-5.326322E-4,-5.326322E-4,0.0015978967
5476066827379,28.836321546,0.0,-0.0037284256,5.326322E-4
5476086877062,28.856371229,0.0,-0.0026631611,-5.326322E-4
5476106896228,28.876390395,0.0,0.0,-0.0026631611
5476126976428,28.896470595,0.0015978967,0.0015978967,-0.0026631611
5476147026111,28.916520278,0.0015978967,0.0,-0.0010652645
5476167075794,28.936569961,-0.0015978967,0.0,5.326322E-4
5476187125477,28.956619644,-0.0031957934,5.326322E-4,0.0
5476207175160,28.976669327,-0.0015978967,5.326322E-4,5.326322E-4
5476227224843,28.99671901,0.0015978967,0.002130529,-5.326322E-4
5476247274526,29.016768693,5.326322E-4,-0.0010652645,-0.0010652645
5476267324208,29.036818375,5.326322E-4,-0.0015978967,-0.0010652645
5476287404409,29.056898576,5.326322E-4,0.0010652645,-5.326322E-4
5476307454092,29.076948259,0.0,0.0015978967,-5.326322E-4
5476327503774,29.096997941,-0.0010652645,0.0015978967,-5.326322E-4
5476347553457,29.117047624,-0.002130529,0.0,5.326322E-4
5476367603141,29.137097308,0.0015978967,0.0,0.0
5476387652824,29.157146991,0.0010652645,5.326322E-4,0.0
5476407702507,29.177196674,-5.326322E-4,-5.326322E-4,-0.0010652645
5476427752190,29.197246357,0.0010652645,0.0015978967,-0.0010652645
5476447801872,29.217296039,0.0015978967,0.0010652645,-5.326322E-4
5476467851555,29.237345722,-0.0015978967,5.326322E-4,0.0
5476487901238,29.257395405,-0.002130529,5.326322E-4,0.0
5476507950921,29.277445088,0.0010652645,-5.326322E-4,0.0
5476528000605,29.297494772,0.002130529,0.0,5.326322E-4
5476548050288,29.317544455,-5.326322E-4,-0.0015978967,-0.0010652645
5476568130487,29.337624654,-5.326322E-4,-5.326322E-4,-5.326322E-4
5476588180170,29.357674337,0.0015978967,0.0,5.326322E-4
5476608229854,29.377724021,5.326322E-4,5.326322E-4,-0.0010652645
5476628279536,29.397773703,-0.0010652645,0.0,-0.002130529
5476648329219,29.417823386,0.0,0.0,-5.326322E-4
5476668378902,29.437873069,0.0026631611,5.326322E-4,-5.326322E-4
5476688428585,29.457922752,5.326322E-4,-5.326322E-4,-0.0010652645
5476708478268,29.477972435,-0.0010652645,0.0,-0.0015978967
5476728527951,29.498022118,0.0010652645,0.0010652645,0.0
5476748577634,29.518071801,5.326322E-4,-5.326322E-4,0.0
5476768657834,29.538152001,-0.002130529,-5.326322E-4,-5.326322E-4
5476788707517,29.558201684,-0.0010652645,5.326322E-4,-0.0015978967
5476808757199,29.578251366,0.0010652645,0.0,-0.0010652645
5476828806883,29.59830105,5.326322E-4,0.0015978967,-5.326322E-4
5476848887083,29.61838125,-5.326322E-4,0.0,5.326322E-4
5476868936766,29.638430933,-0.0010652645,-5.326322E-4,-0.0010652645
5476888986448,29.658480615,5.326322E-4,0.0010652645,0.0
5476909036131,29.678530298,0.0015978967,5.326322E-4,-0.0010652645
5476929085815,29.698579982,0.0,5.326322E-4,5.326322E-4
5476949135498,29.718629665,0.0010652645,0.0010652645,-5.326322E-4
5476969185181,29.738679348,5.326322E-4,-0.0010652645,-5.326322E-4
5476989234864,29.758729031,0.0,5.326322E-4,-5.326322E-4
5477009315064,29.778809231,0.0,-5.326322E-4,-5.326322E-4
5477029364747,29.798858914,0.0015978967,0.0,-0.0010652645
5477049414430,29.818908597,5.326322E-4,0.0010652645,-0.0010652645
5477069464112,29.838958279,5.326322E-4,-5.326322E-4,-0.0010652645
5477089513795,29.859007962,0.0,0.0,-5.326322E-4
5477109563478,29.879057645,0.0,5.326322E-4,-5.326322E-4
5477129613161,29.899107328,0.0,0.0,5.326322E-4
5477149662845,29.919157012,0.0,0.0010652645,-0.0015978967
5477169743044,29.939237211,5.326322E-4,5.326322E-4,0.0
5477189762210,29.959256377,5.326322E-4,5.326322E-4,-0.0010652645
5477209842410,29.979336577,-5.326322E-4,0.0015978967,-0.0015978967
5477229892094,29.999386261,-0.0015978967,5.326322E-4,-0.0010652645
5477249941776,30.019435943,-5.326322E-4,5.326322E-4,0.0
5477269991459,30.039485626,0.0,0.0,-0.0010652645
5477290041142,30.059535309,0.0,-5.326322E-4,-5.326322E-4
5477310090825,30.079584992,5.326322E-4,0.0010652645,-0.0026631611
5477330140508,30.099634675,0.0010652645,5.326322E-4,-0.0010652645
5477350190191,30.119684358,0.0010652645,5.326322E-4,-0.0010652645
5477370239873,30.13973404,5.326322E-4,5.326322E-4,0.0
5477390289557,30.159783724,0.0,5.326322E-4,-5.326322E-4
5477410430791,30.179924958,5.326322E-4,0.0,-5.326322E-4
5477430480474,30.199974641,-5.326322E-4,0.0015978967,0.0
5477450530156,30.220024323,5.326322E-4,0.0,-0.0010652645
5477470579839,30.240074006,0.0010652645,5.326322E-4,0.0010652645
5477490629523,30.26012369,-0.0010652645,-0.0010652645,-0.0010652645
5477510679206,30.280173373,-5.326322E-4,0.0015978967,-0.0015978967
5477530728889,30.300223056,-5.326322E-4,0.0,-0.002130529
5477550778572,30.320272739,-5.326322E-4,5.326322E-4,-0.0010652645
5477570858772,30.340352939,5.326322E-4,5.326322E-4,0.0
5477590908455,30.360402622,0.0,0.0010652645,-0.0010652645
5477610958138,30.380452305,0.0,0.0,-5.326322E-4
5477631007820,30.400501987,-5.326322E-4,5.326322E-4,-0.0010652645
5477651057503,30.42055167,-0.0010652645,5.326322E-4,5.326322E-4
5477671137704,30.440631871,5.326322E-4,-5.326322E-4,-5.326322E-4
5477691187387,30.460681554,0.0,0.0010652645,0.0
5477711237069,30.480731236,0.0015978967,0.0,-0.0010652645
5477731286752,30.500780919,-5.326322E-4,0.0,-5.326322E-4
5477751336435,30.520830602,-5.326322E-4,0.0,-5.326322E-4
5477771386118,30.540880285,0.0,5.326322E-4,0.0
5477791435802,30.560929969,-5.326322E-4,-5.326322E-4,5.326322E-4
5477811485485,30.580979652,0.0,-5.326322E-4,0.0
5477831504650,30.600998817,0.0010652645,5.326322E-4,0.0010652645
5477851554333,30.6210485,-0.0010652645,5.326322E-4,0.0
5477871604016,30.641098183,-0.0015978967,-5.326322E-4,0.0
5477891653699,30.661147866,0.0015978967,0.0,0.0
5477911703382,30.681197549,5.326322E-4,-5.326322E-4,-5.326322E-4
5477931753065,30.701247232,-5.326322E-4,0.0,-5.326322E-4
5477951802748,30.721296915,5.326322E-4,5.326322E-4,0.0
5477971852431,30.741346598,-5.326322E-4,5.326322E-4,0.0
5477991902113,30.76139628,0.0,0.0010652645,-5.326322E-4
5478011951797,30.781445964,-5.326322E-4,0.0,0.0
5478032001480,30.801495647,-5.326322E-4,-0.0010652645,5.326322E-4
5478052051163,30.82154533,0.0010652645,0.0,0.0010652645
5478072100846,30.841595013,-0.0010652645,0.0,5.326322E-4
5478092150529,30.861644696,-5.326322E-4,0.0,0.0
5478112200211,30.881694378,5.326322E-4,0.0,0.0
5478132249894,30.901744061,0.0,0.0,-5.326322E-4
5478152299577,30.921793744,5.326322E-4,0.0,-0.0015978967
5478172349261,30.941843428,-5.326322E-4,0.0010652645,-5.326322E-4
5478192398944,30.961893111,0.0010652645,0.0010652645,-5.326322E-4
5478212448626,30.981942793,-5.326322E-4,5.326322E-4,0.0
5478232498309,31.001992476,-0.0010652645,5.326322E-4,-5.326322E-4
5478252547992,31.022042159,5.326322E-4,-5.326322E-4,0.0
5478272597675,31.042091842,0.0,0.0,0.0
5478292677875,31.062172042,-0.002130529,-5.326322E-4,0.0
5478312697042,31.082191209,5.326322E-4,5.326322E-4,0.0
5478332777241,31.102271408,0.0,-5.326322E-4,0.0
5478352826924,31.122321091,-5.326322E-4,-5.326322E-4,0.0
5478372876607,31.142370774,0.0,-0.0010652645,5.326322E-4
5478392926291,31.162420458,-5.326322E-4,5.326322E-4,0.0
5478412975973,31.18247014,-0.0010652645,5.326322E-4,0.0
5478432995139,31.202489306,0.0,0.0,-0.0010652645
5478453044822,31.222538989,0.0010652645,0.0010652645,0.0
5478473125022,31.242619189,5.326322E-4,5.326322E-4,-5.326322E-4
5478493174705,31.262668872,0.0,-5.326322E-4,0.0
5478513224387,31.282718554,5.326322E-4,0.0010652645,0.0010652645
5478533274070,31.302768237,-5.326322E-4,5.326322E-4,-5.326322E-4
5478553323754,31.322817921,-0.0010652645,-5.326322E-4,0.0
5478573373437,31.342867604,-5.326322E-4,0.0,-5.326322E-4
5478593423120,31.362917287,0.0010652645,5.326322E-4,0.0
5478613472803,31.38296697,0.0,5.326322E-4,5.326322E-4
5478633522485,31.403016652,0.0,-5.326322E-4,5.326322E-4
5478653602686,31.423096853,5.326322E-4,-0.0010652645,0.0
5478673652369,31.443146536,0.0,-5.326322E-4,0.0
5478693702052,31.463196219,5.326322E-4,5.326322E-4,-5.326322E-4
5478713751734,31.483245901,5.326322E-4,5.326322E-4,0.002130529
5478733801417,31.503295584,-0.0010652645,0.0010652645,0.0
5478753851100,31.523345267,0.0,5.326322E-4,5.326322E-4
5478773931300,31.543425467,0.0010652645,-0.0010652645,0.0
5478793980983,31.56347515,5.326322E-4,-0.0015978967,-5.326322E-4
5478814030666,31.583524833,5.326322E-4,0.0010652645,-0.0010652645
5478834080349,31.603574516,0.0,0.0010652645,-0.0015978967
5478854130033,31.6236242,0.0010652645,-5.326322E-4,-0.0010652645
5478874210232,31.643704399,5.326322E-4,0.0010652645,-0.0015978967
5478894259915,31.663754082,0.0,0.0,-5.326322E-4
5478914309598,31.683803765,0.0,0.0010652645,-0.0010652645
5478934359282,31.703853449,0.0015978967,5.326322E-4,-5.326322E-4
5478954408964,31.723903131,5.326322E-4,-0.0010652645,-0.0010652645
5478974489164,31.743983331,5.326322E-4,0.0010652645,-0.0010652645
5478994538847,31.764033014,0.0015978967,-5.326322E-4,-0.0010652645
5479014588530,31.784082697,5.326322E-4,5.326322E-4,5.326322E-4
5479034638213,31.80413238,0.0,0.0,0.0
5479054687896,31.824182063,0.0,5.326322E-4,-5.326322E-4
5479074737579,31.844231746,0.0,0.0,-5.326322E-4
5479094787262,31.864281429,5.326322E-4,5.326322E-4,-5.326322E-4
5479114836945,31.884331112,0.0010652645,5.326322E-4,-5.326322E-4
5479134886627,31.904380794,0.0015978967,0.0010652645,-5.326322E-4
5479154936310,31.924430477,0.0015978967,0.0,-5.326322E-4
5479174985994,31.944480161,0.0,0.0015978967,-5.326322E-4
5479195035677,31.964529844,0.0,0.0,-0.0010652645
5479215054842,31.984549009,0.0010652645,0.0010652645,0.0
5479235104526,32.004598693,0.0,0.0,0.0
5479255154209,32.024648376,5.326322E-4,0.0,-5.326322E-4
5479275203892,32.044698059,0.0010652645,0.0010652645,-0.0010652645
5479295253575,32.064747742,0.0010652645,0.0,-5.326322E-4
5479315303257,32.084797424,5.326322E-4,0.0010652645,-5.326322E-4
5479335352940,32.104847107,-5.326322E-4,-5.326322E-4,-5.326322E-4
5479355402623,32.12489679,0.0015978967,5.326322E-4,-5.326322E-4
5479375452306,32.144946473,5.326322E-4,0.0010652645,0.0
5479395501990,32.164996157,5.326322E-4,0.0010652645,0.0
5479415551672,32.185045839,0.0010652645,-5.326322E-4,-5.326322E-4
5479435601355,32.205095522,0.0010652645,0.0,5.326322E-4
5479455651038,32.225145205,-5.326322E-4,5.326322E-4,5.326322E-4
5479475700721,32.245194888,-0.0010652645,0.0,-5.326322E-4
5479495750404,32.265244571,0.0,5.326322E-4,0.0
5479515800087,32.285294254,0.0010652645,0.0,5.326322E-4
5479535849770,32.305343937,0.0010652645,0.0,-0.0010652645
5479555899453,32.32539362,5.326322E-4,-5.326322E-4,-5.326322E-4
5479575949136,32.345443303,0.0015978967,-5.326322E-4,0.0
5479595998819,32.365492986,5.326322E-4,0.0,-0.0015978967
5479616048502,32.385542669,-5.326322E-4,0.0010652645,-0.0010652645
5479636098185,32.405592352,0.0,0.0,-0.0010652645
5479656147867,32.425642034,0.0015978967,0.0,0.0
5479676197550,32.445691717,5.326322E-4,5.326322E-4,-5.326322E-4
5479696247234,32.465741401,5.326322E-4,-5.326322E-4,-0.0010652645
5479716296917,32.485791084,5.326322E-4,-0.0010652645,0.0
5479736346600,32.505840767,0.0010652645,5.326322E-4,-0.0010652645
5479756365766,32.525859933,-5.326322E-4,5.326322E-4,-5.326322E-4
5479776415449,32.545909616,5.326322E-4,0.0,5.326322E-4
5479796495648,32.565989815,5.326322E-4,5.326322E-4,5.326322E-4
5479816545331,32.586039498,0.0,-5.326322E-4,-5.326322E-4
5479836595015,32.606089182,5.326322E-4,0.0,5.326322E-4
5479856644698,32.626138865,0.0,0.0,5.326322E-4
5479876694381,32.646188548,0.0,5.326322E-4,-5.326322E-4
5479896744063,32.66623823,5.326322E-4,0.0,0.0
5479916793746,32.686287913,-5.326322E-4,-0.0010652645,-0.0010652645
5479936843429,32.706337596,0.0,-0.0010652645,-5.326322E-4
5479956893112,32.726387279,0.0010652645,5.326322E-4,0.0
5479976942796,32.746436963,-5.326322E-4,5.326322E-4,-5.326322E-4
5479996992479,32.766486646,5.326322E-4,0.0,0.0
5480017011644,32.786505811,-0.0015978967,5.326322E-4,0.0
5480037061327,32.806555494,-5.326322E-4,5.326322E-4,-0.0010652645
5480057111010,32.826605177,0.0,0.0,-5.326322E-4
5480077160693,32.84665486,-5.326322E-4,-0.0010652645,0.0
5480097210376,32.866704543,5.326322E-4,5.326322E-4,-0.0010652645
5480117260059,32.886754226,-5.326322E-4,0.0,0.0
5480137309742,32.906803909,0.0,5.326322E-4,0.0
5480157359425,32.926853592,0.0,5.326322E-4,-5.326322E-4
5480177409107,32.946903274,5.326322E-4,-5.326322E-4,0.0
5480197458791,32.966952958,5.326322E-4,-5.326322E-4,-5.326322E-4
5480217508474,32.987002641,0.0,0.002130529,-5.326322E-4
5480237558157,33.007052324,0.0,0.0010652645,-5.326322E-4
5480257607840,33.027102007,5.326322E-4,0.0,-0.0010652645
5480277627006,33.047121173,-5.326322E-4,0.0,0.0010652645
5480297676689,33.067170856,-5.326322E-4,-0.0010652645,-5.326322E-4
5480317726372,33.087220539,0.0,-5.326322E-4,-5.326322E-4
5480337776054,33.107270221,0.0010652645,0.0,-5.326322E-4
5480357825737,33.127319904,-5.326322E-4,5.326322E-4,0.0
5480377875420,33.147369587,0.0010652645,5.326322E-4,-0.0010652645
5480397925103,33.16741927,0.0010652645,0.0010652645,-0.0015978967
5480417944269,33.187438436,0.0,0.0,-0.0010652645
5480437993952,33.207488119,0.0,-5.326322E-4,5.326322E-4
5480458043635,33.227537802,0.0,-5.326322E-4,-0.0010652645
5480478093319,33.247587486,0.0,5.326322E-4,-5.326322E-4
5480498143001,33.267637168,0.0,0.0010652645,-0.0015978967
5480518162167,33.287656334,0.0,-5.326322E-4,0.0
5480538242367,33.307736534,0.0010652645,0.0,-5.326322E-4
5480558261533,33.3277557,-5.326322E-4,0.0,-5.326322E-4
5480578311216,33.347805383,0.0,0.0010652645,0.0
5480598391416,33.367885583,-5.326322E-4,0.0,-0.0010652645
5480618441098,33.387935265,0.0,5.326322E-4,-5.326322E-4
5480638490782,33.407984949,0.0,5.326322E-4,5.326322E-4
5480658540465,33.428034632,5.326322E-4,-5.326322E-4,-0.0010652645
5480678590148,33.448084315,5.326322E-4,0.0,0.0
5480698639831,33.468133998,0.0,0.0,5.326322E-4
5480718689514,33.488183681,5.326322E-4,-5.326322E-4,-0.0010652645
5480738739196,33.508233363,0.0,0.0010652645,0.0
5480758788879,33.528283046,5.326322E-4,-5.326322E-4,-0.0010652645
5480778838563,33.54833273,-0.0010652645,-5.326322E-4,-0.0010652645
5480798888246,33.568382413,5.326322E-4,0.0,-0.0010652645
5480818937929,33.588432096,5.326322E-4,-5.326322E-4,-5.326322E-4
5480838987612,33.608481779,0.0,0.0010652645,-5.326322E-4
5480859037294,33.628531461,-5.326322E-4,0.0,-0.0010652645
5480879086977,33.648581144,0.0,0.0,-0.0010652645
5480899136660,33.668630827,5.326322E-4,-5.326322E-4,-5.326322E-4
5480919186344,33.688680511,-5.326322E-4,-5.326322E-4,0.0
5480939236027,33.708730194,0.0,-5.326322E-4,-5.326322E-4
5480959285710,33.728779877,5.326322E-4,0.0,-5.326322E-4
5480979335392,33.748829559,5.326322E-4,-0.0010652645,-0.0010652645
5480999385075,33.768879242,0.0,-5.326322E-4,-5.326322E-4
5481019434758,33.788928925,5.326322E-4,5.326322E-4,0.0
5481039484441,33.808978608,5.326322E-4,5.326322E-4,-5.326322E-4
5481059534124,33.829028291,5.326322E-4,0.0,0.0
5481079583807,33.849077974,0.0010652645,5.326322E-4,-0.0010652645
5481099633490,33.869127657,5.326322E-4,-5.326322E-4,0.0
5481119683173,33.88917734,-0.0010652645,5.326322E-4,0.0
5481139732856,33.909227023,-0.0015978967,0.0010652645,0.0
5481159782539,33.929276706,5.326322E-4,5.326322E-4,-0.0010652645
5481179832222,33.949326389,0.0010652645,0.0,-5.326322E-4
5481199881904,33.969376071,0.0,0.0,0.0
5481219931588,33.989425755,5.326322E-4,0.0,-5.326322E-4
5481239981271,34.009475438,0.0,5.326322E-4,0.0
5481260061471,34.029555638,-5.326322E-4,-5.326322E-4,-5.326322E-4
5481280111153,34.04960532,-0.0010652645,-5.326322E-4,-5.326322E-4
5481300160837,34.069655004,-5.326322E-4,-5.326322E-4,0.0
5481320210520,34.089704687,0.0010652645,0.0,-0.0010652645
5481340290719,34.109784886,5.326322E-4,-5.326322E-4,-0.0010652645
5481360309886,34.129804053,5.326322E-4,-5.326322E-4,-0.0010652645
5481380390085,34.149884252,0.0010652645,5.326322E-4,-0.0010652645
5481400439769,34.169933936,-0.0010652645,0.0,-0.0010652645
5481420489452,34.189983619,-5.326322E-4,0.0015978967,-5.326322E-4
5481440539135,34.210033302,5.326322E-4,0.0,0.0
5481460588817,34.230082984,0.0,0.0,-0.0015978967
5481480638500,34.250132667,0.0,0.0,0.0
5481500688183,34.27018235,-5.326322E-4,5.326322E-4,-5.326322E-4
5481520737866,34.290232033,0.0,0.0,0.0
5481540787550,34.310281717,5.326322E-4,0.0010652645,-0.0010652645
5481560837233,34.3303314,-5.326322E-4,0.0,-5.326322E-4
5481580886915,34.350381082,5.326322E-4,-5.326322E-4,0.0
5481600936598,34.370430765,-5.326322E-4,-5.326322E-4,0.0
5481620986281,34.390480448,-5.326322E-4,0.0,0.0
5481641035964,34.410530131,0.0010652645,0.0015978967,-0.0010652645
5481661085647,34.430579814,-5.326322E-4,0.0010652645,-0.0010652645
5481681135330,34.450629497,0.0,-5.326322E-4,-0.0010652645
5481701185013,34.47067918,-0.0010652645,5.326322E-4,0.0
5481721234696,34.490728863,0.0,5.326322E-4,-0.0010652645
5481741284379,34.510778546,-5.326322E-4,0.0,-5.326322E-4
5481761334062,34.530828229,0.0,0.0015978967,-5.326322E-4
5481781414262,34.550908429,5.326322E-4,0.0010652645,-0.0010652645
5481801494462,34.570988629,0.0,5.326322E-4,-0.0015978967
5481821544144,34.591038311,-0.0010652645,5.326322E-4,-5.326322E-4
5481841593827,34.611087994,-5.326322E-4,5.326322E-4,-0.0010652645
5481861643511,34.631137678,0.0,5.326322E-4,-5.326322E-4
5481881693194,34.651187361,0.0,5.326322E-4,0.0
5481901742877,34.671237044,0.0,-0.0015978967,-0.0010652645
5481921792560,34.691286727,-5.326322E-4,-5.326322E-4,-5.326322E-4
5481941842242,34.711336409,5.326322E-4,5.326322E-4,-0.0010652645
5481961891925,34.731386092,0.0,0.0,-0.0010652645
5481981941608,34.751435775,0.0,-5.326322E-4,-0.0010652645
5482001991292,34.771485459,0.0,-5.326322E-4,-5.326322E-4
5482022040975,34.791535142,0.0,0.0,0.0
5482042090658,34.811584825,-5.326322E-4,5.326322E-4,0.0
5482062170857,34.831665024,5.326322E-4,0.0010652645,5.326322E-4
5482082220541,34.851714708,0.0,5.326322E-4,-5.326322E-4
5482102270224,34.871764391,5.326322E-4,5.326322E-4,0.0
5482122319906,34.891814073,5.326322E-4,5.326322E-4,5.326322E-4
5482142369589,34.911863756,0.0,0.0,0.0
5482162419272,34.931913439,0.0,0.0010652645,0.0010652645
5482182468955,34.951963122,0.0,0.0,-5.326322E-4
5482202518638,34.972012805,5.326322E-4,0.0010652645,-5.326322E-4
5482222568321,34.992062488,0.0010652645,5.326322E-4,5.326322E-4
5482242618004,35.012112171,0.0010652645,0.0,0.0
5482262698204,35.032192371,0.0,-0.0010652645,-5.326322E-4
5482282747887,35.052242054,0.0,0.0,0.0
5482302797569,35.072291736,0.0010652645,5.326322E-4,0.0
5482322847253,35.09234142,0.0,5.326322E-4,0.0
5482342896936,35.112391103,0.0010652645,5.326322E-4,-5.326322E-4
5482362946619,35.132440786,5.326322E-4,0.0,0.0
5482382996302,35.152490469,5.326322E-4,5.326322E-4,0.0015978967
5482403045985,35.172540152,5.326322E-4,-5.326322E-4,0.0010652645
5482423126185,35.192620352,0.0,0.0015978967,-5.326322E-4
5482443175868,35.212670035,0.0010652645,5.326322E-4,5.326322E-4
5482463225551,35.232719718,5.326322E-4,0.0,-0.0010652645
5482483275234,35.252769401,0.0,5.326322E-4,5.326322E-4
5482503324916,35.272819083,0.0,5.326322E-4,0.0
5482523374599,35.292868766,5.326322E-4,5.326322E-4,0.0010652645
5482543424283,35.31291845,5.326322E-4,-5.326322E-4,0.0
5482563473966,35.332968133,0.0010652645,5.326322E-4,5.326322E-4
5482583554165,35.353048332,0.0010652645,0.0,-5.326322E-4
5482603603848,35.373098015,5.326322E-4,0.0,5.326322E-4
5482623653531,35.393147698,0.0010652645,-5.326322E-4,0.0
5482643703215,35.413197382,0.0010652645,5.326322E-4,-5.326322E-4
5482663752898,35.433247065,5.326322E-4,0.0010652645,5.326322E-4
5482683802580,35.453296747,0.0,0.0,0.0
5482703852263,35.47334643,5.326322E-4,5.326322E-4,5.326322E-4
5482723901946,35.493396113,0.0,0.0,-0.0010652645
5482743951629,35.513445796,0.0010652645,5.326322E-4,5.326322E-4
5482764001312,35.533495479,0.0010652645,-5.326322E-4,-0.0010652645
5482784050996,35.553545163,0.0010652645,0.0015978967,5.326322E-4
5482804100678,35.573594845,0.0,-0.0010652645,0.0
5482824150361,35.593644528,5.326322E-4,0.0,5.326322E-4
5482844200044,35.613694211,0.0010652645,5.326322E-4,5.326322E-4
5482864249727,35.633743894,0.0,0.0,-0.0010652645
5482884299410,35.653793577,5.326322E-4,0.0015978967,-5.326322E-4
5482904349092,35.673843259,5.326322E-4,0.0010652645,-5.326322E-4
5482924398776,35.693892943,5.326322E-4,0.0010652645,0.0010652645
5482944448459,35.713942626,0.0010652645,0.0,0.0010652645
5482964498142,35.733992309,0.0010652645,0.0,-5.326322E-4
5482984547825,35.754041992,0.0010652645,0.0010652645,0.0
5483004597508,35.774091675,5.326322E-4,5.326322E-4,0.0010652645
5483024647190,35.794141357,0.0010652645,5.326322E-4,5.326322E-4
5483044696873,35.81419104,0.0,-5.326322E-4,-5.326322E-4
5483064746556,35.834240723,-5.326322E-4,-5.326322E-4,0.0
5483084796240,35.854290407,5.326322E-4,0.0010652645,0.0010652645
5483104845923,35.87434009,0.0,-0.0015978967,-0.0010652645
5483124895606,35.894389773,0.0,0.0010652645,-5.326322E-4
5483144945288,35.914439455,0.0,5.326322E-4,-0.0010652645
5483164994971,35.934489138,0.0,5.326322E-4,-5.326322E-4
5483185044654,35.954538821,0.0,0.0,0.0
5483205094337,35.974588504,-0.0010652645,-5.326322E-4,0.0
5483225144021,35.994638188,5.326322E-4,5.326322E-4,-0.0010652645
5483245193704,36.014687871,-0.0010652645,0.0010652645,-5.326322E-4
5483265243386,36.034737553,0.0,5.326322E-4,0.0
5483285293069,36.054787236,-0.0010652645,0.0015978967,0.0
5483305312235,36.074806402,0.0,5.326322E-4,-5.326322E-4
5483325361918,36.094856085,-5.326322E-4,0.0,0.0
5483345411601,36.114905768,-5.326322E-4,0.0010652645,-5.326322E-4
5483365461284,36.134955451,0.0,0.0,-0.0010652645
5483385510967,36.155005134,0.0010652645,0.0010652645,-5.326322E-4
5483405560650,36.175054817,0.0,0.0010652645,0.0
5483425640850,36.195135017,5.326322E-4,0.0010652645,-0.0010652645
5483445690533,36.2151847,-5.326322E-4,0.0,-0.0010652645
5483465740216,36.235234383,-5.326322E-4,0.0015978967,-5.326322E-4
5483485789898,36.255284065,0.0,5.326322E-4,0.0
5483505839581,36.275333748,0.0,5.326322E-4,-0.0010652645
5483525889265,36.295383432,0.0,0.0,0.0
5483545908430,36.315402597,5.326322E-4,0.0,-5.326322E-4
5483565958113,36.33545228,-0.0010652645,0.0,0.0
5483586038314,36.355532481,-5.326322E-4,5.326322E-4,-5.326322E-4
5483606087996,36.375582163,0.0,5.326322E-4,-5.326322E-4
5483626198713,36.39569288,0.0010652645,5.326322E-4,0.0
5483646248396,36.415742563,0.0,-0.0015978967,-5.326322E-4
5483666298079,36.435792246,0.0,5.326322E-4,-0.0010652645
5483686347763,36.45584193,5.326322E-4,5.326322E-4,-5.326322E-4
5483706427962,36.475922129,-5.326322E-4,0.0010652645,0.0
5483726477645,36.495971812,-5.326322E-4,-5.326322E-4,0.0
5483746527328,36.516021495,0.0,-5.326322E-4,0.0
5483766577011,36.536071178,-0.0010652645,-5.326322E-4,0.0
5483786626695,36.556120862,0.0,5.326322E-4,0.0
5483806676377,36.576170544,0.0,-5.326322E-4,-0.0010652645
5483826726060,36.596220227,0.0,5.326322E-4,-0.0010652645
5483846775743,36.61626991,5.326322E-4,5.326322E-4,-5.326322E-4
5483866855944,36.636350111,-0.0015978967,0.0,0.0
5483886905626,36.656399793,-5.326322E-4,5.326322E-4,-5.326322E-4
5483906955309,36.676449476,-5.326322E-4,0.0010652645,-0.0015978967
5483927004992,36.696499159,0.0,0.0,0.0
5483947085192,36.716579359,5.326322E-4,-5.326322E-4,-0.0015978967
5483967134875,36.736629042,0.0,5.326322E-4,-5.326322E-4
5483987184558,36.756678725,5.326322E-4,5.326322E-4,0.0
5484007234241,36.776728408,0.0,0.0,-5.326322E-4
5484027283924,36.796778091,5.326322E-4,-0.0015978967,-5.326322E-4
5484047364124,36.816858291,0.0010652645,0.0015978967,-0.0010652645
5484067413807,36.836907974,5.326322E-4,0.0,-5.326322E-4
5484087463490,36.856957657,0.0015978967,-5.326322E-4,-5.326322E-4
5484107513173,36.87700734,0.0,-5.326322E-4,-5.326322E-4
5484127562855,36.897057022,-5.326322E-4,5.326322E-4,0.0
5484147612538,36.917106705,5.326322E-4,-5.326322E-4,-0.0010652645
5484167662222,36.937156389,0.0,0.0010652645,-5.326322E-4
5484187711905,36.957206072,5.326322E-4,0.0015978967,0.0
5484207761588,36.977255755,5.326322E-4,-5.326322E-4,-5.326322E-4
5484227811271,36.997305438,0.0010652645,5.326322E-4,-5.326322E-4
5484247860953,37.01735512,0.0,0.0,-5.326322E-4
5484267910636,37.037404803,-5.326322E-4,5.326322E-4,0.0
5484287990837,37.057485004,0.0015978967,5.326322E-4,-0.0010652645
5484308040519,37.077534686,0.0,5.326322E-4,0.0
5484328090202,37.097584369,0.0010652645,-5.326322E-4,-0.0010652645
5484348139885,37.117634052,5.326322E-4,0.0,5.326322E-4
5484368189568,37.137683735,5.326322E-4,0.002130529,-5.326322E-4
5484388239251,37.157733418,5.326322E-4,5.326322E-4,-0.0010652645
5484408288935,37.177783102,0.0,-5.326322E-4,-5.326322E-4
5484428369134,37.197863301,5.326322E-4,5.326322E-4,-5.326322E-4
5484448418817,37.217912984,0.0,5.326322E-4,5.326322E-4
5484468468500,37.237962667,0.0010652645,5.326322E-4,-5.326322E-4
5484488518184,37.258012351,0.0010652645,-5.326322E-4,-5.326322E-4
5484508567866,37.278062033,0.0015978967,0.0015978967,0.0
5484528617549,37.298111716,0.0,0.0010652645,0.0
5484548667232,37.318161399,5.326322E-4,5.326322E-4,-0.0010652645
5484568716915,37.338211082,0.0015978967,0.0,0.0
5484588766598,37.358260765,5.326322E-4,5.326322E-4,-5.326322E-4
5484608816280,37.378310447,0.0015978967,-0.0015978967,-0.0010652645
5484628896481,37.398390648,5.326322E-4,0.0,-5.326322E-4
5484648946164,37.418440331,0.0,5.326322E-4,0.0
5484668995847,37.438490014,0.0010652645,0.0,0.0
5484689045529,37.458539696,0.0,-5.326322E-4,-5.326322E-4
5484709095212,37.478589379,0.0,0.0010652645,-0.0010652645
5484729144896,37.498639063,0.0015978967,5.326322E-4,-0.0010652645
5484749194579,37.518688746,0.002130529,0.0010652645,-5.326322E-4
5484769244262,37.538738429,0.0,5.326322E-4,-5.326322E-4
5484789293945,37.558788112,-5.326322E-4,0.0,-0.0010652645
5484809343627,37.578837794,0.0010652645,-5.326322E-4,5.326322E-4
5484829393310,37.598887477,-5.326322E-4,0.0,-0.0010652645
5484849442993,37.61893716,5.326322E-4,0.0,0.0
5484869523193,37.63901736,0.0010652645,-5.326322E-4,-0.0015978967
5484889572876,37.659067043,0.0010652645,0.0,-5.326322E-4
5484909622559,37.679116726,5.326322E-4,0.0010652645,-5.326322E-4
5484929672242,37.699166409,5.326322E-4,0.0015978967,-5.326322E-4
5484949721926,37.719216093,0.0010652645,5.326322E-4,-0.0010652645
5484969771609,37.739265776,5.326322E-4,5.326322E-4,0.0
5484989821291,37.759315458,5.326322E-4,-5.326322E-4,-5.326322E-4
5485009870974,37.779365141,0.0010652645,5.326322E-4,-0.0015978967
5485029981691,37.799475858,5.326322E-4,0.0,0.0
5485050031374,37.819525541,0.0,0.0,-5.326322E-4
5485070081057,37.839575224,-5.326322E-4,5.326322E-4,-5.326322E-4
5485090130740,37.859624907,5.326322E-4,0.0,5.326322E-4
5485110180423,37.87967459,5.326322E-4,5.326322E-4,0.0
5485130230106,37.899724273,0.0010652645,5.326322E-4,-0.002130529
5485150279789,37.919773956,0.0010652645,5.326322E-4,-5.326322E-4
5485170329472,37.939823639,0.0010652645,0.0,-5.326322E-4
5485190379155,37.959873322,0.0010652645,0.0,-5.326322E-4
5485210398321,37.979892488,0.0,5.326322E-4,-5.326322E-4
5485230448004,37.999942171,0.0,5.326322E-4,0.0
5485250497687,38.019991854,0.0010652645,0.0,-5.326322E-4
5485270547370,38.040041537,0.0,5.326322E-4,0.0
5485290597052,38.060091219,5.326322E-4,0.0010652645,0.0
5485310646735,38.080140902,-0.0010652645,5.326322E-4,-5.326322E-4
5485330665901,38.100160068,0.0,0.0,-0.0010652645
5485350715584,38.120209751,0.0,5.326322E-4,-0.0010652645
5485370765267,38.140259434,0.0,-5.326322E-4,-5.326322E-4
5485390814950,38.160309117,0.0,0.0,-0.0010652645
5485410864634,38.180358801,0.0,5.326322E-4,-5.326322E-4
5485430914317,38.200408484,0.0,-5.326322E-4,-5.326322E-4
5485450963999,38.220458166,-5.326322E-4,-5.326322E-4,-5.326322E-4
5485471013682,38.240507849,5.326322E-4,0.0010652645,-0.0010652645
5485491063365,38.260557532,0.0,-5.326322E-4,-0.0010652645
5485511113048,38.280607215,5.326322E-4,5.326322E-4,-0.0010652645
5485531162731,38.300656898,0.0,0.0,0.0
5485551212415,38.320706582,5.326322E-4,0.0010652645,0.0
5485571262097,38.340756264,5.326322E-4,-5.326322E-4,-0.0010652645
5485591311780,38.360805947,5.326322E-4,5.326322E-4,0.0
5485611330946,38.380825113,0.0,5.326322E-4,0.0
5485631380629,38.400874796,5.326322E-4,0.0,0.0
5485651430312,38.420924479,0.0,0.0,-5.326322E-4
5485671479995,38.440974162,0.0010652645,-5.326322E-4,-0.0010652645
5485691529678,38.461023845,0.0,-0.0010652645,-5.326322E-4
5485711579361,38.481073528,-5.326322E-4,0.0,0.0
5485731629043,38.50112321,-0.0010652645,0.0,0.0
5485751678726,38.521172893,5.326322E-4,-0.0015978967,-5.326322E-4
5485771758927,38.541253094,5.326322E-4,0.0010652645,0.0
5485791808610,38.561302777,0.0,0.0,-5.326322E-4
5485811858292,38.581352459,0.0,5.326322E-4,5.326322E-4
5485831938493,38.60143266,-5.326322E-4,-5.326322E-4,0.0
5485851957659,38.621451826,-0.0010652645,0.0015978967,5.326322E-4
5485872007342,38.641501509,0.0,5.326322E-4,0.0
5485892087541,38.661581708,5.326322E-4,-5.326322E-4,-5.326322E-4
5485912137224,38.681631391,5.326322E-4,0.0,-5.326322E-4
5485932186908,38.701681075,5.326322E-4,-0.0010652645,-5.326322E-4
5485952236591,38.721730758,0.0,0.0,-0.0010652645
5485972286274,38.741780441,-0.0010652645,0.0,0.0
5485992335956,38.761830123,-0.0010652645,-5.326322E-4,-5.326322E-4
5486012385639,38.781879806,-5.326322E-4,-5.326322E-4,0.0
5486032435322,38.801929489,-5.326322E-4,0.0,-0.0010652645
5486052485005,38.821979172,-5.326322E-4,5.326322E-4,0.0
5486072534689,38.842028856,0.0015978967,0.0,-0.0015978967
5486092584372,38.862078539,0.0,0.0015978967,0.0
5486112634054,38.882128221,0.0,0.0010652645,-0.0010652645
5486132683737,38.902177904,-0.0010652645,0.0,-5.326322E-4
5486152733420,38.922227587,0.0,0.0015978967,0.0
5486172783103,38.94227727,-5.326322E-4,5.326322E-4,-5.326322E-4
5486192832786,38.962326953,0.0,5.326322E-4,0.0
5486212882468,38.982376635,0.0010652645,0.0,-5.326322E-4
5486232932152,39.002426319,0.0010652645,0.0010652645,-0.0010652645
5486252981835,39.022476002,5.326322E-4,0.0010652645,-5.326322E-4
5486273031518,39.042525685,0.0,0.0010652645,-0.0010652645
5486293081201,39.062575368,5.326322E-4,5.326322E-4,-0.0015978967
5486313130884,39.082625051,-0.0010652645,5.326322E-4,0.0
5486333211084,39.102705251,5.326322E-4,5.326322E-4,-5.326322E-4
5486353260767,39.122754934,0.0010652645,5.326322E-4,0.0
5486373279933,39.1427741,5.326322E-4,5.326322E-4,-5.326322E-4
5486393360133,39.1628543,-5.326322E-4,5.326322E-4,-0.0010652645
5486413409815,39.182903982,0.0,0.0,0.0
5486433428982,39.202923149,0.0,0.0,5.326322E-4
5486453478664,39.222972831,0.0,5.326322E-4,5.326322E-4
5486473528347,39.243022514,0.0,5.326322E-4,-5.326322E-4
5486493578030,39.263072197,0.0,-5.326322E-4,-5.326322E-4
5486513627713,39.28312188,-5.326322E-4,-5.326322E-4,-5.326322E-4
5486533677397,39.303171564,5.326322E-4,5.326322E-4,-0.0015978967
5486553727080,39.323221247,0.0010652645,0.0,-0.002130529
5486573776762,39.343270929,5.326322E-4,0.0015978967,-0.0015978967
5486593826445,39.363320612,-5.326322E-4,0.0010652645,-5.326322E-4
5486613876128,39.383370295,-5.326322E-4,0.0,-5.326322E-4
5486633925811,39.403419978,-0.0010652645,0.0,-5.326322E-4
5486653975494,39.423469661,-5.326322E-4,5.326322E-4,-5.326322E-4
5486674025178,39.443519345,0.0,5.326322E-4,-5.326322E-4
5486694074860,39.463569027,-5.326322E-4,5.326322E-4,-0.0015978967
5486714124543,39.48361871,-5.326322E-4,0.0,-5.326322E-4
5486734174226,39.503668393,-5.326322E-4,5.326322E-4,5.326322E-4
5486754223909,39.523718076,-0.0010652645,-0.0015978967,-0.0010652645
5486774273592,39.543767759,5.326322E-4,0.0010652645,0.0
5486794323274,39.563817441,5.326322E-4,0.0010652645,0.0
5486814372957,39.583867124,5.326322E-4,5.326322E-4,-0.0010652645
5486834422641,39.603916808,5.326322E-4,0.0010652645,-0.0010652645
5486854472324,39.623966491,-5.326322E-4,-5.326322E-4,0.0
5486874522007,39.644016174,-5.326322E-4,0.0015978967,-5.326322E-4
5486894571690,39.664065857,-5.326322E-4,-5.326322E-4,-5.326322E-4
5486914651890,39.684146057,-5.326322E-4,0.0,-0.0010652645
5486934701573,39.70419574,0.0,5.326322E-4,-5.326322E-4
5486954751256,39.724245423,5.326322E-4,-5.326322E-4,-5.326322E-4
5486974800939,39.744295106,5.326322E-4,0.002130529,-5.326322E-4
5486994850621,39.764344788,0.0,0.0010652645,-0.0010652645
5487014900304,39.784394471,0.0,0.0010652645,0.0010652645
5487034949987,39.804444154,5.326322E-4,5.326322E-4,5.326322E-4
5487054999671,39.824493838,0.0,0.0010652645,5.326322E-4
5487075049354,39.844543521,0.0,5.326322E-4,0.0
5487095099036,39.864593203,0.0010652645,5.326322E-4,-5.326322E-4
5487115179236,39.884673403,-5.326322E-4,0.0,0.0
5487135228920,39.904723087,0.0010652645,5.326322E-4,5.326322E-4
5487155278603,39.92477277,0.0,0.0,-5.326322E-4
5487175328285,39.944822452,-5.326322E-4,0.0,0.0
5487195377968,39.964872135,0.0010652645,0.0010652645,-0.0010652645
5487215427651,39.984921818,-5.326322E-4,0.0,-5.326322E-4
5487235507851,40.005002018,-5.326322E-4,5.326322E-4,5.326322E-4
5487255557534,40.025051701,5.326322E-4,0.0,-5.326322E-4
5487275607217,40.045101384,5.326322E-4,-5.326322E-4,-5.326322E-4
5487295656900,40.065151067,-5.326322E-4,-0.0010652645,5.326322E-4
5487315706583,40.08520075,5.326322E-4,5.326322E-4,-0.0010652645
5487335756266,40.105250433,-0.0010652645,0.0,-5.326322E-4
5487355805948,40.125300115,-5.326322E-4,-5.326322E-4,-0.0010652645
5487375855632,40.145349799,-5.326322E-4,0.0,0.0
5487395905315,40.165399482,5.326322E-4,5.326322E-4,5.326322E-4
5487415954998,40.185449165,-5.326322E-4,-5.326322E-4,-0.0010652645
5487436004681,40.205498848,5.326322E-4,-5.326322E-4,-5.326322E-4
5487456054364,40.225548531,5.326322E-4,-5.326322E-4,-5.326322E-4
5487476104046,40.245598213,0.0,5.326322E-4,0.0
5487496153729,40.265647896,5.326322E-4,0.0015978967,-5.326322E-4
5487516203413,40.28569758,5.326322E-4,0.0010652645,-0.0015978967
5487536253096,40.305747263,0.0,5.326322E-4,-0.0010652645
5487556302779,40.325796946,-5.326322E-4,-0.0015978967,0.0
5487576352462,40.345846629,0.0010652645,-5.326322E-4,-5.326322E-4
5487596432661,40.365926828,5.326322E-4,0.0,-0.0010652645
5487616482345,40.385976512,5.326322E-4,5.326322E-4,0.0
5487636532028,40.406026195,5.326322E-4,5.326322E-4,-0.0010652645
5487656551193,40.42604536,-5.326322E-4,0.0,-0.0015978967
5487676631393,40.44612556,5.326322E-4,0.0,-0.0010652645
5487696681076,40.466175243,0.0,0.0015978967,-0.0010652645
5487716730759,40.486224926,5.326322E-4,-5.326322E-4,-5.326322E-4
5487736780442,40.506274609,0.0,-5.326322E-4,0.0
5487756830126,40.526324293,0.0010652645,5.326322E-4,5.326322E-4
5487776879808,40.546373975,0.0,5.326322E-4,0.0
5487796960008,40.566454175,0.0,5.326322E-4,-0.0010652645
5487816979174,40.586473341,5.326322E-4,0.0010652645,-5.326322E-4
5487837059374,40.606553541,0.0010652645,5.326322E-4,-5.326322E-4
5487857109057,40.626603224,0.0010652645,0.0,0.0
5487877158740,40.646652907,0.0010652645,5.326322E-4,0.0
5487897208423,40.66670259,-5.326322E-4,5.326322E-4,0.0
5487917258106,40.686752273,0.0010652645,0.0010652645,-0.0010652645
5487937307789,40.706801956,5.326322E-4,5.326322E-4,-5.326322E-4
5487957357471,40.726851638,5.326322E-4,0.0,-5.326322E-4
5487977407154,40.746901321,5.326322E-4,0.0,-0.0010652645
5487997456838,40.766951005,0.0010652645,0.0010652645,-5.326322E-4
5488017506521,40.787000688,5.326322E-4,0.0,0.0
5488037556204,40.807050371,0.0010652645,5.326322E-4,-5.326322E-4
5488057605887,40.827100054,5.326322E-4,-5.326322E-4,-5.326322E-4
5488077655569,40.847149736,0.002130529,-5.326322E-4,-5.326322E-4
5488097705252,40.867199419,0.0,0.0,-0.0010652645
5488117754935,40.887249102,0.0,-0.0010652645,-5.326322E-4
5488137804619,40.907298786,0.0,0.0,-0.0010652645
5488157854302,40.927348469,0.0015978967,0.0015978967,-5.326322E-4
5488177903985,40.947398152,0.0,0.0,0.0
5488197953667,40.967447834,0.0,0.0,-0.0010652645
5488217972834,40.987467001,-5.326322E-4,0.0,0.0
5488238022516,41.007516683,0.0010652645,5.326322E-4,-5.326322E-4
5488258072199,41.027566366,0.0,0.0,0.0
5488278121882,41.047616049,0.0,0.0,-5.326322E-4
5488298141048,41.067635215,5.326322E-4,-5.326322E-4,5.326322E-4
5488318190731,41.087684898,5.326322E-4,-0.0015978967,-5.326322E-4
5488338240414,41.107734581,0.0,-0.0010652645,-5.326322E-4
5488358290097,41.127784264,0.0015978967,5.326322E-4,0.0
5488378339780,41.147833947,0.0010652645,0.0,0.0
5488398389462,41.167883629,-5.326322E-4,-5.326322E-4,-5.326322E-4
5488418439146,41.187933313,-5.326322E-4,5.326322E-4,0.0
5488438488829,41.207982996,0.0010652645,5.326322E-4,-0.0010652645
5488458538512,41.228032679,5.326322E-4,-5.326322E-4,-5.326322E-4
5488478588195,41.248082362,0.0015978967,0.0,-5.326322E-4
5488498637878,41.268132045,5.326322E-4,-5.326322E-4,0.0
5488518687560,41.288181727,0.0,-5.326322E-4,-5.326322E-4
5488538737243,41.30823141,5.326322E-4,0.0,0.0
5488558786927,41.328281094,5.326322E-4,-5.326322E-4,-0.0010652645
5488578836610,41.348330777,5.326322E-4,-5.326322E-4,0.0
5488598886293,41.36838046,5.326322E-4,0.0,-0.0010652645
5488618935976,41.388430143,0.0015978967,0.0,-0.0010652645
5488638985658,41.408479825,5.326322E-4,0.0010652645,-0.0010652645
5488659035341,41.428529508,-5.326322E-4,0.002130529,5.326322E-4
5488679115542,41.448609709,0.0010652645,-5.326322E-4,0.0
5488699134707,41.468628874,0.0,5.326322E-4,0.0
5488719214907,41.488709074,5.326322E-4,0.0,-5.326322E-4
5488739234074,41.508728241,5.326322E-4,0.0026631611,-0.0010652645
5488759283756,41.528777923,0.0,0.0,0.0
5488779333439,41.548827606,-5.326322E-4,5.326322E-4,-5.326322E-4
5488799444156,41.568938323,5.326322E-4,0.0010652645,5.326322E-4
5488819524357,41.589018524,5.326322E-4,0.0,-0.0015978967
5488839574039,41.609068206,0.0,0.0,-0.0010652645
5488859623722,41.629117889,0.0,0.0,0.0
5488879673405,41.649167572,-5.326322E-4,0.0,5.326322E-4
5488899723088,41.669217255,0.0010652645,-0.0010652645,-5.326322E-4
5488919803288,41.689297455,0.0010652645,-0.0010652645,-5.326322E-4
5488939852971,41.709347138,0.0,0.0,-0.0010652645
5488959902654,41.729396821,5.326322E-4,-0.0010652645,0.0
5488979952337,41.749446504,5.326322E-4,0.0,0.0
5489000002020,41.769496187,0.0010652645,0.0015978967,-5.326322E-4
5489020082220,41.789576387,0.0010652645,0.0,0.0
5489040131903,41.80962607,0.0010652645,0.0010652645,-0.0010652645
5489060181586,41.829675753,0.0015978967,-5.326322E-4,-0.0010652645
5489080231269,41.849725436,5.326322E-4,-5.326322E-4,-5.326322E-4
5489100280951,41.869775118,0.0010652645,5.326322E-4,-0.0010652645
5489120330634,41.889824801,0.0,0.0,-0.0010652645
5489140380318,41.909874485,-5.326322E-4,0.0,-5.326322E-4
5489160460517,41.929954684,0.0,5.326322E-4,-0.0010652645
5489180510200,41.950004367,0.0015978967,0.0010652645,0.0
5489200559883,41.97005405,0.0010652645,5.326322E-4,-5.326322E-4
5489220609567,41.990103734,-0.0010652645,0.0,-0.0010652645
5489240659250,42.010153417,0.0,0.0010652645,-5.326322E-4
5489260708933,42.0302031,0.0010652645,-5.326322E-4,5.326322E-4
5489280789132,42.050283299,5.326322E-4,5.326322E-4,-0.0010652645
5489300838816,42.070332983,0.0,5.326322E-4,-5.326322E-4
5489320888499,42.090382666,5.326322E-4,0.0010652645,-5.326322E-4
5489340938181,42.110432348,0.0010652645,0.0010652645,0.0
5489360987864,42.130482031,0.0,5.326322E-4,-0.0015978967
5489381037547,42.150531714,0.0,5.326322E-4,0.0
5489401087230,42.170581397,0.0015978967,0.0010652645,-5.326322E-4
5489421136913,42.19063108,0.0,5.326322E-4,-0.0010652645
5489441186597,42.210680764,5.326322E-4,5.326322E-4,-0.0010652645
5489461236279,42.230730446,0.0010652645,5.326322E-4,-5.326322E-4
5489481285962,42.250780129,0.0,0.0,5.326322E-4
5489501335645,42.270829812,0.0010652645,5.326322E-4,-5.326322E-4
5489521385328,42.290879495,-5.326322E-4,-5.326322E-4,0.0
5489541435011,42.310929178,0.0,5.326322E-4,-5.326322E-4
5489561484694,42.330978861,0.0010652645,0.0010652645,0.0
5489581534376,42.351028543,0.0,-5.326322E-4,-5.326322E-4
5489601614577,42.371108744,5.326322E-4,0.0010652645,-5.326322E-4
5489621633743,42.39112791,5.326322E-4,0.0,-0.0010652645
5489641683426,42.411177593,-5.326322E-4,0.0,-0.0010652645
5489661733109,42.431227276,0.0,0.0,-5.326322E-4
5489681813309,42.451307476,5.326322E-4,0.0,0.0
5489701862992,42.471357159,0.0,-0.0010652645,0.0
5489721912675,42.491406842,5.326322E-4,-5.326322E-4,-0.0010652645
5489741962358,42.511456525,0.0,5.326322E-4,-5.326322E-4
5489762012040,42.531506207,5.326322E-4,5.326322E-4,0.0
5489782061723,42.55155589,5.326322E-4,5.326322E-4,0.0
5489802111406,42.571605573,0.0,0.0,0.0
5489822161090,42.591655257,5.326322E-4,5.326322E-4,-5.326322E-4
5489842210773,42.61170494,5.326322E-4,5.326322E-4,-5.326322E-4
5489862260456,42.631754623,0.0,0.0,0.0
5489882310138,42.651804305,5.326322E-4,5.326322E-4,-5.326322E-4
5489902359821,42.671853988,5.326322E-4,5.326322E-4,-5.326322E-4
5489922409504,42.691903671,0.0010652645,0.0,5.326322E-4
5489942459187,42.711953354,0.0,5.326322E-4,0.0
5489962539387,42.732033554,0.0010652645,-0.0010652645,-0.0010652645
5489982589070,42.752083237,5.326322E-4,-0.0010652645,-5.326322E-4
5490002638753,42.77213292,0.0010652645,0.0,5.326322E-4
5490022688436,42.792182603,5.326322E-4,0.0,-0.0010652645
5490042738119,42.812232286,0.0,5.326322E-4,0.0
5490062787802,42.832281969,0.0,0.0,0.0
5490082837485,42.852331652,0.0,-5.326322E-4,-5.326322E-4
5490102887168,42.872381335,0.0010652645,5.326322E-4,-0.0010652645
5490122936851,42.892431018,0.0010652645,5.326322E-4,0.0
5490142986534,42.912480701,0.0010652645,0.0,0.0
5490163036217,42.932530384,0.0015978967,0.0,-0.0010652645
5490183085899,42.952580066,0.0,0.0010652645,-5.326322E-4
5490203135583,42.97262975,5.326322E-4,-5.326322E-4,0.0
5490223185266,42.992679433,0.0010652645,-5.326322E-4,5.326322E-4
5490243234949,43.012729116,0.0010652645,0.0010652645,5.326322E-4
5490263284632,43.032778799,0.0,0.0010652645,0.0
5490283334315,43.052828482,5.326322E-4,5.326322E-4,-5.326322E-4
5490303383997,43.072878164,0.0010652645,5.326322E-4,-0.0010652645
5490323433680,43.092927847,0.0010652645,0.0010652645,-5.326322E-4
5490343483363,43.11297753,0.0,-5.326322E-4,5.326322E-4
5490363533047,43.133027214,0.0,0.0,-5.326322E-4
5490383582730,43.153076897,0.0,5.326322E-4,-5.326322E-4
5490403632412,43.173126579,0.0,-5.326322E-4,-5.326322E-4
5490423682095,43.193176262,0.0010652645,0.0010652645,-0.0010652645
5490443762296,43.213256463,5.326322E-4,5.326322E-4,-5.326322E-4
5490463811979,43.233306146,5.326322E-4,0.0,0.0
5490483861661,43.253355828,5.326322E-4,0.0,-0.0010652645
5490503911344,43.273405511,0.0,0.0010652645,-5.326322E-4
5490523961027,43.293455194,-5.326322E-4,0.0,0.0
5490544010710,43.313504877,0.0015978967,0.0,-0.0010652645
5490564060393,43.33355456,0.0,0.0010652645,-5.326322E-4
5490584110077,43.353604244,5.326322E-4,-0.0010652645,0.0
5490604159759,43.373653926,5.326322E-4,5.326322E-4,0.0
5490624209442,43.393703609,0.0,-5.326322E-4,-5.326322E-4
5490644259125,43.413753292,0.0,-0.0010652645,-0.0010652645
5490664308808,43.433802975,0.0,5.326322E-4,-0.0010652645
5490684389008,43.453883175,0.0,-5.326322E-4,0.0
5490704438691,43.473932858,0.002130529,5.326322E-4,0.0
5490724488374,43.493982541,0.0010652645,0.0,-0.0010652645
5490744538057,43.514032224,0.0,5.326322E-4,-5.326322E-4
5490764587740,43.534081907,0.0015978967,0.0010652645,-5.326322E-4
5490784637422,43.554131589,0.0,5.326322E-4,5.326322E-4
5490804717623,43.57421179,5.326322E-4,5.326322E-4,0.0
5490824797822,43.594291989,-5.326322E-4,0.0,0.0
5490844847506,43.614341673,0.0015978967,0.0015978967,-5.326322E-4
5490864897189,43.634391356,0.0,0.0,-0.0010652645
5490884946872,43.654441039,0.0,5.326322E-4,-0.0015978967
5490904996555,43.674490722,0.0,0.0010652645,-0.0010652645
5490925046237,43.694540404,-5.326322E-4,0.0010652645,5.326322E-4
5490945126438,43.714620605,5.326322E-4,0.0010652645,-5.326322E-4
5490965176121,43.734670288,0.0,0.0010652645,5.326322E-4
5490985225803,43.75471997,0.0015978967,0.0015978967,-0.0015978967
5491005275486,43.774769653,5.326322E-4,0.0,-0.0010652645
5491025325169,43.794819336,0.0010652645,5.326322E-4,0.0
5491045374852,43.814869019,0.0010652645,0.0,-0.0010652645
5491065455052,43.834949219,5.326322E-4,0.0010652645,0.0
5491085504735,43.854998902,5.326322E-4,5.326322E-4,-5.326322E-4
5491105554418,43.875048585,5.326322E-4,0.0,-5.326322E-4
5491125604101,43.895098268,-5.326322E-4,-0.0010652645,-0.0015978967
5491145653785,43.915147952,0.0010652645,0.0,-0.0015978967
5491165733984,43.935228151,0.0015978967,0.0,-5.326322E-4
5491185783667,43.955277834,0.0015978967,0.0,-0.0015978967
5491205833350,43.975327517,5.326322E-4,0.0,-0.0010652645
5491225883032,43.995377199,0.0,5.326322E-4,-0.0015978967
5491245932716,44.015426883,0.0010652645,0.0,-5.326322E-4
5491265982399,44.035476566,5.326322E-4,0.0,-0.0010652645
5491286032082,44.055526249,0.0015978967,0.0015978967,-5.326322E-4
5491306081765,44.075575932,5.326322E-4,0.0,-0.0015978967
5491326131448,44.095625615,-5.326322E-4,0.0010652645,-0.002130529
5491346181130,44.115675297,0.0010652645,-0.0010652645,-0.0015978967
5491366261331,44.135755498,5.326322E-4,0.0010652645,0.0
5491386311014,44.155805181,0.0010652645,0.0015978967,-5.326322E-4
5491406360697,44.175854864,0.0,5.326322E-4,-5.326322E-4
5491426410379,44.195904546,5.326322E-4,5.326322E-4,0.0
5491446460062,44.215954229,5.326322E-4,0.0,-5.326322E-4
5491466509746,44.236003913,0.0010652645,0.0,-0.0015978967
5491486589945,44.256084112,5.326322E-4,0.0,-5.326322E-4
5491506639628,44.276133795,5.326322E-4,5.326322E-4,-5.326322E-4
5491526689311,44.296183478,0.0010652645,-5.326322E-4,-0.0010652645
5491546738995,44.316233162,5.326322E-4,0.0,-5.326322E-4
5491566819194,44.336313361,0.0015978967,0.0,0.0
5491586868877,44.356363044,5.326322E-4,0.0010652645,-5.326322E-4
5491606918560,44.376412727,0.0015978967,0.002130529,-0.0010652645
5491626968244,44.396462411,0.0,5.326322E-4,-5.326322E-4
5491647017927,44.416512094,0.0010652645,-0.002130529,0.0
5491667098126,44.436592293,-5.326322E-4,-5.326322E-4,-5.326322E-4
5491687208843,44.45670301,0.0010652645,-0.0015978967,-0.0010652645
5491707258526,44.476752693,0.0015978967,0.0015978967,-5.326322E-4
5491727308210,44.496802377,5.326322E-4,0.0015978967,-5.326322E-4
5491747357892,44.516852059,0.0010652645,5.326322E-4,-0.0010652645
5491767407575,44.536901742,-0.0010652645,-5.326322E-4,0.0
5491787457258,44.556951425,-0.0010652645,-0.0010652645,-5.326322E-4
5491807506941,44.577001108,0.0010652645,5.326322E-4,0.0015978967
5491827556624,44.597050791,0.0,0.0,0.0
5491847606307,44.617100474,-5.326322E-4,-5.326322E-4,-5.326322E-4
5491867655989,44.637150156,0.0010652645,0.0010652645,0.0
5491887705673,44.65719984,5.326322E-4,0.0,0.0
5491907755356,44.677249523,-5.326322E-4,0.0010652645,-5.326322E-4
5491927805039,44.697299206,0.0,5.326322E-4,-5.326322E-4
5491947854722,44.717348889,0.0015978967,0.0,5.326322E-4
5491967934922,44.737429089,0.0,0.0010652645,0.0
5491987984605,44.757478772,-5.326322E-4,0.0,0.0
5492008034288,44.777528455,-0.0010652645,0.0010652645,5.326322E-4
5492028083971,44.797578138,0.0015978967,5.326322E-4,5.326322E-4
5492048133653,44.81762782,-5.326322E-4,-5.326322E-4,-5.326322E-4
5492068183336,44.837677503,-0.0010652645,5.326322E-4,5.326322E-4
5492088233019,44.857727186,5.326322E-4,5.326322E-4,-5.326322E-4
5492108282703,44.87777687,-5.326322E-4,0.0,0.0
5492128362902,44.897857069,0.0,0.0010652645,5.326322E-4
5492148412585,44.917906752,-5.326322E-4,0.0010652645,-5.326322E-4
5492168462268,44.937956435,5.326322E-4,0.0,5.326322E-4
5492188511951,44.958006118,0.0,-5.326322E-4,0.0
5492208561635,44.978055802,0.0,-5.326322E-4,-0.0010652645
5492228611318,44.998105485,0.0,5.326322E-4,0.0
5492248661000,45.018155167,-5.326322E-4,0.0010652645,0.0010652645
5492268710683,45.03820485,-5.326322E-4,0.0,-5.326322E-4
5492288760366,45.058254533,-5.326322E-4,5.326322E-4,0.0
5492308810049,45.078304216,5.326322E-4,0.0,5.326322E-4
5492328859732,45.098353899,5.326322E-4,0.0010652645,5.326322E-4
5492348939932,45.118434099,-0.0015978967,5.326322E-4,0.0
5492368989615,45.138483782,5.326322E-4,-5.326322E-4,-0.0010652645
5492389039298,45.158533465,0.0,0.0,5.326322E-4
5492409088981,45.178583148,0.0,-0.0010652645,0.0
5492429138664,45.198632831,-0.0010652645,0.0,0.0
5492449188347,45.218682514,-5.326322E-4,5.326322E-4,0.0010652645
5492469238030,45.238732197,0.0,-5.326322E-4,5.326322E-4
5492489318229,45.258812396,-5.326322E-4,0.0015978967,0.0
5492509367913,45.27886208,-5.326322E-4,-0.0010652645,0.0
5492529417596,45.298911763,5.326322E-4,5.326322E-4,-5.326322E-4
5492549467279,45.318961446,-5.326322E-4,0.0010652645,0.0
5492569516962,45.339011129,5.326322E-4,-5.326322E-4,-5.326322E-4
5492589566645,45.359060812,0.0,5.326322E-4,0.0
5492609616327,45.379110494,0.0,5.326322E-4,-5.326322E-4
5492629666010,45.399160177,5.326322E-4,-5.326322E-4,-5.326322E-4
5492649715693,45.41920986,0.0,-5.326322E-4,-0.0015978967
5492669765377,45.439259544,0.0010652645,5.326322E-4,0.0
5492689815060,45.459309227,0.0,0.0015978967,0.0
5492709864743,45.47935891,0.0,0.0,0.0
5492729914425,45.499408592,0.0,5.326322E-4,0.0
5492749964108,45.519458275,-5.326322E-4,5.326322E-4,-5.326322E-4
5492770013791,45.539507958,0.0010652645,5.326322E-4,-5.326322E-4
5492790063474,45.559557641,0.0,0.0,-5.326322E-4
5492810113158,45.579607325,5.326322E-4,5.326322E-4,-5.326322E-4
5492830162841,45.599657008,-5.326322E-4,-5.326322E-4,-5.326322E-4
5492850212523,45.61970669,5.326322E-4,0.0,-5.326322E-4
5492870262206,45.639756373,5.326322E-4,5.326322E-4,0.0010652645
5492890311889,45.659806056,0.0,0.0010652645,0.0
5492910361572,45.679855739,5.326322E-4,0.0010652645,0.0010652645
5492930411255,45.699905422,0.0010652645,0.0,-0.0010652645
5492950460937,45.719955104,5.326322E-4,0.0,0.0
5492970510621,45.740004788,0.0010652645,5.326322E-4,0.0
5492990560304,45.760054471,0.0,5.326322E-4,0.0
5493010609987,45.780104154,0.0,-5.326322E-4,0.0010652645
5493030659670,45.800153837,0.0,5.326322E-4,-5.326322E-4
5493050739870,45.820234037,0.0010652645,5.326322E-4,-0.0015978967
5493070789553,45.84028372,0.0010652645,0.0010652645,0.0
5493090839236,45.860333403,0.0,5.326322E-4,5.326322E-4
5493110888919,45.880383086,0.0,0.0010652645,0.0
5493130938602,45.900432769,0.0,5.326322E-4,0.0
5493150988284,45.920482451,5.326322E-4,0.0,-5.326322E-4
5493171007451,45.940501618,0.0015978967,5.326322E-4,-5.326322E-4
5493191057133,45.9605513,5.326322E-4,-5.326322E-4,0.0
5493211106816,45.980600983,0.0,0.0,0.0
5493231156499,46.000650666,0.0010652645,-5.326322E-4,-0.0010652645
5493251206183,46.02070035,0.0010652645,0.0,-5.326322E-4
5493271255866,46.040750033,0.0,-5.326322E-4,0.0
5493291305549,46.060799716,5.326322E-4,0.0,-5.326322E-4
5493311355231,46.080849398,0.0010652645,0.0,0.0010652645
5493331404914,46.100899081,0.0,5.326322E-4,0.0
5493351424080,46.120918247,0.0010652645,5.326322E-4,-5.326322E-4
5493371473763,46.14096793,0.0015978967,5.326322E-4,0.0
5493391523446,46.161017613,0.0010652645,5.326322E-4,0.0
5493411573129,46.181067296,5.326322E-4,0.0,5.326322E-4
5493431622812,46.201116979,0.0010652645,0.0,-0.0010652645
5493451672495,46.221166662,5.326322E-4,5.326322E-4,5.326322E-4
5493471722178,46.241216345,0.0015978967,-5.326322E-4,0.0
5493491771861,46.261266028,0.0010652645,0.0,-0.0010652645
5493511821544,46.281315711,5.326322E-4,0.0,-0.0010652645
5493531871227,46.301365394,0.0,5.326322E-4,5.326322E-4
5493551920910,46.321415077,5.326322E-4,5.326322E-4,5.326322E-4
5493571970593,46.34146476,5.326322E-4,0.0010652645,0.0
5493592020275,46.361514442,5.326322E-4,0.0,-5.326322E-4
5493612069958,46.381564125,0.0015978967,0.0,0.0
5493632119642,46.401613809,0.002130529,0.0,-5.326322E-4
5493652169325,46.421663492,5.326322E-4,5.326322E-4,0.0
5493672219008,46.441713175,0.0,5.326322E-4,0.0
5493692268691,46.461762858,5.326322E-4,5.326322E-4,5.326322E-4
5493712287857,46.481782024,5.326322E-4,0.0015978967,-5.326322E-4
5493732337540,46.501831707,5.326322E-4,-5.326322E-4,-5.326322E-4
5493752387222,46.521881389,0.0,0.0,-5.326322E-4
5493772528456,46.542022623,0.0,0.0,5.326322E-4
5493792578140,46.562072307,5.326322E-4,0.0,5.326322E-4
5493812627823,46.58212199,5.326322E-4,0.0,0.0
5493832677506,46.602171673,5.326322E-4,0.0010652645,0.0015978967
5493852727188,46.622221355,0.0010652645,-5.326322E-4,0.0
5493872776871,46.642271038,5.326322E-4,-5.326322E-4,-0.0010652645
5493892826554,46.662320721,5.326322E-4,0.0,-5.326322E-4
5493912876237,46.682370404,0.0010652645,0.0,-5.326322E-4
5493932925921,46.702420088,5.326322E-4,5.326322E-4,0.0
5493952975603,46.72246977,-5.326322E-4,-5.326322E-4,-5.326322E-4
5493973025286,46.742519453,5.326322E-4,0.0,0.0
5493993074969,46.762569136,5.326322E-4,0.0,-5.326322E-4
5494013124652,46.782618819,0.0,5.326322E-4,0.0010652645
5494033174335,46.802668502,5.326322E-4,0.0,-0.0010652645
5494053224018,46.822718185,0.0,0.0,0.0010652645
5494073243184,46.842737351,0.0,5.326322E-4,-5.326322E-4
5494093292867,46.862787034,-5.326322E-4,0.0,0.0
5494113342550,46.882836717,0.0,0.0010652645,5.326322E-4
5494133392232,46.902886399,0.0,5.326322E-4,0.0
5494153441916,46.922936083,0.0,0.0,5.326322E-4
5494173491599,46.942985766,0.0,0.0,5.326322E-4
5494193541282,46.963035449,-0.0010652645,5.326322E-4,0.0
5494213590965,46.983085132,-5.326322E-4,-5.326322E-4,0.0
5494233640647,47.003134814,0.0,0.0010652645,5.326322E-4
5494253690330,47.023184497,0.0,-0.0010652645,5.326322E-4
5494273740013,47.04323418,-5.326322E-4,0.0,5.326322E-4
5494293789697,47.063283864,0.0,5.326322E-4,-5.326322E-4
5494313808862,47.083303029,5.326322E-4,-5.326322E-4,-5.326322E-4
5494333858545,47.103352712,-5.326322E-4,-0.0010652645,0.0
5494353908228,47.123402395,0.0,0.0015978967,0.0
5494373957912,47.143452079,5.326322E-4,0.0010652645,-0.0010652645
5494394007595,47.163501762,5.326322E-4,5.326322E-4,-5.326322E-4
5494414057277,47.183551444,0.0010652645,0.0,-5.326322E-4
5494434106960,47.203601127,-5.326322E-4,0.0010652645,0.0010652645
5494454156643,47.22365081,0.0,-5.326322E-4,-0.0010652645
5494474206326,47.243700493,-5.326322E-4,5.326322E-4,5.326322E-4
5494494256009,47.263750176,5.326322E-4,-5.326322E-4,5.326322E-4
5494514305693,47.28379986,5.326322E-4,5.326322E-4,0.0
5494534355375,47.303849542,0.0,0.0010652645,0.0
5494554374541,47.323868708,0.0,-0.0010652645,-5.326322E-4
5494574454741,47.343948908,-5.326322E-4,-5.326322E-4,0.0010652645
5494594473907,47.363968074,0.0,5.326322E-4,5.326322E-4
5494614523590,47.384017757,0.0,0.0,0.0
5494634573273,47.40406744,5.326322E-4,5.326322E-4,0.0
5494654653472,47.424147639,0.0,-5.326322E-4,5.326322E-4
5494674672639,47.444166806,0.0010652645,0.002130529,5.326322E-4
5494694722321,47.464216488,-0.0010652645,5.326322E-4,0.0
5494714833038,47.484327205,0.0,5.326322E-4,5.326322E-4
5494734882721,47.504376888,5.326322E-4,0.0,5.326322E-4
5494754932405,47.524426572,0.0,-5.326322E-4,0.0
5494774982088,47.544476255,0.0,0.0,-5.326322E-4
5494795001253,47.56449542,0.0010652645,-0.0010652645,-5.326322E-4
5494815050937,47.584545104,0.0,0.0010652645,-5.326322E-4
5494835100620,47.604594787,0.0,-5.326322E-4,-0.0010652645
5494855150303,47.62464447,0.0015978967,0.0,0.0
5494875199985,47.644694152,5.326322E-4,5.326322E-4,0.0
5494895249668,47.664743835,5.326322E-4,0.0010652645,5.326322E-4
5494915299351,47.684793518,0.0,0.0,0.0
5494935349034,47.704843201,0.0010652645,0.0015978967,5.326322E-4
5494955398718,47.724892885,-5.326322E-4,5.326322E-4,5.326322E-4
5494975448401,47.744942568,5.326322E-4,0.0,-5.326322E-4
5494995498083,47.76499225,5.326322E-4,0.0,0.0
5495015547766,47.785041933,-5.326322E-4,-5.326322E-4,-5.326322E-4
5495035566932,47.805061099,-5.326322E-4,5.326322E-4,5.326322E-4
5495055647132,47.825141299,-5.326322E-4,0.0010652645,-0.0015978967
5495075666298,47.845160465,0.0,0.0,-5.326322E-4
5495095715981,47.865210148,5.326322E-4,0.0015978967,-5.326322E-4
5495115765664,47.885259831,-5.326322E-4,0.0,-0.0010652645
5495135815347,47.905309514,5.326322E-4,5.326322E-4,-0.0010652645
5495155865029,47.925359196,0.0,0.0,-5.326322E-4
5495175914713,47.94540888,0.0,0.0010652645,-0.002130529
5495195964396,47.965458563,0.0015978967,-5.326322E-4,0.0010652645
5495216014079,47.985508246,-5.326322E-4,0.0,-5.326322E-4
5495236033245,48.005527412,0.0010652645,0.0,5.326322E-4
5495256082928,48.025577095,-0.0010652645,0.0,-0.0015978967
5495276132611,48.045626778,5.326322E-4,0.0,-0.0010652645
5495296182294,48.065676461,5.326322E-4,0.0,-5.326322E-4
5495316231976,48.085726143,-5.326322E-4,5.326322E-4,-5.326322E-4
5495336281659,48.105775826,-0.0010652645,0.0,-5.326322E-4
5495356331342,48.125825509,5.326322E-4,0.0015978967,5.326322E-4
5495376381025,48.145875192,0.0,0.0010652645,5.326322E-4
5495396430709,48.165924876,-0.0015978967,0.0,5.326322E-4
5495416480392,48.185974559,0.0,0.0015978967,0.0
5495436530074,48.206024241,0.0,0.002130529,5.326322E-4
5495456579757,48.226073924,-5.326322E-4,5.326322E-4,-0.0015978967
5495476598924,48.246093091,-5.326322E-4,0.0010652645,-0.0015978967
5495496648606,48.266142773,5.326322E-4,0.0,-0.0010652645
5495516698289,48.286192456,-0.0010652645,5.326322E-4,-0.0010652645
5495536747972,48.306242139,5.326322E-4,0.0015978967,-0.0010652645
5495556797655,48.326291822,5.326322E-4,-5.326322E-4,-0.0010652645
5495576847338,48.346341505,0.0,-0.0015978967,-5.326322E-4
5495596897020,48.366391187,0.0010652645,-5.326322E-4,0.0015978967
5495616946704,48.386440871,-5.326322E-4,0.0,0.0
5495636996387,48.406490554,-5.326322E-4,0.0,-5.326322E-4
5495657046070,48.426540237,-0.0015978967,-5.326322E-4,0.0
5495677095753,48.44658992,-0.0010652645,0.0,-5.326322E-4
5495697145436,48.466639603,-5.326322E-4,0.0,-5.326322E-4
5495717164602,48.486658769,-0.0010652645,-5.326322E-4,-0.0010652645
5495737305835,48.506800002,5.326322E-4,5.326322E-4,-5.326322E-4
5495757325002,48.526819169,0.0010652645,5.326322E-4,-0.0010652645
5495777374685,48.546868852,-5.326322E-4,-5.326322E-4,-5.326322E-4
5495797393851,48.566888018,0.0,5.326322E-4,-0.0010652645
5495817443534,48.586937701,0.0010652645,0.0,-0.0010652645
5495837493216,48.606987383,5.326322E-4,5.326322E-4,5.326322E-4
5495857542899,48.627037066,0.0,0.0010652645,-5.326322E-4
5495877562066,48.647056233,-0.0010652645,0.0,0.0
5495897611748,48.667105915,-5.326322E-4,0.0,-0.0010652645
5495917661431,48.687155598,5.326322E-4,5.326322E-4,-0.0010652645
5495937711114,48.707205281,0.0010652645,0.0010652645,-5.326322E-4
5495957760797,48.727254964,0.0010652645,0.0,-5.326322E-4
5495977810481,48.747304648,-5.326322E-4,5.326322E-4,0.0
5495997860163,48.76735433,-5.326322E-4,5.326322E-4,0.0
5496017909846,48.787404013,5.326322E-4,-5.326322E-4,-0.0010652645
5496037959529,48.807453696,0.0,5.326322E-4,-0.0010652645
5496058009212,48.827503379,-5.326322E-4,0.0010652645,-0.0010652645
5496078058895,48.847553062,5.326322E-4,0.0,0.0
5496098108578,48.867602745,0.0015978967,0.0,-5.326322E-4
5496118158261,48.887652428,0.0,5.326322E-4,-5.326322E-4
5496138207944,48.907702111,5.326322E-4,0.0015978967,-5.326322E-4
5496158257627,48.927751794,5.326322E-4,0.002130529,0.0
5496178307310,48.947801477,5.326322E-4,0.0,-0.0010652645
5496198356993,48.96785116,0.0010652645,5.326322E-4,-5.326322E-4
5496218406676,48.987900843,0.0,5.326322E-4,-0.0010652645
5496238456358,49.007950525,0.0,0.0,0.0
5496258506041,49.028000208,5.326322E-4,0.0015978967,-5.326322E-4
5496278555725,49.048049892,5.326322E-4,5.326322E-4,-5.326322E-4
5496298605408,49.068099575,5.326322E-4,-0.0010652645,-0.0010652645
5496318655091,49.088149258,0.0010652645,-5.326322E-4,-5.326322E-4
5496338704774,49.108198941,0.0010652645,5.326322E-4,-0.0015978967
5496358754456,49.128248623,0.0010652645,0.0010652645,-5.326322E-4
5496378804139,49.148298306,5.326322E-4,5.326322E-4,-5.326322E-4
5496398853822,49.168347989,0.0,5.326322E-4,-5.326322E-4
5496418872988,49.188367155,-5.326322E-4,0.0010652645,-0.0010652645
5496438922671,49.208416838,5.326322E-4,-5.326322E-4,-5.326322E-4
5496458972354,49.228466521,0.0015978967,0.0,-0.0010652645
5496479022038,49.248516205,0.0015978967,5.326322E-4,-5.326322E-4
5496499071721,49.268565888,0.0,0.002130529,-0.0015978967
5496519121403,49.28861557,0.0,5.326322E-4,-5.326322E-4
5496539171086,49.308665253,5.326322E-4,5.326322E-4,-0.0010652645
5496559190253,49.32868442,5.326322E-4,5.326322E-4,0.0
5496579239935,49.348734102,-5.326322E-4,-5.326322E-4,-5.326322E-4
5496599289618,49.368783785,0.0,0.0,0.0
5496619339301,49.388833468,5.326322E-4,0.0010652645,0.0
5496639388984,49.408883151,0.0015978967,0.0015978967,-0.0015978967
5496659438667,49.428932834,-5.326322E-4,0.0,-5.326322E-4
5496679457833,49.448952,0.0,0.0010652645,-0.0015978967
5496699507516,49.469001683,0.0,-5.326322E-4,-5.326322E-4
5496719557199,49.489051366,5.326322E-4,0.0,-0.0015978967
5496739698433,49.5091926,5.326322E-4,0.0010652645,-0.0015978967
5496759717598,49.529211765,0.0015978967,5.326322E-4,5.326322E-4
5496779767282,49.549261449,0.0015978967,0.0010652645,-5.326322E-4
5496799847482,49.569341649,0.0,-5.326322E-4,-0.0015978967
5496819897164,49.589391331,0.0,0.0,-5.326322E-4
5496839946847,49.609441014,0.0,-0.0010652645,-5.326322E-4
5496859996531,49.629490698,0.0010652645,0.0,-5.326322E-4
5496880046214,49.649540381,0.0,5.326322E-4,0.0
5496900126413,49.66962058,5.326322E-4,5.326322E-4,-0.0010652645
5496920176096,49.689670263,0.0015978967,5.326322E-4,0.0010652645
5496940225779,49.709719946,0.0015978967,0.0,-5.326322E-4
5496960275463,49.72976963,0.0,-5.326322E-4,0.0
5496980325146,49.749819313,0.0010652645,5.326322E-4,5.326322E-4
5497000374828,49.769868995,0.0015978967,0.0,5.326322E-4
5497020424511,49.789918678,-5.326322E-4,-5.326322E-4,-5.326322E-4
5497040474194,49.809968361,5.326322E-4,0.0,0.0
5497060523877,49.830018044,5.326322E-4,0.0010652645,-5.326322E-4
5497080573560,49.850067727,5.326322E-4,-5.326322E-4,-0.0010652645
5497100623244,49.870117411,0.0010652645,0.0010652645,-5.326322E-4
5497120642409,49.890136576,0.0010652645,-5.326322E-4,0.0
5497140692092,49.910186259,5.326322E-4,0.0010652645,-0.0010652645
5497160741776,49.930235943,0.0,5.326322E-4,0.0
5497180791458,49.950285625,0.0015978967,0.0,5.326322E-4
5497200841141,49.970335308,0.0010652645,0.0,-0.0010652645
5497220890824,49.990384991,0.0010652645,-0.0010652645,5.326322E-4
5497240940507,50.010434674,0.0,0.0010652645,-5.326322E-4
5497260990190,50.030484357,0.0010652645,5.326322E-4,-0.0010652645
5497281039872,50.050534039,-5.326322E-4,5.326322E-4,-0.0015978967
5497301089555,50.070583722,0.0,5.326322E-4,-0.0010652645
5497321139239,50.090633406,5.326322E-4,0.0,-5.326322E-4
5497341188922,50.110683089,0.0010652645,-5.326322E-4,-5.326322E-4
5497361208087,50.130702254,5.326322E-4,0.0,-5.326322E-4
5497381257771,50.150751938,5.326322E-4,0.0,-5.326322E-4
5497401307454,50.170801621,0.0,0.0,-5.326322E-4
5497421357137,50.190851304,-5.326322E-4,0.0,-5.326322E-4
5497441406820,50.210900987,0.0010652645,-5.326322E-4,-5.326322E-4
5497461456502,50.230950669,5.326322E-4,0.0010652645,-0.0010652645
5497481506185,50.251000352,0.0015978967,0.0010652645,0.0
5497501555868,50.271050035,-5.326322E-4,0.0,-5.326322E-4
5497521575034,50.291069201,-5.326322E-4,5.326322E-4,-0.0010652645
5497541624717,50.311118884,5.326322E-4,5.326322E-4,0.0010652645
5497561674400,50.331168567,5.326322E-4,0.0,5.326322E-4
5497581724083,50.35121825,0.0,0.0,0.0
5497601773767,50.371267934,5.326322E-4,0.0,-0.0010652645
5497621823449,50.391317616,0.0010652645,0.0,0.0
5497641842615,50.411336782,0.0010652645,-5.326322E-4,-5.326322E-4
5497661892298,50.431386465,0.0,0.0,-5.326322E-4
5497681941981,50.451436148,0.0,0.0010652645,-5.326322E-4
5497701991664,50.471485831,-5.326322E-4,5.326322E-4,0.0
5497722041347,50.491535514,-5.326322E-4,5.326322E-4,-5.326322E-4
5497742121547,50.511615714,0.0,-0.0010652645,-5.326322E-4
5497762171230,50.531665397,0.0,0.0010652645,-5.326322E-4
5497782220913,50.55171508,5.326322E-4,0.0,-5.326322E-4
5497802240079,50.571734246,5.326322E-4,5.326322E-4,-5.326322E-4
5497822289762,50.591783929,-5.326322E-4,0.0010652645,-0.0010652645
5497842339445,50.611833612,5.326322E-4,-0.0010652645,-0.0010652645
5497862389128,50.631883295,5.326322E-4,0.0010652645,-5.326322E-4
5497882438811,50.651932978,-5.326322E-4,5.326322E-4,-5.326322E-4
5497902488493,50.67198266,5.326322E-4,-5.326322E-4,-0.0010652645
5497922538176,50.692032343,5.326322E-4,0.0,-5.326322E-4
5497942587859,50.712082026,0.0,-5.326322E-4,-5.326322E-4
5497962637543,50.73213171,-5.326322E-4,-5.326322E-4,-5.326322E-4
5497982687226,50.752181393,0.0,0.0,-5.326322E-4
5498002706391,50.772200558,0.0,-5.326322E-4,-5.326322E-4
5498022756075,50.792250242,0.0010652645,5.326322E-4,-0.0010652645
5498042805758,50.812299925,0.0,0.0015978967,5.326322E-4
5498062855440,50.832349607,-5.326322E-4,-5.326322E-4,-5.326322E-4
5498082874607,50.852368774,-5.326322E-4,0.0,0.0
5498102924290,50.872418457,5.326322E-4,5.326322E-4,-0.0010652645
5498122973972,50.892468139,-5.326322E-4,0.0010652645,-0.0010652645
5498143023655,50.912517822,0.0,0.0,0.0
5498163042821,50.932536988,0.0,5.326322E-4,-5.326322E-4
5498183092504,50.952586671,0.0010652645,0.0,-5.326322E-4
5498203142187,50.972636354,0.0,0.0,-5.326322E-4
5498223161353,50.99265552,-5.326322E-4,5.326322E-4,-0.0015978967
5498243211036,51.012705203,-0.0010652645,-5.326322E-4,0.0
5498263260719,51.032754886,0.0,5.326322E-4,-5.326322E-4
5498283310402,51.052804569,-0.0010652645,5.326322E-4,-5.326322E-4
5498303360085,51.072854252,5.326322E-4,0.0026631611,-5.326322E-4
5498323409767,51.092903934,-5.326322E-4,5.326322E-4,5.326322E-4
5498343459450,51.112953617,0.0,-5.326322E-4,-0.0010652645
5498363478617,51.132972784,-5.326322E-4,0.0015978967,-5.326322E-4
5498383528299,51.153022466,0.0010652645,-5.326322E-4,-0.0010652645
5498403577982,51.173072149,-5.326322E-4,0.0010652645,-0.0010652645
5498423627665,51.193121832,-5.326322E-4,5.326322E-4,-5.326322E-4
5498443677349,51.213171516,0.0,-5.326322E-4,-0.0010652645
5498463727032,51.233221199,0.0010652645,5.326322E-4,-0.0010652645
5498483746197,51.253240364,-5.326322E-4,5.326322E-4,0.0
5498503795881,51.273290048,-5.326322E-4,0.0010652645,0.0
5498523845564,51.293339731,0.0,5.326322E-4,-5.326322E-4
5498543895246,51.313389413,-0.0010652645,5.326322E-4,-5.326322E-4
5498563944929,51.333439096,5.326322E-4,0.0010652645,0.0
5498583994612,51.353488779,0.0,5.326322E-4,-0.0010652645
5498604044295,51.373538462,0.0,0.0,-5.326322E-4
5498624093978,51.393588145,0.0,-5.326322E-4,-0.0015978967
5498644113144,51.413607311,0.0,-5.326322E-4,-5.326322E-4
5498664162827,51.433656994,0.0,-5.326322E-4,-0.0010652645
5498684212510,51.453706677,-0.0015978967,5.326322E-4,0.0
5498704262192,51.473756359,0.0,5.326322E-4,-5.326322E-4
5498724311876,51.493806043,0.0010652645,5.326322E-4,-5.326322E-4
5498744361559,51.513855726,5.326322E-4,5.326322E-4,-0.0010652645
5498764411242,51.533905409,5.326322E-4,5.326322E-4,-5.326322E-4
5498784460925,51.553955092,0.0,0.0,-0.0010652645
5498804480091,51.573974258,0.0,0.0010652645,-5.326322E-4
5498824529774,51.594023941,-5.326322E-4,0.0,-5.326322E-4
5498844579457,51.614073624,0.0,0.0,-0.0010652645
5498864629140,51.634123307,5.326322E-4,0.0010652645,-5.326322E-4
5498884678822,51.654172989,0.0,0.0,-0.0015978967
5498904728505,51.674222672,5.326322E-4,-5.326322E-4,-0.0010652645
5498924778188,51.694272355,5.326322E-4,0.0,-0.0010652645
5498944797354,51.714291521,-5.326322E-4,0.0015978967,-5.326322E-4
5498964847037,51.734341204,0.0,0.0,-5.326322E-4
5498984896720,51.754390887,0.0,5.326322E-4,-5.326322E-4
5499004946404,51.774440571,5.326322E-4,0.0,-5.326322E-4
5499024996087,51.794490254,5.326322E-4,0.0010652645,-5.326322E-4
5499045015252,51.814509419,0.0,0.0,-5.326322E-4
5499065064936,51.834559103,0.0,0.0,-0.0010652645
5499085114618,51.854608785,0.0,0.0,0.0
5499105164301,51.874658468,-0.0010652645,0.0,-5.326322E-4
5499125213984,51.894708151,5.326322E-4,0.0,-0.0010652645
5499145263667,51.914757834,0.0,5.326322E-4,-0.0010652645
5499165313350,51.934807517,-5.326322E-4,-5.326322E-4,0.0
5499185363033,51.9548572,0.0,5.326322E-4,-5.326322E-4
5499205382199,51.974876366,0.0,0.0010652645,-5.326322E-4
5499225431882,51.994926049,5.326322E-4,-5.326322E-4,-0.0010652645
5499245481565,52.014975732,0.0,0.0010652645,0.0
5499265531247,52.035025414,5.326322E-4,0.0010652645,-5.326322E-4
5499285580931,52.055075098,0.0,5.326322E-4,-5.326322E-4
5499305630614,52.075124781,5.326322E-4,0.0,-0.0010652645
5499325680297,52.095174464,0.0010652645,-0.0010652645,-5.326322E-4
5499345699463,52.11519363,-5.326322E-4,0.0,-5.326322E-4
5499365749146,52.135243313,0.0010652645,-5.326322E-4,-5.326322E-4
5499385798829,52.155292996,5.326322E-4,0.0015978967,-0.0010652645
5499405848512,52.175342679,0.0,0.0,-0.0010652645
5499425898194,52.195392361,0.0010652645,5.326322E-4,5.326322E-4
5499445947877,52.215442044,-5.326322E-4,5.326322E-4,0.0
5499465997560,52.235491727,5.326322E-4,0.0010652645,-0.0010652645
5499486077760,52.255571927,0.0,-5.326322E-4,-5.326322E-4
5499506127443,52.27562161,-5.326322E-4,0.0,0.0
5499526146610,52.295640777,0.0010652645,0.0015978967,0.0
5499546196292,52.315690459,-5.326322E-4,0.0010652645,5.326322E-4
5499566245975,52.335740142,0.0,0.0,5.326322E-4
5499586295658,52.355789825,5.326322E-4,-5.326322E-4,0.0
5499606345341,52.375839508,0.0,-5.326322E-4,5.326322E-4
5499626425541,52.395919708,-0.0010652645,0.0,-5.326322E-4
5499646475224,52.415969391,-0.0010652645,-5.326322E-4,5.326322E-4
5499666524907,52.436019074,0.0010652645,5.326322E-4,5.326322E-4
5499686574590,52.456068757,-5.326322E-4,0.0,5.326322E-4
5499706624273,52.47611844,0.0,5.326322E-4,0.0010652645
5499726673956,52.496168123,-5.326322E-4,0.0010652645,-5.326322E-4
5499746723639,52.516217806,-5.326322E-4,0.0010652645,0.0
5499766773322,52.536267489,0.0,0.0010652645,5.326322E-4
5499786823005,52.556317172,-5.326322E-4,0.0,0.0
5499806872688,52.576366855,-5.326322E-4,5.326322E-4,-0.0010652645
5499826983405,52.596477572,-5.326322E-4,0.0010652645,5.326322E-4
5499847033088,52.616527255,5.326322E-4,0.0,-5.326322E-4
5499867113288,52.636607455,5.326322E-4,5.326322E-4,-5.326322E-4
5499887162971,52.656657138,-5.326322E-4,5.326322E-4,-5.326322E-4
5499907212654,52.676706821,0.0,0.0010652645,0.0
5499927262336,52.696756503,-5.326322E-4,5.326322E-4,0.0
5499947312019,52.716806186,-0.0010652645,5.326322E-4,0.0
5499967361702,52.736855869,5.326322E-4,0.0,0.0
5499987411386,52.756905553,5.326322E-4,0.0,0.0
5500007461069,52.776955236,0.0,5.326322E-4,5.326322E-4
5500027480234,52.796974401,-5.326322E-4,5.326322E-4,5.326322E-4
5500047529918,52.817024085,-5.326322E-4,5.326322E-4,-5.326322E-4
5500067579601,52.837073768,5.326322E-4,5.326322E-4,0.0
5500087629283,52.85712345,5.326322E-4,-5.326322E-4,0.0010652645
5500107678966,52.877173133,0.0,5.326322E-4,-5.326322E-4
5500127728649,52.897222816,5.326322E-4,-5.326322E-4,0.0
5500147778332,52.917272499,0.0,0.0,-5.326322E-4
5500167828015,52.937322182,-5.326322E-4,0.0,0.0
5500187877699,52.957371866,5.326322E-4,0.0010652645,-0.0010652645
5500207927381,52.977421548,5.326322E-4,0.002130529,0.0
5500227977064,52.997471231,-5.326322E-4,5.326322E-4,5.326322E-4
5500248026747,53.017520914,0.0,0.0,-5.326322E-4
5500268076430,53.037570597,5.326322E-4,5.326322E-4,0.0
5500288126113,53.05762028,5.326322E-4,0.0,0.0
5500308175796,53.077669963,0.0,5.326322E-4,5.326322E-4
5500328225478,53.097719645,0.0,-0.0010652645,5.326322E-4
5500348275162,53.117769329,0.0,0.0,0.0
5500368324845,53.137819012,-0.0010652645,0.0,0.0010652645
5500388405044,53.157899211,-5.326322E-4,-5.326322E-4,-5.326322E-4
5500408424211,53.177918378,5.326322E-4,0.0,0.0
5500428504411,53.197998578,-5.326322E-4,0.0,5.326322E-4
5500448523576,53.218017743,-5.326322E-4,5.326322E-4,-5.326322E-4
5500468573259,53.238067426,0.0,5.326322E-4,5.326322E-4
5500488622943,53.25811711,-0.0010652645,-5.326322E-4,0.0
5500508672626,53.278166793,0.0,-5.326322E-4,0.0010652645
5500528722309,53.298216476,5.326322E-4,0.0,-0.0010652645
5500548771992,53.318266159,5.326322E-4,0.002130529,-0.0015978967
5500568821674,53.338315841,0.0,-5.326322E-4,0.0
5500588871357,53.358365524,5.326322E-4,-5.326322E-4,0.0
5500608921040,53.378415207,0.0010652645,0.0,-0.0010652645
5500628970723,53.39846489,0.0010652645,0.0010652645,-5.326322E-4
5500649020407,53.418514574,0.0,5.326322E-4,-5.326322E-4
5500669070089,53.438564256,5.326322E-4,5.326322E-4,-5.326322E-4
5500689119772,53.458613939,0.0010652645,5.326322E-4,-5.326322E-4
5500709169455,53.478663622,5.326322E-4,0.0,-5.326322E-4
5500729219138,53.498713305,0.0,5.326322E-4,-5.326322E-4
5500749268821,53.518762988,0.0015978967,5.326322E-4,0.0
5500769318504,53.538812671,0.0,0.0,5.326322E-4
5500789398704,53.558892871,5.326322E-4,0.0010652645,0.0
5500809509421,53.579003588,0.0015978967,5.326322E-4,5.326322E-4
5500829528587,53.599022754,0.0,5.326322E-4,5.326322E-4
5500849578270,53.619072437,0.0,0.0010652645,0.0
5500869627953,53.63912212,5.326322E-4,-5.326322E-4,-5.326322E-4
5500889677636,53.659171803,-5.326322E-4,0.0,0.0
5500909727319,53.679221486,5.326322E-4,5.326322E-4,0.0
5500929777001,53.699271168,5.326322E-4,0.0,-5.326322E-4
5500949826685,53.719320852,0.0015978967,5.326322E-4,0.0
5500969876368,53.739370535,0.0,0.0,-5.326322E-4
5500989926051,53.759420218,0.0010652645,0.0,0.0
5501009975734,53.779469901,0.0010652645,0.0,-5.326322E-4
5501030025417,53.799519584,0.0,-0.0010652645,-0.0010652645
5501050075099,53.819569266,5.326322E-4,5.326322E-4,-5.326322E-4
5501070124782,53.839618949,5.326322E-4,-5.326322E-4,-5.326322E-4
5501090174465,53.859668632,5.326322E-4,5.326322E-4,-0.0015978967
5501110224149,53.879718316,5.326322E-4,-5.326322E-4,-5.326322E-4
5501130243314,53.899737481,5.326322E-4,-0.0010652645,-0.0010652645
5501150292997,53.919787164,0.0,5.326322E-4,-5.326322E-4
5501170342681,53.939836848,-5.326322E-4,0.0,0.0
5501190392364,53.959886531,-5.326322E-4,0.0,-5.326322E-4
5501210442046,53.979936213,5.326322E-4,-5.326322E-4,-0.0015978967
5501230491729,53.999985896,5.326322E-4,0.0010652645,0.0
5501250541412,54.020035579,0.0015978967,0.0015978967,-0.0010652645
5501270591095,54.040085262,0.0,5.326322E-4,0.0
5501290640778,54.060134945,5.326322E-4,5.326322E-4,5.326322E-4
5501310690462,54.080184629,5.326322E-4,5.326322E-4,0.0
5501330740144,54.100234311,0.0010652645,0.0,-0.0010652645
5501350789827,54.120283994,0.0010652645,-0.0010652645,0.0
5501370839510,54.140333677,0.0010652645,5.326322E-4,-0.0010652645
5501390889193,54.16038336,0.0,0.0010652645,-5.326322E-4
5501410938876,54.180433043,5.326322E-4,-5.326322E-4,5.326322E-4
5501430988559,54.200482726,5.326322E-4,-5.326322E-4,-5.326322E-4
5501451038241,54.220532408,-5.326322E-4,0.0,-5.326322E-4
5501471087925,54.240582092,-5.326322E-4,-5.326322E-4,-0.0010652645
5501491107090,54.260601257,0.0010652645,0.0,-5.326322E-4
5501511156773,54.28065094,0.0015978967,0.0,-0.0010652645
5501531206457,54.300700624,5.326322E-4,0.0,-5.326322E-4
5501551256140,54.320750307,0.0010652645,0.0,-0.0010652645
5501571305823,54.34079999,5.326322E-4,5.326322E-4,-0.0010652645
5501591355506,54.360849673,5.326322E-4,5.326322E-4,-5.326322E-4
5501611405188,54.380899355,5.326322E-4,-5.326322E-4,-5.326322E-4
5501631454871,54.400949038,-5.326322E-4,5.326322E-4,-5.326322E-4
5501651504554,54.420998721,0.0010652645,-5.326322E-4,0.0
5501671554237,54.441048404,-5.326322E-4,-5.326322E-4,-5.326322E-4
5501691603921,54.461098088,0.0010652645,-5.326322E-4,-0.0010652645
5501711653604,54.481147771,0.0,5.326322E-4,-5.326322E-4
5501731703286,54.501197453,0.0010652645,0.0,0.0
5501751752969,54.521247136,-0.0010652645,5.326322E-4,-5.326322E-4
5501771772135,54.541266302,-5.326322E-4,0.0010652645,0.0
5501791821818,54.561315985,0.0,0.0010652645,0.0
5501811932535,54.581426702,0.0,0.002130529,-5.326322E-4
5501831951702,54.601445869,5.326322E-4,5.326322E-4,-5.326322E-4
5501852001384,54.621495551,0.0,5.326322E-4,0.0
5501872051067,54.641545234,0.0015978967,5.326322E-4,-5.326322E-4
5501892100750,54.661594917,5.326322E-4,-5.326322E-4,5.326322E-4
5501912150433,54.6816446,-5.326322E-4,0.0,-5.326322E-4
5501932200116,54.701694283,0.0,-5.326322E-4,-5.326322E-4
5501952249798,54.721743965,0.0,5.326322E-4,-5.326322E-4
5501972299482,54.741793649,0.0015978967,0.0,-5.326322E-4
5501992349165,54.761843332,0.0,-5.326322E-4,-0.0010652645
5502012398848,54.781893015,0.0010652645,0.0010652645,-5.326322E-4
5502032448531,54.801942698,-0.0010652645,0.0010652645,-0.0010652645
5502052498214,54.821992381,0.0010652645,-0.0015978967,0.0
5502072547896,54.842042063,0.0010652645,5.326322E-4,0.0
5502092597579,54.862091746,5.326322E-4,-5.326322E-4,-0.0010652645
5502112647262,54.882141429,0.0015978967,0.0,0.0
5502132696946,54.902191113,5.326322E-4,-5.326322E-4,-5.326322E-4
5502152746629,54.922240796,5.326322E-4,0.0,-5.326322E-4
5502172796312,54.942290479,0.0,0.0,-0.0015978967
5502192845994,54.962340161,0.0,-5.326322E-4,0.0
5502212865161,54.982359328,0.0015978967,-0.0010652645,0.0
5502232914844,55.002409011,0.0010652645,5.326322E-4,0.0
5502252964526,55.022458693,0.0,0.0,0.0
5502273014209,55.042508376,-5.326322E-4,5.326322E-4,-0.0010652645
5502293063892,55.062558059,-0.0010652645,-5.326322E-4,-5.326322E-4
5502313113575,55.082607742,0.0,5.326322E-4,-0.0010652645
5502333163258,55.102657425,0.0015978967,5.326322E-4,-0.0010652645
5502353212941,55.122707108,5.326322E-4,0.0,-0.002130529
5502373262624,55.142756791,0.0010652645,-5.326322E-4,-5.326322E-4
5502393312307,55.162806474,0.0015978967,0.0015978967,-0.0010652645
5502413361990,55.182856157,-5.326322E-4,5.326322E-4,5.326322E-4
5502433442190,55.202936357,0.0,0.0,-0.0010652645
5502453461356,55.222955523,-5.326322E-4,0.0015978967,-0.0010652645
5502473511038,55.243005205,0.0015978967,0.0,-0.0010652645
5502493560722,55.263054889,0.0,0.0,-5.326322E-4
5502513640922,55.283135089,0.0010652645,-5.326322E-4,-0.0010652645
5502533690605,55.303184772,0.0010652645,-5.326322E-4,-0.0010652645
5502553740287,55.323234454,5.326322E-4,-5.326322E-4,5.326322E-4
5502573759454,55.343253621,-0.0010652645,0.0,-0.0010652645
5502593839654,55.363333821,-5.326322E-4,-0.0010652645,-0.0010652645
5502613889337,55.383383504,5.326322E-4,-5.326322E-4,-0.0010652645
5502633939020,55.403433187,5.326322E-4,-5.326322E-4,-5.326322E-4
5502653988702,55.423482869,0.0,5.326322E-4,-5.326322E-4
5502674038385,55.443532552,0.0,5.326322E-4,-5.326322E-4
5502694088068,55.463582235,-5.326322E-4,0.0,-0.0010652645
5502714107234,55.483601401,5.326322E-4,0.0,-5.326322E-4
5502734156917,55.503651084,0.0,-5.326322E-4,-5.326322E-4
5502754206600,55.523700767,5.326322E-4,-5.326322E-4,-0.0010652645
5502774256283,55.54375045,0.0015978967,0.0,0.0
5502794336483,55.56383065,0.0010652645,5.326322E-4,-0.0010652645
5502814386166,55.583880333,5.326322E-4,0.0,-0.0010652645
5502834435849,55.603930016,5.326322E-4,-5.326322E-4,0.0
5502854485532,55.623979699,0.0,5.326322E-4,0.0010652645
5502874535216,55.644029383,-0.0010652645,-0.0010652645,0.0
5502894584898,55.664079065,5.326322E-4,5.326322E-4,-0.0010652645
5502914634581,55.684128748,0.0010652645,5.326322E-4,-5.326322E-4
5502934684264,55.704178431,0.0015978967,0.0010652645,-5.326322E-4
5502954733947,55.724228114,0.0,5.326322E-4,0.0
5502974783630,55.744277797,0.0,0.0,-5.326322E-4
5502994833313,55.76432748,0.0,-5.326322E-4,0.0
5503014882995,55.784377162,-5.326322E-4,5.326322E-4,0.0
5503034932679,55.804426846,0.0010652645,0.0,-5.326322E-4
5503054982362,55.824476529,0.0010652645,5.326322E-4,0.0
5503075032045,55.844526212,0.0010652645,0.0,-5.326322E-4
5503095081728,55.864575895,0.0010652645,0.0010652645,-0.0010652645
5503115100894,55.884595061,5.326322E-4,5.326322E-4,-5.326322E-4
5503135150577,55.904644744,5.326322E-4,0.0,-5.326322E-4
5503155230776,55.924724943,-5.326322E-4,0.0010652645,-5.326322E-4
5503175280460,55.944774627,-5.326322E-4,0.0010652645,-0.0010652645
5503195330143,55.96482431,0.0,-0.0010652645,-5.326322E-4
5503215379826,55.984873993,0.0,-0.0010652645,-0.0010652645
5503235429508,56.004923675,5.326322E-4,-5.326322E-4,0.0
5503255479191,56.024973358,0.0,-0.0010652645,0.0
5503275528874,56.045023041,-5.326322E-4,0.0,0.0
5503295578557,56.065072724,0.0010652645,-0.0010652645,-0.0010652645
5503315628241,56.085122408,5.326322E-4,5.326322E-4,-5.326322E-4
5503335677924,56.105172091,0.0010652645,-0.0010652645,-5.326322E-4
5503355727606,56.125221773,0.0010652645,5.326322E-4,0.0
5503375807806,56.145301973,0.0010652645,0.0,0.0
5503395857489,56.165351656,5.326322E-4,0.0015978967,-5.326322E-4
5503415907173,56.18540134,-5.326322E-4,-5.326322E-4,5.326322E-4
5503435956855,56.205451022,0.0,-5.326322E-4,0.0
5503456006538,56.225500705,0.0010652645,5.326322E-4,-5.326322E-4
5503476056221,56.245550388,5.326322E-4,5.326322E-4,0.0
5503496136421,56.265630588,0.0,-5.326322E-4,-5.326322E-4
5503516186104,56.285680271,0.0,-5.326322E-4,-0.0010652645
5503536235787,56.305729954,0.0,0.0010652645,-5.326322E-4
5503556285470,56.325779637,5.326322E-4,0.0015978967,5.326322E-4
5503576335153,56.34582932,0.002130529,0.0,0.0
5503596384836,56.365879003,5.326322E-4,0.0,0.0
5503616434518,56.385928685,-5.326322E-4,-5.326322E-4,5.326322E-4
5503636484202,56.405978369,0.0,0.0,0.0
5503656564402,56.426058569,5.326322E-4,5.326322E-4,0.0
5503676614084,56.446108251,5.326322E-4,-5.326322E-4,0.0
5503696663767,56.466157934,0.0015978967,-5.326322E-4,-5.326322E-4
5503716713451,56.486207618,0.0010652645,-0.0010652645,0.0
5503736763134,56.506257301,0.0,5.326322E-4,5.326322E-4
5503756812817,56.526306984,0.0010652645,0.0010652645,-5.326322E-4
5503776862500,56.546356667,0.0,-5.326322E-4,-5.326322E-4
5503796942700,56.566436867,0.0,5.326322E-4,-0.0010652645
5503817022899,56.586517066,-5.326322E-4,-5.326322E-4,0.0
5503837103100,56.606597267,0.0010652645,5.326322E-4,5.326322E-4
5503857152783,56.62664695,0.0,0.0015978967,0.0
5503877232982,56.646727149,0.0010652645,0.0010652645,0.0
5503897282666,56.666776833,0.0,0.0010652645,5.326322E-4
5503917332349,56.686826516,5.326322E-4,-0.0015978967,0.0
5503937382032,56.706876199,5.326322E-4,-5.326322E-4,-5.326322E-4
5503957462231,56.726956398,0.0010652645,5.326322E-4,0.0
5503977511914,56.747006081,5.326322E-4,0.0,-5.326322E-4
5503997561598,56.767055765,5.326322E-4,0.0,5.326322E-4
5504017611280,56.787105447,5.326322E-4,0.0,-5.326322E-4
5504037660963,56.80715513,5.326322E-4,0.0,-0.0010652645
5504057741163,56.82723533,-5.326322E-4,0.0010652645,-5.326322E-4
5504077790846,56.847285013,5.326322E-4,0.0010652645,0.0
5504097840529,56.867334696,0.0,-0.0010652645,0.0
5504117890212,56.887384379,0.0010652645,5.326322E-4,5.326322E-4
5504137939895,56.907434062,0.0,0.0,0.0
5504157989578,56.927483745,5.326322E-4,5.326322E-4,-5.326322E-4
5504178039261,56.947533428,0.0,5.326322E-4,0.0
5504198088943,56.96758311,0.0010652645,0.0,0.0010652645
5504218138627,56.987632794,5.326322E-4,0.0,0.0
5504238188310,57.007682477,-5.326322E-4,-5.326322E-4,0.0
5504258237993,57.02773216,0.0010652645,-5.326322E-4,0.0
5504278287676,57.047781843,0.0,0.0010652645,5.326322E-4
5504298337359,57.067831526,5.326322E-4,0.0,0.0
5504318387041,57.087881208,5.326322E-4,0.0,-5.326322E-4
5504338436724,57.107930891,5.326322E-4,5.326322E-4,-5.326322E-4
5504358486407,57.127980574,0.0010652645,0.0010652645,-5.326322E-4
5504378536091,57.148030258,0.0015978967,5.326322E-4,-5.326322E-4
5504398585774,57.168079941,0.0,5.326322E-4,0.0
5504418635457,57.188129624,5.326322E-4,-0.0010652645,0.0
5504438685139,57.208179306,0.0,0.0,0.0010652645
5504458734822,57.228228989,5.326322E-4,5.326322E-4,0.0
5504478784505,57.248278672,5.326322E-4,5.326322E-4,0.0010652645
5504498834188,57.268328355,0.0,0.0010652645,0.0010652645
5504518883872,57.288378039,5.326322E-4,5.326322E-4,-5.326322E-4
5504538933555,57.308427722,0.0010652645,5.326322E-4,-5.326322E-4
5504558983237,57.328477404,-5.326322E-4,0.0,0.0
5504579032920,57.348527087,5.326322E-4,0.0,-5.326322E-4
5504599082603,57.36857677,0.0015978967,-5.326322E-4,-5.326322E-4
5504619132286,57.388626453,0.0,0.0,-5.326322E-4
5504639181969,57.408676136,0.0010652645,5.326322E-4,0.0
5504659201135,57.428695302,0.0,-5.326322E-4,0.0
5504679281335,57.448775502,5.326322E-4,5.326322E-4,5.326322E-4
5504699300501,57.468794668,-5.326322E-4,5.326322E-4,-0.0010652645
5504719350183,57.48884435,0.0010652645,5.326322E-4,5.326322E-4
5504739399867,57.508894034,0.0010652645,0.0010652645,0.0
5504759449550,57.528943717,5.326322E-4,-5.326322E-4,0.0
5504779499233,57.5489934,5.326322E-4,0.0,5.326322E-4
5504799609950,57.569104117,5.326322E-4,0.0,0.0
5504819659633,57.5891538,5.326322E-4,0.0010652645,5.326322E-4
5504839709316,57.609203483,0.0010652645,0.0010652645,-5.326322E-4
5504859758998,57.629253165,0.0,0.0010652645,-5.326322E-4
5504879808681,57.649302848,0.0010652645,0.0015978967,5.326322E-4
5504899858365,57.669352532,-5.326322E-4,-5.326322E-4,0.0
5504919908048,57.689402215,5.326322E-4,0.0015978967,-5.326322E-4
5504939988247,57.709482414,0.0,5.326322E-4,5.326322E-4
5504960037930,57.729532097,0.0,0.0010652645,-5.326322E-4
5504980087614,57.749581781,0.0010652645,5.326322E-4,5.326322E-4
5505000137297,57.769631464,0.0,5.326322E-4,0.0010652645
5505020186980,57.789681147,0.0,0.0,-0.0015978967
5505040267179,57.809761346,5.326322E-4,0.0015978967,-5.326322E-4
5505060316863,57.82981103,5.326322E-4,0.0015978967,-5.326322E-4
5505080366546,57.849860713,0.0015978967,0.0,0.0
5505100416228,57.869910395,5.326322E-4,0.0,5.326322E-4
5505120465911,57.889960078,0.0,5.326322E-4,-5.326322E-4
5505140515594,57.910009761,5.326322E-4,0.0010652645,0.0
5505160565277,57.930059444,0.0,0.0,-5.326322E-4
5505180614960,57.950109127,5.326322E-4,0.0015978967,0.0
5505200664643,57.97015881,5.326322E-4,0.0,-5.326322E-4
5505220714326,57.990208493,5.326322E-4,5.326322E-4,5.326322E-4
5505240764009,58.010258176,0.0010652645,-5.326322E-4,5.326322E-4
5505260813692,58.030307859,5.326322E-4,5.326322E-4,-0.0010652645
5505280863375,58.050357542,0.0010652645,0.0010652645,5.326322E-4
5505300913058,58.070407225,5.326322E-4,0.0010652645,0.0
5505320962741,58.090456908,0.0,0.0,0.0010652645
5505341012423,58.11050659,0.0010652645,0.0010652645,5.326322E-4
5505361062107,58.130556274,0.0010652645,5.326322E-4,0.0
5505381142307,58.150636474,5.326322E-4,5.326322E-4,0.0
5505401191989,58.170686156,0.0,-5.326322E-4,-5.326322E-4
5505421241672,58.190735839,5.326322E-4,-5.326322E-4,5.326322E-4
5505441291356,58.210785523,0.0015978967,-5.326322E-4,0.0
5505461341039,58.230835206,0.0010652645,0.0,-0.0010652645
5505481390722,58.250884889,0.0,0.0,0.0
5505501409887,58.270904054,0.0010652645,5.326322E-4,-5.326322E-4
5505521459571,58.290953738,5.326322E-4,-0.0010652645,0.0
5505541509254,58.311003421,0.0010652645,0.0,5.326322E-4
5505561558936,58.331053103,0.0,-5.326322E-4,0.0
5505581608619,58.351102786,0.0,5.326322E-4,5.326322E-4
5505601658302,58.371152469,0.0,0.0,0.0
5505621707985,58.391202152,0.0,0.0,-5.326322E-4
5505641757668,58.411251835,0.0010652645,0.0015978967,5.326322E-4
5505661807352,58.431301519,5.326322E-4,5.326322E-4,5.326322E-4
5505681857034,58.451351201,5.326322E-4,0.0010652645,-5.326322E-4
5505701906717,58.471400884,0.0015978967,0.0010652645,-5.326322E-4
5505721986917,58.491481084,0.0015978967,0.0,0.0
5505742036601,58.511530768,5.326322E-4,5.326322E-4,-5.326322E-4
5505762086283,58.53158045,5.326322E-4,-5.326322E-4,0.0
5505781827032,58.551321199,5.326322E-4,5.326322E-4,0.0
5505801907232,58.571401399,5.326322E-4,0.0,-5.326322E-4
5505821987432,58.591481599,5.326322E-4,0.0,5.326322E-4
5505842037114,58.611531281,5.326322E-4,5.326322E-4,0.0
5505862086798,58.631580965,0.0010652645,0.0010652645,5.326322E-4
5505882136481,58.651630648,0.0,5.326322E-4,0.0010652645
5505902186164,58.671680331,5.326322E-4,5.326322E-4,-0.0010652645
5505922235847,58.691730014,5.326322E-4,-5.326322E-4,0.0
5505942285530,58.711779697,-5.326322E-4,0.0010652645,-5.326322E-4
5505962365730,58.731859897,0.0015978967,0.0010652645,5.326322E-4
5505982415413,58.75190958,0.0010652645,-5.326322E-4,0.0
5506002465096,58.771959263,0.0,-0.0015978967,5.326322E-4
5506022514778,58.792008945,5.326322E-4,5.326322E-4,5.326322E-4
5506042564461,58.812058628,0.0,5.326322E-4,-0.0010652645
5506062614144,58.832108311,0.0,5.326322E-4,5.326322E-4
5506082663827,58.852157994,5.326322E-4,5.326322E-4,5.326322E-4
5506102713511,58.872207678,0.0015978967,0.0010652645,-5.326322E-4
5506122793710,58.892287877,0.0010652645,5.326322E-4,5.326322E-4
5506142843393,58.91233756,-0.0010652645,-0.0010652645,-0.0010652645
5506162893076,58.932387243,0.0010652645,0.0,-5.326322E-4
5506182942760,58.952436927,0.0010652645,0.0010652645,0.0
5506202992442,58.972486609,0.0,0.0010652645,5.326322E-4
5506223072642,58.992566809,-5.326322E-4,0.0,5.326322E-4
5506243122325,59.012616492,5.326322E-4,-5.326322E-4,5.326322E-4
5506263172009,59.032666176,0.0010652645,0.0,-5.326322E-4
5506283221691,59.052715858,-5.326322E-4,0.0,-5.326322E-4
5506303271374,59.072765541,0.0,5.326322E-4,0.0
5506323321057,59.092815224,0.0,0.0015978967,-5.326322E-4
5506343370740,59.112864907,0.0,5.326322E-4,0.0
5506363420423,59.13291459,0.0,5.326322E-4,-5.326322E-4
5506383470105,59.152964272,5.326322E-4,-5.326322E-4,0.0010652645
5506403519788,59.173013955,0.0010652645,0.0010652645,-5.326322E-4
5506423569472,59.193063639,0.0,5.326322E-4,5.326322E-4
5506443619155,59.213113322,5.326322E-4,5.326322E-4,0.0010652645
5506463668838,59.233163005,0.0010652645,5.326322E-4,0.0
5506483718521,59.253212688,0.0015978967,-5.326322E-4,-5.326322E-4
5506503768203,59.27326237,5.326322E-4,-5.326322E-4,5.326322E-4
5506523848404,59.293342571,5.326322E-4,0.0,0.0
5506543898087,59.313392254,0.0,0.0,-5.326322E-4
5506563947770,59.333441937,5.326322E-4,0.0,-0.0010652645
5506583966936,59.353461103,-5.326322E-4,0.0,-0.0015978967
5506604047135,59.373541302,0.0010652645,0.0,5.326322E-4
5506624096818,59.393590985,5.326322E-4,0.0015978967,0.0
5506644146502,59.413640669,0.0,5.326322E-4,-0.0010652645
5506664196185,59.433690352,5.326322E-4,5.326322E-4,-5.326322E-4
5506684245867,59.453740034,5.326322E-4,-0.0010652645,0.0015978967
5506704295550,59.473789717,0.0,-0.0010652645,-0.002130529
5506724345233,59.4938394,5.326322E-4,0.0015978967,-5.326322E-4
5506744394916,59.513889083,0.0,0.0031957934,-0.002130529
5506764444599,59.533938766,0.0,0.0015978967,-0.0010652645
5506784555316,59.554049483,5.326322E-4,-0.0010652645,0.0
5506804605000,59.574099167,5.326322E-4,0.0,0.0
5506824685199,59.594179366,0.0010652645,0.0,-0.0010652645
5506844765399,59.614259566,5.326322E-4,5.326322E-4,-5.326322E-4
5506864815082,59.634309249,0.0,0.0,-5.326322E-4
5506884864765,59.654358932,0.0010652645,0.0,-0.0010652645
5506904914448,59.674408615,0.0010652645,0.0,-5.326322E-4
5506924964131,59.694458298,0.0015978967,5.326322E-4,-0.0015978967
5506945013814,59.714507981,5.326322E-4,0.0010652645,-0.0015978967
5506965063496,59.734557663,5.326322E-4,0.0,0.0
5506985113180,59.754607347,0.0010652645,0.0,-0.0010652645
5507005193380,59.774687547,5.326322E-4,0.0,-0.0010652645
5507025243062,59.794737229,0.0010652645,5.326322E-4,-5.326322E-4
5507045292745,59.814786912,0.0010652645,5.326322E-4,0.0
5507065342429,59.834836596,0.0010652645,5.326322E-4,-0.0010652645
5507085392112,59.854886279,0.0010652645,-5.326322E-4,-5.326322E-4
5507105441795,59.874935962,0.0010652645,5.326322E-4,0.0
5507125521994,59.895016161,5.326322E-4,-5.326322E-4,-0.0015978967
5507145571678,59.915065845,5.326322E-4,0.0,0.0
5507165621361,59.935115528,0.0010652645,0.0010652645,-5.326322E-4
5507185671044,59.955165211,0.002130529,0.0010652645,0.0
5507205720726,59.975214893,5.326322E-4,0.0,0.0
5507225770409,59.995264576,0.0010652645,-5.326322E-4,-0.0010652645
5507245850610,60.015344777,0.0010652645,-5.326322E-4,-0.0010652645
5507265900293,60.03539446,0.002130529,0.0,-0.0010652645
5507285949975,60.055444142,0.0,-0.0015978967,-0.0010652645
5507305999658,60.075493825,-5.326322E-4,5.326322E-4,-5.326322E-4
5507326049341,60.095543508,0.0010652645,-5.326322E-4,-5.326322E-4
5507346099024,60.115593191,5.326322E-4,0.0015978967,-0.0010652645
5507366148707,60.135642874,0.0,0.0010652645,-5.326322E-4
5507386198391,60.155692558,0.0,0.0,-0.0010652645
5507406278590,60.175772757,5.326322E-4,5.326322E-4,-0.0010652645
5507426328273,60.19582244,0.0,-5.326322E-4,-0.0010652645
5507446377956,60.215872123,0.0,-5.326322E-4,5.326322E-4
5507466427639,60.235921806,5.326322E-4,0.0,-0.0010652645
5507486477322,60.255971489,5.326322E-4,0.0,-5.326322E-4
5507506527005,60.276021172,0.0,0.0015978967,-5.326322E-4
5507526576688,60.296070855,-5.326322E-4,0.0,-0.0015978967
5507546626371,60.316120538,-5.326322E-4,5.326322E-4,-5.326322E-4
5507566676054,60.336170221,0.002130529,0.0,-5.326322E-4
5507586725736,60.356219903,0.0,0.0,0.0
5507606775420,60.376269587,0.0010652645,-0.0010652645,-5.326322E-4
5507626825103,60.39631927,0.0,5.326322E-4,-5.326322E-4
5507646905302,60.416399469,-5.326322E-4,-5.326322E-4,-5.326322E-4
5507666954985,60.436449152,5.326322E-4,-0.0010652645,5.326322E-4
5507687004669,60.456498836,0.0,0.0,0.0
5507707054352,60.476548519,0.0010652645,0.0,0.0
5507727104035,60.496598202,0.0,-5.326322E-4,-5.326322E-4
5507747153718,60.516647885,0.0,0.0015978967,-5.326322E-4
5507767203400,60.536697567,0.0,5.326322E-4,-5.326322E-4
5507787253083,60.55674725,5.326322E-4,-5.326322E-4,0.0
5507807302766,60.576796933,-5.326322E-4,0.0,-5.326322E-4
5507827352449,60.596846616,0.0,-5.326322E-4,-5.326322E-4
5507847402133,60.6168963,0.0010652645,5.326322E-4,-5.326322E-4
5507867451816,60.636945983,0.0,0.0010652645,5.326322E-4
5507887501498,60.656995665,0.0,0.0015978967,-0.0010652645
5507907551181,60.677045348,5.326322E-4,5.326322E-4,5.326322E-4
5507927600864,60.697095031,5.326322E-4,-5.326322E-4,0.0
5507947650547,60.717144714,0.0,5.326322E-4,0.0010652645
5507967700230,60.737194397,-5.326322E-4,0.0,0.0
5507987749914,60.757244081,5.326322E-4,5.326322E-4,5.326322E-4
5508007799596,60.777293763,-5.326322E-4,-5.326322E-4,-5.326322E-4
5508027849279,60.797343446,0.0,-0.0010652645,0.0
5508047898962,60.817393129,0.0,-5.326322E-4,0.0
5508067948645,60.837442812,-5.326322E-4,-5.326322E-4,-5.326322E-4
5508087998328,60.857492495,0.0,-5.326322E-4,0.0
5508108048010,60.877542177,-0.0010652645,0.0015978967,0.0
5508128128211,60.897622378,-5.326322E-4,0.0,5.326322E-4
5508148177894,60.917672061,0.0,0.0,0.0
5508168227577,60.937721744,0.0,0.0,-5.326322E-4
5508188277259,60.957771426,0.0010652645,-0.0010652645,5.326322E-4
5508208357460,60.977851627,0.0,0.0010652645,0.0
5508228407143,60.99790131,5.326322E-4,5.326322E-4,0.0
5508248456825,61.017950992,0.0,5.326322E-4,0.0
5508268506508,61.038000675,0.0,0.0,5.326322E-4
5508288556191,61.058050358,5.326322E-4,-5.326322E-4,-5.326322E-4
5508308605875,61.078100042,-5.326322E-4,-5.326322E-4,-5.326322E-4
5508328655558,61.098149725,0.0,5.326322E-4,-5.326322E-4
5508348705241,61.118199408,-0.0010652645,0.0015978967,5.326322E-4
5508368785440,61.138279607,0.0010652645,-5.326322E-4,-5.326322E-4
5508388835124,61.158329291,0.0,-0.0010652645,-0.0010652645
5508408884807,61.178378974,0.0,0.0010652645,0.0
5508428934489,61.198428656,0.0,0.0,0.0010652645
5508448984172,61.218478339,0.0,-5.326322E-4,5.326322E-4
5508469033855,61.238528022,5.326322E-4,5.326322E-4,-0.0010652645
5508489083538,61.258577705,0.0,0.0,0.0010652645
5508509133221,61.278627388,5.326322E-4,5.326322E-4,5.326322E-4
5508529182905,61.298677072,5.326322E-4,-5.326322E-4,-5.326322E-4
5508549232587,61.318726754,-5.326322E-4,0.0,-0.0010652645
5508569282270,61.338776437,0.0,0.0,-5.326322E-4
5508589331953,61.35882612,0.0010652645,0.0010652645,0.0
5508609412153,61.37890632,0.0,0.0,-0.0010652645
5508629431319,61.398925486,-0.0010652645,-5.326322E-4,-5.326322E-4
5508649481002,61.418975169,0.0010652645,0.0015978967,-5.326322E-4
5508669530684,61.439024851,5.326322E-4,-5.326322E-4,0.0
5508689610885,61.459105052,-5.326322E-4,0.0,5.326322E-4
5508709660568,61.479154735,0.0,0.0,-5.326322E-4
5508729710250,61.499204417,0.0010652645,5.326322E-4,0.0
5508749759933,61.5192541,0.0010652645,-5.326322E-4,-5.326322E-4
5508769809617,61.539303784,5.326322E-4,0.0,0.0
5508789859300,61.559353467,-5.326322E-4,0.0015978967,5.326322E-4
5508809878465,61.579372632,-5.326322E-4,0.0010652645,5.326322E-4
5508829928149,61.599422316,5.326322E-4,0.0,-5.326322E-4
5508850038866,61.619533033,0.0,5.326322E-4,0.0
5508870088549,61.639582716,5.326322E-4,5.326322E-4,-5.326322E-4
5508890138232,61.659632399,5.326322E-4,5.326322E-4,-5.326322E-4
5508910187915,61.679682082,0.0,5.326322E-4,-5.326322E-4
5508930237597,61.699731764,-5.326322E-4,0.0,5.326322E-4
5508950287280,61.719781447,0.0,-0.0010652645,0.0010652645
5508970367481,61.739861648,0.0,0.0,0.0
5508990417163,61.75991133,-0.0010652645,-5.326322E-4,0.0
5509010466846,61.779961013,0.0,0.0010652645,5.326322E-4
5509030516529,61.800010696,5.326322E-4,0.0010652645,0.0015978967
5509050566212,61.820060379,-5.326322E-4,0.0,5.326322E-4
5509070615895,61.840110062,0.0,-5.326322E-4,5.326322E-4
5509090665579,61.860159746,0.0,0.0010652645,0.0
5509110715261,61.880209428,5.326322E-4,0.002130529,-5.326322E-4
5509130764944,61.900259111,-0.0010652645,0.0015978967,0.0
5509150814627,61.920308794,0.0,0.0010652645,0.0
5509170864310,61.940358477,0.0015978967,-5.326322E-4,5.326322E-4
5509190944510,61.960438677,-0.0010652645,-5.326322E-4,-5.326322E-4
5509210994193,61.98048836,-5.326322E-4,0.0,0.0
5509231043876,62.000538043,0.0,-5.326322E-4,-5.326322E-4
5509251093559,62.020587726,5.326322E-4,0.0010652645,5.326322E-4
5509271143242,62.040637409,0.0,0.0,-0.0010652645
5509291192924,62.060687091,-5.326322E-4,0.0015978967,-0.002130529
5509311242608,62.080736775,0.0,-5.326322E-4,0.0010652645
5509331292291,62.100786458,0.0,0.0,-5.326322E-4
5509351341974,62.120836141,-0.0010652645,0.0010652645,5.326322E-4
5509371391657,62.140885824,-0.0010652645,5.326322E-4,0.0010652645
5509391441340,62.160935507,-5.326322E-4,5.326322E-4,-5.326322E-4
5509411491022,62.180985189,5.326322E-4,-5.326322E-4,0.0010652645
5509431540705,62.201034872,0.0,0.0,5.326322E-4
5509451590388,62.221084555,5.326322E-4,0.0010652645,-5.326322E-4
5509471640072,62.241134239,0.0,0.0,-0.0010652645
5509491689755,62.261183922,0.0,-0.0010652645,0.0010652645
5509511739438,62.281233605,0.0,-0.0010652645,0.0
5509531789120,62.301283287,-0.0010652645,0.0010652645,0.0010652645
5509551838803,62.32133297,5.326322E-4,0.0,0.0
5509571888486,62.341382653,0.0010652645,0.0010652645,0.0
5509591938169,62.361432336,0.0,0.0,0.0
5509611987853,62.38148202,5.326322E-4,-5.326322E-4,5.326322E-4
5509632037535,62.401531702,-5.326322E-4,0.0010652645,0.0010652645
5509652087218,62.421581385,-5.326322E-4,-5.326322E-4,-5.326322E-4
5509672136901,62.441631068,0.0,5.326322E-4,0.0
5509692186584,62.461680751,5.326322E-4,5.326322E-4,0.0
5509712236267,62.481730434,0.0010652645,-5.326322E-4,5.326322E-4
5509732285950,62.501780117,0.0,-0.0010652645,-5.326322E-4
5509752366150,62.521860317,0.0,0.0010652645,0.0
5509772415833,62.54191,5.326322E-4,5.326322E-4,-5.326322E-4
5509792465516,62.561959683,-5.326322E-4,0.0,0.0
5509812515199,62.582009366,0.0010652645,5.326322E-4,0.0
5509832564881,62.602059048,5.326322E-4,0.0,-0.0010652645
5509852645082,62.622139249,0.0,-0.0010652645,-5.326322E-4
5509872694765,62.642188932,5.326322E-4,0.0,-5.326322E-4
5509892744447,62.662238614,5.326322E-4,-5.326322E-4,-5.326322E-4
5509912794130,62.682288297,0.0010652645,-5.326322E-4,-5.326322E-4
5509932843814,62.702337981,0.0010652645,5.326322E-4,5.326322E-4
5509952893497,62.722387664,0.0010652645,5.326322E-4,-5.326322E-4
5509972943180,62.742437347,0.0,5.326322E-4,0.0
5509992992863,62.76248703,0.0,5.326322E-4,0.0
5510013042545,62.782536712,5.326322E-4,-5.326322E-4,-5.326322E-4
5510033092228,62.802586395,0.0010652645,-5.326322E-4,-5.326322E-4
5510053141911,62.822636078,0.0015978967,0.0,0.0
5510073191595,62.842685762,0.0,-5.326322E-4,-5.326322E-4
5510093241278,62.862735445,0.0010652645,-5.326322E-4,0.0
5510113290961,62.882785128,0.0,0.0010652645,-5.326322E-4
5510133340643,62.90283481,0.0010652645,5.326322E-4,-0.0010652645
5510153390326,62.922884493,5.326322E-4,5.326322E-4,-0.0010652645
5510173440009,62.942934176,5.326322E-4,-5.326322E-4,-0.0015978967
5510193489692,62.962983859,0.0010652645,0.0,-5.326322E-4
5510213539375,62.983033542,5.326322E-4,0.0,0.0
5510233589058,63.003083225,5.326322E-4,0.0,-0.0010652645
5510253638741,63.023132908,5.326322E-4,-5.326322E-4,-5.326322E-4
5510273688424,63.043182591,0.0010652645,0.0,-5.326322E-4
5510293738107,63.063232274,0.0,-5.326322E-4,0.0
5510313787790,63.083281957,0.0015978967,5.326322E-4,-5.326322E-4
5510333837473,63.10333164,5.326322E-4,5.326322E-4,-5.326322E-4
5510353887155,63.123381322,5.326322E-4,-5.326322E-4,-0.0015978967
5510373936839,63.143431006,5.326322E-4,0.0010652645,-5.326322E-4
5510393986522,63.163480689,0.0010652645,5.326322E-4,0.0
5510414036205,63.183530372,0.0010652645,5.326322E-4,-0.0010652645
5510434085888,63.203580055,5.326322E-4,-5.326322E-4,-5.326322E-4
5510454166088,63.223660255,0.0,5.326322E-4,0.0
5510474185253,63.24367942,0.0,5.326322E-4,-0.0010652645
5510494265454,63.263759621,5.326322E-4,0.0,0.0
5510514315137,63.283809304,0.0010652645,-5.326322E-4,0.0
5510534364819,63.303858986,5.326322E-4,5.326322E-4,0.0
5510554414502,63.323908669,5.326322E-4,0.0010652645,-5.326322E-4
5510574464185,63.343958352,0.0010652645,0.0010652645,0.0
5510594513868,63.364008035,5.326322E-4,5.326322E-4,5.326322E-4
5510614563552,63.384057719,0.0,5.326322E-4,5.326322E-4
5510634613235,63.404107402,5.326322E-4,0.0,-5.326322E-4
5510654662917,63.424157084,-5.326322E-4,0.0,0.0010652645
5510674712600,63.444206767,0.0010652645,0.0,-0.0010652645
5510694792801,63.464286968,0.002130529,-0.0010652645,-5.326322E-4
5510714842484,63.484336651,-5.326322E-4,0.0,-0.0010652645
5510734892166,63.504386333,0.0010652645,0.0,-0.0010652645
5510754941849,63.524436016,5.326322E-4,0.0,-5.326322E-4
5510774991532,63.544485699,5.326322E-4,5.326322E-4,5.326322E-4
5510795102249,63.564596416,5.326322E-4,-5.326322E-4,-5.326322E-4
5510815182449,63.584676616,5.326322E-4,-5.326322E-4,0.0
5510835232132,63.604726299,0.0015978967,0.0,0.0
5510855251298,63.624745465,5.326322E-4,0.0015978967,-0.0010652645
5510875300981,63.644795148,-0.0010652645,0.0010652645,5.326322E-4
5510895350664,63.664844831,-5.326322E-4,0.002130529,-0.0010652645
5510915430864,63.684925031,5.326322E-4,0.0037284256,-0.0015978967
5510935480547,63.704974714,-5.326322E-4,0.0026631611,-0.0010652645
5510955530230,63.725024397,0.0,0.0015978967,5.326322E-4
5510975579913,63.74507408,0.0,-0.0031957934,0.0
5510995629596,63.765123763,0.0,-0.0026631611,0.0
5511015679279,63.785173446,0.0,-5.326322E-4,-5.326322E-4
5511035728961,63.805223128,-0.0010652645,0.0015978967,-0.0010652645
5511055778644,63.825272811,5.326322E-4,0.002130529,-0.0015978967
5511075858845,63.845353012,-5.326322E-4,0.0,-0.0015978967
5511095908528,63.865402695,0.0,-5.326322E-4,0.0
5511115958210,63.885452377,5.326322E-4,5.326322E-4,-0.0010652645
5511136007893,63.90550206,-5.326322E-4,0.0,-5.326322E-4
5511156057576,63.925551743,0.0,0.0010652645,-5.326322E-4
5511176107260,63.945601427,0.0,0.0,-5.326322E-4
5511196156943,63.96565111,-0.0010652645,5.326322E-4,0.0
5511216206626,63.985700793,5.326322E-4,-5.326322E-4,-0.0010652645
5511236256308,64.005750475,-0.0010652645,-5.326322E-4,-0.0010652645
5511256305991,64.025800158,5.326322E-4,-0.0010652645,-5.326322E-4
5511276355674,64.045849841,-0.0010652645,-5.326322E-4,0.0
5511296405357,64.065899524,0.0,0.0,-5.326322E-4
5511316455041,64.085949208,-5.326322E-4,0.0,0.0
5511336504723,64.10599889,0.0010652645,-5.326322E-4,-5.326322E-4
5511356584923,64.12607909,5.326322E-4,-5.326322E-4,-5.326322E-4
5511376634606,64.146128773,5.326322E-4,5.326322E-4,-0.0010652645
5511396684290,64.166178457,0.0,0.0,-5.326322E-4
5511416733972,64.186228139,0.0010652645,0.0010652645,-5.326322E-4
5511436783655,64.206277822,-0.0015978967,0.0,0.0
5511456833338,64.226327505,0.0010652645,0.0,-5.326322E-4
5511476913537,64.246407704,-5.326322E-4,0.0,-0.0010652645
5511496963221,64.266457388,0.0010652645,0.0,-0.0010652645
5511517012904,64.286507071,0.0010652645,-5.326322E-4,-5.326322E-4
5511537062587,64.306556754,-5.326322E-4,5.326322E-4,5.326322E-4
5511557112270,64.326606437,5.326322E-4,-5.326322E-4,-5.326322E-4
5511577161953,64.34665612,-5.326322E-4,5.326322E-4,-5.326322E-4
5511597211635,64.366705802,0.0,5.326322E-4,-5.326322E-4
5511617261318,64.386755485,0.0,-0.0015978967,-0.0010652645
5511637311002,64.406805169,5.326322E-4,-5.326322E-4,-0.0010652645
5511657391201,64.426885368,0.0010652645,0.0,-0.0015978967
5511677440884,64.446935051,-5.326322E-4,0.0,-0.0015978967
5511697490567,64.466984734,0.0,0.0010652645,0.0
5511717509733,64.4870039,-5.326322E-4,5.326322E-4,0.0
5511737589934,64.507084101,-0.0010652645,0.0,0.0
5511757639617,64.527133784,0.0,0.0,0.0
5511777689299,64.547183466,0.0,-5.326322E-4,-5.326322E-4
5511797738982,64.567233149,5.326322E-4,0.0010652645,0.0
5511817788665,64.587282832,-5.326322E-4,0.0,-5.326322E-4
5511837838348,64.607332515,0.0010652645,5.326322E-4,-5.326322E-4
5511857888031,64.627382198,-5.326322E-4,0.0,-5.326322E-4
5511877998749,64.647492916,0.0,0.0,-0.0010652645
5511898048432,64.667542599,5.326322E-4,5.326322E-4,-0.0010652645
5511918098114,64.687592281,5.326322E-4,0.0,-0.0010652645
5511938147797,64.707641964,0.0,0.0,-0.0015978967
5511958197480,64.727691647,-0.0010652645,-5.326322E-4,-5.326322E-4
5511978247163,64.74774133,-0.0010652645,-5.326322E-4,5.326322E-4
5511998296846,64.767791013,5.326322E-4,0.0010652645,5.326322E-4
5512018346529,64.787840696,0.0,5.326322E-4,5.326322E-4
5512038396212,64.807890379,5.326322E-4,0.0010652645,0.0
5512058445895,64.827940062,-5.326322E-4,0.0,0.0
5512078495578,64.847989745,-5.326322E-4,5.326322E-4,0.0010652645
5512098545261,64.868039428,-5.326322E-4,0.0015978967,0.0
5512118594944,64.888089111,-5.326322E-4,0.0010652645,5.326322E-4
5512138644627,64.908138794,-5.326322E-4,0.0010652645,5.326322E-4
5512158694309,64.928188476,5.326322E-4,0.0,5.326322E-4
5512178743993,64.94823816,0.0,0.0010652645,0.0
5512198793676,64.968287843,0.0,5.326322E-4,-5.326322E-4
5512218843359,64.988337526,0.0010652645,-5.326322E-4,-5.326322E-4
5512238893042,65.008387209,0.0010652645,0.0010652645,0.0
5512258942724,65.028436891,0.0010652645,5.326322E-4,-5.326322E-4
5512278992407,65.048486574,5.326322E-4,0.0,0.0
5512299072608,65.068566775,-0.0015978967,0.0,0.0
5512319122291,65.088616458,0.0,-5.326322E-4,5.326322E-4
5512339171973,65.10866614,-5.326322E-4,0.0010652645,0.0010652645
5512359221656,65.128715823,0.0,0.0015978967,5.326322E-4
5512379271339,65.148765506,-0.0010652645,0.0010652645,5.326322E-4
5512399321022,65.168815189,-5.326322E-4,0.0,-5.326322E-4
5512419370706,65.188864873,0.0,0.0010652645,0.0
5512439420389,65.208914556,-5.326322E-4,0.0015978967,0.0
5512459470071,65.228964238,0.0,0.002130529,0.0
5512479519754,65.249013921,-5.326322E-4,0.0010652645,0.0
5512499569437,65.269063604,-5.326322E-4,0.0,0.0
5512519619120,65.289113287,0.0,0.0,0.0
5512539699320,65.309193487,-5.326322E-4,5.326322E-4,0.0
5512559749003,65.32924317,-5.326322E-4,5.326322E-4,-5.326322E-4
5512579798686,65.349292853,0.0,0.0,0.0010652645
5512599848369,65.369342536,5.326322E-4,-5.326322E-4,0.0
5512619898052,65.389392219,0.0,0.0015978967,0.0
5512639947735,65.409441902,0.0010652645,5.326322E-4,5.326322E-4
5512659997418,65.429491585,0.0,5.326322E-4,-5.326322E-4
5512680047101,65.449541268,0.0,0.0010652645,0.0010652645
5512700096784,65.469590951,0.0010652645,0.0,-5.326322E-4
5512720146467,65.489640634,-5.326322E-4,0.0010652645,5.326322E-4
5512740226667,65.509720834,0.0,0.0,-5.326322E-4
5512760276350,65.529770517,-0.0010652645,0.002130529,5.326322E-4
5512780326033,65.5498202,5.326322E-4,0.002130529,5.326322E-4
5512800375716,65.569869883,0.0,0.0010652645,0.0015978967
5512820425398,65.589919565,-0.0010652645,0.0010652645,0.0
5512840475081,65.609969248,5.326322E-4,0.0010652645,0.0010652645
5512860524764,65.630018931,0.0,0.0010652645,-5.326322E-4
5512880574448,65.650068615,-5.326322E-4,5.326322E-4,5.326322E-4
5512900624131,65.670118298,0.0,5.326322E-4,0.0010652645
5512920673814,65.690167981,-0.0010652645,0.0015978967,0.0
5512940723496,65.710217663,0.0,5.326322E-4,-5.326322E-4
5512960773179,65.730267346,5.326322E-4,0.0010652645,5.326322E-4
5512980822862,65.750317029,0.0,5.326322E-4,0.0010652645
5513000872545,65.770366712,-0.0010652645,0.0015978967,5.326322E-4
5513020952745,65.790446912,-5.326322E-4,0.0010652645,0.0015978967
5513041002428,65.810496595,0.0,0.0,0.0
5513061052111,65.830546278,-5.326322E-4,0.0,0.0010652645
5513081132311,65.850626478,0.0010652645,-0.0010652645,-0.0010652645
5513101181994,65.870676161,5.326322E-4,0.0,0.0
5513121231677,65.890725844,5.326322E-4,0.0,-0.0010652645
5513141281360,65.910775527,0.0015978967,5.326322E-4,0.0
5513161331043,65.93082521,0.0010652645,0.0,5.326322E-4
5513181411243,65.95090541,-5.326322E-4,0.0,-0.0010652645
5513201460926,65.970955093,0.0,5.326322E-4,0.0
5513221510609,65.991004776,0.0015978967,5.326322E-4,-5.326322E-4
5513241560292,66.011054459,5.326322E-4,5.326322E-4,-5.326322E-4
5513261609974,66.031104141,5.326322E-4,0.0,0.0
5513281690175,66.051184342,5.326322E-4,5.326322E-4,5.326322E-4
5513301739858,66.071234025,0.0010652645,-5.326322E-4,0.0
5513321789540,66.091283707,5.326322E-4,0.0015978967,-5.326322E-4
5513341839223,66.11133339,0.0,5.326322E-4,-5.326322E-4
5513361888907,66.131383074,5.326322E-4,0.0010652645,-5.326322E-4
5513381938590,66.151432757,0.0015978967,0.0010652645,0.0
5513401988273,66.17148244,0.0010652645,5.326322E-4,-5.326322E-4
5513422068472,66.191562639,5.326322E-4,-0.0015978967,-0.0015978967
5513442118156,66.211612323,-5.326322E-4,-0.0015978967,0.0
5513462167839,66.231662006,0.0015978967,0.0,-0.0010652645
5513482217522,66.251711689,-0.006924219,0.0058589545,0.0026631611
5513502267204,66.271761371,0.011185277,0.0053263223,0.0
5513522316887,66.291811054,-5.326322E-4,-0.0010652645,-0.0031957934
5513542366570,66.311860737,-0.010652645,-0.004261058,0.0
5513562416253,66.33191042,0.012250541,0.0,0.002130529
5513582465936,66.351960103,0.0058589545,0.0015978967,-5.326322E-4
5513602515620,66.372009787,-0.010652645,0.0,-0.0026631611
5513622565302,66.392059469,-5.326322E-4,5.326322E-4,0.0
5513642614985,66.412109152,0.006924219,0.0,0.0015978967
5513662664668,66.432158835,-0.0015978967,-5.326322E-4,-0.0010652645
5513682714351,66.452208518,-0.00479369,-0.0010652645,-0.0026631611
5513702764034,66.472258201,0.0037284256,0.0010652645,0.0
5513722813717,66.492307884,0.006924219,0.0026631611,0.0010652645
5513742863400,66.512357567,-0.0026631611,5.326322E-4,-0.0015978967
5513762943600,66.532437767,-0.0063915867,-0.0010652645,0.0
5513782962766,66.552456933,0.0026631611,0.0010652645,0.0010652645
5513803012449,66.572506616,0.002130529,0.0015978967,5.326322E-4
5513823092649,66.592586816,-0.002130529,-0.0010652645,-0.002130529
5513843142332,66.612636499,0.0026631611,5.326322E-4,-0.0010652645
5513863192015,66.632686182,0.0037284256,0.0,5.326322E-4
5513883241698,66.652735865,5.326322E-4,0.0015978967,-0.0010652645
5513903321898,66.672816065,-0.00479369,0.0,-0.0010652645
5513923371581,66.692865748,-5.326322E-4,5.326322E-4,0.0
5513943421264,66.712915431,0.00479369,0.0010652645,5.326322E-4
5513963470947,66.732965114,0.0015978967,-0.0010652645,-0.0026631611
5513983520629,66.753014796,-0.0026631611,0.0,-0.002130529
5514003570312,66.773064479,0.002130529,-5.326322E-4,-5.326322E-4
5514023619995,66.793114162,0.0015978967,5.326322E-4,0.0
5514043669678,66.813163845,-0.0031957934,5.326322E-4,-5.326322E-4
5514063719362,66.833213529,0.0,5.326322E-4,-5.326322E-4
5514083769045,66.853263212,0.0026631611,0.0015978967,0.0010652645
5514103818727,66.873312894,0.0015978967,-5.326322E-4,-0.0015978967
5514123868410,66.893362577,-0.0010652645,-0.0010652645,-5.326322E-4
5514143918093,66.91341226,0.0,-0.0010652645,0.0
5514163967776,66.933461943,0.0026631611,0.0010652645,0.0010652645
5514184017459,66.953511626,0.0,-5.326322E-4,-5.326322E-4
5514204067143,66.97356131,-0.002130529,0.0,-0.0010652645
5514224116825,66.993610992,0.0015978967,-0.0010652645,-5.326322E-4
5514244166508,67.013660675,0.0015978967,-0.002130529,-5.326322E-4
5514264246708,67.033740875,-0.0010652645,0.0015978967,-0.002130529
5514284265874,67.053760041,-0.0010652645,0.007989483,-0.0026631611
5514304346074,67.073840241,0.0015978967,0.007456851,-5.326322E-4
5514324395757,67.093889924,0.0015978967,5.326322E-4,0.0
5514344445440,67.113939607,-0.004261058,-0.0037284256,-5.326322E-4
5514364495123,67.13398929,-0.0010652645,0.0026631611,-5.326322E-4
5514384544806,67.154038973,0.0037284256,0.006924219,-0.0015978967
5514404594488,67.174088655,0.0015978967,0.0026631611,-0.002130529
5514424644171,67.194138338,0.0,-0.0010652645,-0.0026631611
5514444724372,67.214218539,5.326322E-4,-0.002130529,5.326322E-4
5514464774055,67.234268222,5.326322E-4,0.0,5.326322E-4
5514484823737,67.254317904,0.0,0.002130529,-0.0010652645
5514504873420,67.274367587,5.326322E-4,0.0026631611,5.326322E-4
5514524953621,67.294447788,0.0037284256,-0.0063915867,0.002130529
5514545003303,67.31449747,0.0015978967,-0.011717909,0.0010652645
5514565052986,67.334547153,-0.0010652645,-0.0058589545,-5.326322E-4
5514585133187,67.354627354,5.326322E-4,0.002130529,-0.0015978967
5514605182869,67.374677036,0.0015978967,0.0031957934,-5.326322E-4
5514625232552,67.394726719,-0.0015978967,-0.0010652645,5.326322E-4
5514645312753,67.41480692,-5.326322E-4,-0.0037284256,0.0
5514665362436,67.434856603,0.0015978967,-0.002130529,-0.0010652645
5514685412118,67.454906285,0.0010652645,0.0010652645,-0.0010652645
5514705461801,67.474955968,5.326322E-4,-5.326322E-4,-0.0010652645
5514725511484,67.495005651,5.326322E-4,-0.0010652645,-5.326322E-4
5514745561167,67.515055334,0.0010652645,-0.00958738,5.326322E-4
5514765610851,67.535105018,5.326322E-4,-0.0015978967,-5.326322E-4
5514785691050,67.555185217,0.0010652645,-0.0058589545,5.326322E-4
5514805771250,67.575265417,-0.0010652645,-0.0037284256,0.002130529
5514825820933,67.5953151,0.0031957934,-0.002130529,0.0
5514845870616,67.615364783,0.0010652645,0.002130529,-0.0015978967
5514865950817,67.635444984,-0.0015978967,0.0010652645,0.0
5514886000499,67.655494666,0.002130529,-0.0015978967,0.0
5514906080699,67.675574866,5.326322E-4,-5.326322E-4,0.0
5514926130382,67.695624549,0.0,-5.326322E-4,0.0
5514946180065,67.715674232,0.002130529,5.326322E-4,0.0
5514966229748,67.735723915,0.0010652645,0.0010652645,5.326322E-4
5514986279431,67.755773598,5.326322E-4,0.0,-0.0010652645
5515006329114,67.775823281,-5.326322E-4,0.0,-0.0010652645
5515026378797,67.795872964,0.0,0.0,-5.326322E-4
5515046428480,67.815922647,0.0010652645,5.326322E-4,0.0
5515066478162,67.835972329,5.326322E-4,-0.0010652645,-0.0010652645
5515086527845,67.856022012,0.0,-0.0015978967,-5.326322E-4
5515106577529,67.876071696,0.0031957934,-5.326322E-4,-0.0010652645
5515126627212,67.896121379,0.002130529,-0.004261058,-5.326322E-4
5515146707411,67.916201578,-5.326322E-4,-0.0015978967,0.0010652645
5515166757094,67.936251261,-0.0015978967,-0.011185277,0.002130529
5515186806778,67.956300945,0.00479369,-0.00479369,0.0010652645
5515206856461,67.976350628,0.0010652645,-0.0010652645,-0.002130529
5515226906144,67.996400311,-5.326322E-4,0.0015978967,-0.002130529
5515246955826,68.016449993,0.0015978967,-0.0037284256,0.0
5515267036027,68.036530194,-0.0010652645,-0.0010652645,5.326322E-4
5515287085710,68.056579877,-5.326322E-4,-5.326322E-4,-5.326322E-4
5515307135392,68.076629559,-0.0010652645,0.002130529,-0.0010652645
5515327185075,68.096679242,0.002130529,5.326322E-4,-5.326322E-4
5515347265276,68.116759443,0.0031957934,-0.002130529,-0.0015978967
5515367314959,68.136809126,-0.002130529,-5.326322E-4,-5.326322E-4
5515387364641,68.156858808,0.0,-5.326322E-4,0.0
5515407414324,68.176908491,0.0026631611,5.326322E-4,-0.0010652645
5515427464007,68.196958174,5.326322E-4,0.0,0.0
5515447544207,68.217038374,-0.002130529,0.0037284256,-0.0015978967
5515467593890,68.237088057,-5.326322E-4,0.013315806,-0.002130529
5515487643573,68.25713774,-0.0010652645,0.017044231,-0.0010652645
5515507723773,68.27721794,0.0015978967,0.007989483,0.0015978967
5515527773456,68.297267623,5.326322E-4,-5.326322E-4,5.326322E-4
5515547823139,68.317317306,0.0010652645,-0.0026631611,5.326322E-4
5515567872822,68.337366989,0.002130529,-0.0010652645,5.326322E-4
5515587953021,68.357447188,-5.326322E-4,-0.0026631611,0.0010652645
5515608002705,68.377496872,-0.0010652645,-0.0031957934,-0.0010652645
5515628052388,68.397546555,0.0010652645,-0.0010652645,-5.326322E-4
5515648132587,68.417626754,0.0010652645,0.0010652645,-5.326322E-4
5515668182270,68.437676437,0.0010652645,0.0015978967,0.0
5515688262471,68.457756638,0.0,-0.004261058,-5.326322E-4
5515708312154,68.477806321,-0.0010652645,0.007456851,-5.326322E-4
5515728361836,68.497856003,5.326322E-4,0.0063915867,-0.0026631611
5515748442037,68.517936204,0.0010652645,0.010652645,-0.0026631611
5515768491720,68.537985887,0.0,0.0037284256,-0.002130529
5515788541402,68.558035569,5.326322E-4,-0.002130529,5.326322E-4
5515808560569,68.578054736,0.0010652645,-0.0058589545,0.0015978967
5515828610251,68.598104418,5.326322E-4,-0.0063915867,5.326322E-4
5515848690452,68.618184619,0.0015978967,-0.0037284256,-0.0010652645
5515868740135,68.638234302,0.0010652645,5.326322E-4,-0.0010652645
5515888789818,68.658283985,0.0026631611,0.0010652645,0.0
5515908839500,68.678333667,5.326322E-4,0.0010652645,-0.0010652645
5515928889183,68.69838335,-5.326322E-4,-5.326322E-4,-0.0010652645
5515948938866,68.718433033,5.326322E-4,0.0026631611,-0.0010652645
5515969019066,68.738513233,-0.00479369,0.0063915867,-5.326322E-4
5515989068749,68.758562916,-0.0037284256,0.0127831735,-0.0015978967
5516009118432,68.778612599,0.004261058,0.016511599,-0.0058589545
5516029168115,68.798662282,5.326322E-4,0.007989483,-0.0037284256
5516049248315,68.818742482,-0.0010652645,-0.002130529,0.0
5516069297998,68.838792165,0.002130529,-0.002130529,0.0010652645
5516089347681,68.858841848,0.0,0.0037284256,5.326322E-4
5516109427881,68.878922048,-0.0010652645,0.00479369,-5.326322E-4
5516129477564,68.898971731,-5.326322E-4,0.0010652645,0.0
5516149527247,68.919021414,5.326322E-4,0.0,0.0
5516169576930,68.939071097,5.326322E-4,0.002130529,-0.0010652645
5516189657130,68.959151297,-5.326322E-4,0.002130529,-0.0015978967
5516209706813,68.97920098,0.0,5.326322E-4,0.0
5516229756496,68.999250663,0.0015978967,0.0,-0.0015978967
5516249806179,69.019300346,-0.0010652645,0.0,-0.0010652645
5516269886379,69.039380546,-5.326322E-4,0.0,-5.326322E-4
5516289936062,69.059430229,0.0,5.326322E-4,0.0
5516309985745,69.079479912,0.0015978967,-5.326322E-4,-0.0010652645
5516330065944,69.099560111,5.326322E-4,-5.326322E-4,-5.326322E-4
5516350115628,69.119609795,-0.0010652645,5.326322E-4,-5.326322E-4
5516370165311,69.139659478,0.0015978967,5.326322E-4,0.0
5516390245510,69.159739677,0.0010652645,-0.0010652645,-5.326322E-4
5516410295193,69.17978936,0.0,0.0,0.0
5516430344877,69.199839044,5.326322E-4,0.0010652645,-0.0015978967
5516450394560,69.219888727,0.0015978967,5.326322E-4,0.0
5516470474759,69.239968926,-5.326322E-4,5.326322E-4,0.0
5516490524442,69.260018609,-5.326322E-4,-5.326322E-4,-0.0010652645
5516510604642,69.280098809,0.0,-5.326322E-4,-5.326322E-4
5516530654325,69.300148492,0.0010652645,5.326322E-4,-5.326322E-4
5516550704008,69.320198175,5.326322E-4,0.0010652645,-0.0010652645
5516570784208,69.340278375,0.0,0.0,-5.326322E-4
5516590833891,69.360328058,5.326322E-4,5.326322E-4,0.0
5516610883574,69.380377741,0.0010652645,0.0,-0.0010652645
5516630963775,69.400457942,-5.326322E-4,-0.0010652645,-5.326322E-4
5516651013457,69.420507624,0.0010652645,0.0,-5.326322E-4
5516671063140,69.440557307,0.0015978967,0.0,0.0
5516691112823,69.46060699,0.0,-5.326322E-4,5.326322E-4
5516711193023,69.48068719,5.326322E-4,0.0,-5.326322E-4
5516731242706,69.500736873,5.326322E-4,0.0010652645,0.0
5516751292389,69.520786556,0.0010652645,-5.326322E-4,-5.326322E-4
5516771372590,69.540866757,-5.326322E-4,0.0053263223,-5.326322E-4
5516791422272,69.560916439,-0.00479369,0.013315806,0.0
5516811532989,69.581027156,0.0010652645,-0.021837922,-0.0037284256
5516831582672,69.601076839,0.002130529,-0.006924219,-0.0053263223
5516851632355,69.621126522,-0.0010652645,0.00479369,-0.004261058
5516871682038,69.641176205,5.326322E-4,0.0058589545,-0.002130529
5516891762238,69.661256405,0.0015978967,0.0058589545,5.326322E-4
5516911842438,69.681336605,-5.326322E-4,0.0037284256,5.326322E-4
5516931922638,69.701416805,0.0,0.0,0.0010652645
5516951972321,69.721466488,0.0,-0.0010652645,0.0
5516972022004,69.741516171,0.0,5.326322E-4,0.0
5516992071687,69.761565854,5.326322E-4,0.0015978967,-5.326322E-4
5517012121369,69.781615536,-5.326322E-4,0.002130529,-0.0015978967
5517032171052,69.801665219,5.326322E-4,0.0015978967,-0.0010652645
5517052220736,69.821714903,0.002130529,-0.0010652645,-0.0015978967
5517072300935,69.841795102,5.326322E-4,-0.014913702,0.0
5517092350618,69.861844785,0.002130529,-0.017576864,0.0015978967
5517112400301,69.881894468,0.0031957934,-0.007456851,5.326322E-4
5517132449985,69.901944152,-5.326322E-4,-5.326322E-4,-0.002130529
5517152499668,69.921993835,-0.0010652645,5.326322E-4,-0.002130529
5517172549351,69.942043518,0.0015978967,-0.002130529,0.0
5517192599033,69.9620932,0.0010652645,-0.0037284256,-0.0015978967
5517212648716,69.982142883,-0.0010652645,-0.0010652645,-0.002130529
5517232698399,70.002192566,0.0,0.0015978967,-5.326322E-4
5517252717565,70.022211732,0.0031957934,-0.0010652645,0.0
5517272797766,70.042291933,0.0010652645,0.0026631611,-0.0010652645
5517292816931,70.062311098,-0.004261058,0.004261058,-0.002130529
5517312866614,70.082360781,-0.0026631611,0.0015978967,-0.002130529
5517332916297,70.102410464,0.0037284256,0.0037284256,-0.0031957934
5517352965980,70.122460147,0.0,0.0031957934,-0.0026631611
5517373015663,70.14250983,-5.326322E-4,-0.0010652645,-0.0015978967
5517393065346,70.162559513,0.0015978967,-0.007989483,5.326322E-4
5517413084512,70.182578679,0.0026631611,-0.009054748,0.0
5517433134195,70.202628362,0.0,-0.00479369,-0.002130529
5517453183878,70.222678045,-0.0010652645,5.326322E-4,-0.0026631611
5517473233561,70.242727728,0.0015978967,5.326322E-4,-5.326322E-4
5517493283244,70.262777411,0.002130529,-0.0010652645,0.0
5517513332926,70.282827093,5.326322E-4,-0.0063915867,-0.002130529
5517533382609,70.302876776,0.0,-0.015446335,-5.326322E-4
5517553432293,70.32292646,0.004261058,-0.0127831735,0.0031957934
5517573481976,70.342976143,0.0031957934,-0.006924219,0.0026631611
5517593531659,70.363025826,-0.0026631611,-0.002130529,-0.0015978967
5517613581342,70.383075509,0.002130529,0.0031957934,-0.0015978967
5517633631024,70.403125191,0.0015978967,-0.0063915867,0.002130529
5517653650191,70.423144358,-0.0010652645,-0.012250541,0.0
5517673699874,70.443194041,-0.002130529,-0.0010652645,-0.0026631611
5517693749556,70.463243723,0.0010652645,0.007989483,-5.326322E-4
5517713799239,70.483293406,0.0053263223,0.0053263223,-0.0026631611
5517733848922,70.503343089,-0.0015978967,-5.326322E-4,-0.0010652645
5517753898605,70.523392772,-0.0026631611,-0.002130529,0.0
5517773948289,70.543442456,0.006924219,-0.010652645,0.0015978967
5517793997971,70.563492138,0.002130529,-0.017044231,0.004261058
5517814108688,70.583602855,-0.0037284256,-0.013848438,0.0031957934
5517834158371,70.603652538,0.002130529,-0.0037284256,5.326322E-4
5517854208054,70.623702221,0.0026631611,0.0063915867,-0.0015978967
5517874227220,70.643721387,0.0,-5.326322E-4,0.0
5517894276903,70.66377107,-5.326322E-4,-0.010652645,0.0
5517914357103,70.68385127,5.326322E-4,-0.0058589545,0.0
5517934406786,70.703900953,0.0015978967,0.0015978967,-0.0010652645
5517954456469,70.723950636,0.002130529,0.0015978967,-0.0010652645
5517974506152,70.744000319,-0.0010652645,-0.0058589545,5.326322E-4
5517994555835,70.764050002,0.0026631611,-0.0037284256,5.326322E-4
5518014575001,70.784069168,0.0010652645,-0.004261058,0.0
5518034624684,70.804118851,-0.002130529,-5.326322E-4,-5.326322E-4
5518054674367,70.824168534,0.0,0.0037284256,-0.0010652645
5518074754566,70.844248733,5.326322E-4,0.0026631611,0.0
5518094804250,70.864298417,0.0,0.0,-5.326322E-4
5518114823415,70.884317582,0.0010652645,-5.326322E-4,-0.0010652645
5518134873098,70.904367265,0.0,0.0015978967,5.326322E-4
5518154922782,70.924416949,0.0015978967,0.0026631611,-5.326322E-4
5518174972465,70.944466632,0.0010652645,-5.326322E-4,-0.0010652645
5518195022148,70.964516315,-0.002130529,-0.0010652645,0.0
5518215071830,70.984565997,0.0010652645,-0.0010652645,5.326322E-4
5518235121513,71.00461568,0.0010652645,0.0015978967,-0.0010652645
5518255171196,71.024665363,0.0,5.326322E-4,-5.326322E-4
5518275220879,71.044715046,0.0015978967,5.326322E-4,-0.0015978967
5518295270563,71.06476473,0.0015978967,0.0010652645,0.0010652645
5518315320246,71.084814413,-0.0010652645,-0.0015978967,0.0
5518335339411,71.104833578,0.0,0.0,5.326322E-4
5518355389094,71.124883261,0.002130529,5.326322E-4,0.0
5518375438777,71.144932944,0.0010652645,5.326322E-4,-5.326322E-4
5518395488460,71.164982627,5.326322E-4,0.002130529,-0.0010652645
5518415538143,71.18503231,-5.326322E-4,0.0010652645,-5.326322E-4
5518435587826,71.205081993,0.0010652645,0.0010652645,-0.0010652645
5518455606992,71.225101159,0.0,5.326322E-4,5.326322E-4
5518475656675,71.245150842,-0.0010652645,0.0010652645,-5.326322E-4
5518495706358,71.265200525,0.0015978967,5.326322E-4,-5.326322E-4
5518515756041,71.285250208,0.002130529,-5.326322E-4,-0.0010652645
5518535805724,71.305299891,-5.326322E-4,0.0,-5.326322E-4
5518555855406,71.325349573,-5.326322E-4,0.0,-0.0010652645
5518575874573,71.34536874,5.326322E-4,5.326322E-4,0.0
5518595924255,71.365418422,0.0010652645,5.326322E-4,0.0
5518615973938,71.385468105,5.326322E-4,-5.326322E-4,-0.0010652645
5518636054139,71.405548306,-5.326322E-4,-5.326322E-4,-5.326322E-4
5518656103822,71.425597989,5.326322E-4,5.326322E-4,-5.326322E-4
5518676153504,71.445647671,0.002130529,0.0,-5.326322E-4
5518696203187,71.465697354,0.0,0.0,-0.0015978967
5518716252870,71.485747037,0.0,5.326322E-4,0.0
5518736302554,71.505796721,5.326322E-4,-0.0010652645,-5.326322E-4
5518756352237,71.525846404,-0.0031957934,0.0,-5.326322E-4
5518776401919,71.545896086,-0.004261058,0.02876214,-0.0026631611
5518796451602,71.565945769,0.0015978967,0.02876214,-0.002130529
5518816562319,71.586056486,0.0010652645,0.007456851,5.326322E-4
5518836612002,71.606106169,0.0015978967,-0.009054748,0.0015978967
5518856661685,71.626155852,0.002130529,-0.00479369,0.0010652645
5518876711368,71.646205535,5.326322E-4,0.002130529,0.0
5518896761052,71.666255219,-0.0015978967,0.004261058,-0.0010652645
5518916810734,71.686304901,-0.0010652645,0.00479369,-0.0010652645
5518936860417,71.706354584,-5.326322E-4,0.0031957934,0.0
5518956940617,71.726434784,0.0037284256,0.002130529,-0.002130529
5518976990300,71.746484467,-5.326322E-4,-0.0010652645,-0.0010652645
5518997039983,71.76653415,0.0,-5.326322E-4,0.0
5519017089666,71.786583833,0.0031957934,0.0,-5.326322E-4
5519037139349,71.806633516,-0.0026631611,-0.0010652645,-5.326322E-4
5519057189032,71.826683199,-0.0015978967,0.007989483,-0.0015978967
5519077238715,71.846732882,-0.0010652645,0.02396845,-0.0031957934
5519097318915,71.866813082,-5.326322E-4,0.025566347,0.0010652645
5519117368598,71.886862765,0.0037284256,0.007989483,0.0026631611
5519137418281,71.906912448,0.0015978967,-0.0037284256,0.0015978967
5519157467964,71.926962131,-0.002130529,-0.0015978967,0.0015978967
5519177517646,71.947011813,0.0026631611,0.0010652645,5.326322E-4
5519197597847,71.967092014,-0.0015978967,0.0053263223,-5.326322E-4
5519217647530,71.987141697,-5.326322E-4,0.002130529,0.0
5519237697212,72.007191379,0.0015978967,-0.0010652645,5.326322E-4
5519257746895,72.027241062,5.326322E-4,5.326322E-4,-5.326322E-4
5519277796578,72.047290745,0.002130529,0.002130529,-0.0015978967
5519297876778,72.067370945,-0.0015978967,0.0010652645,-0.0010652645
5519317926461,72.087420628,0.0,-0.0010652645,0.0
5519337976144,72.107470311,0.0031957934,-0.0010652645,-5.326322E-4
5519358025827,72.127519994,0.0,0.0058589545,0.0015978967
5519378075511,72.147569678,-0.0010652645,0.0058589545,0.002130529
5519398125194,72.167619361,0.0026631611,-0.0010652645,0.0026631611
5519418174876,72.187669043,-5.326322E-4,-0.0026631611,0.0
5519438255076,72.207749243,-0.0026631611,0.002130529,-0.0015978967
5519458304760,72.227798927,0.0,0.0127831735,5.326322E-4
5519478354443,72.24784861,0.0010652645,0.011717909,-5.326322E-4
5519498404125,72.267898292,0.0,0.0031957934,5.326322E-4
5519518453808,72.287947975,0.0,-0.002130529,0.0
5519538503491,72.307997658,0.0010652645,-0.0010652645,-0.0010652645
5519558553174,72.328047341,0.0015978967,0.0015978967,-5.326322E-4
5519578602857,72.348097024,5.326322E-4,0.002130529,-0.0010652645
5519598652539,72.368146706,-0.002130529,0.0010652645,0.0
5519618702223,72.38819639,5.326322E-4,0.0010652645,0.0
5519638751906,72.408246073,0.0,5.326322E-4,-0.0015978967
5519658801589,72.428295756,5.326322E-4,0.0010652645,-5.326322E-4
5519678851272,72.448345439,0.0010652645,5.326322E-4,0.0
5519698900955,72.468395122,0.0010652645,0.0,-0.0010652645
5519718950637,72.488444804,0.0,5.326322E-4,0.0
5519739000320,72.508494487,-5.326322E-4,5.326322E-4,-5.326322E-4
5519759050004,72.528544171,-5.326322E-4,0.0,0.0
5519779099687,72.548593854,5.326322E-4,0.0,0.0
5519799149370,72.568643537,0.0,0.0010652645,0.0
5519819199053,72.58869322,5.326322E-4,5.326322E-4,-0.0010652645
5519839248735,72.608742902,0.002130529,5.326322E-4,0.0
5519859298418,72.628792585,5.326322E-4,5.326322E-4,0.0
5519879348101,72.648842268,-0.0010652645,0.0,-0.0010652645
5519899397784,72.668891951,0.0,5.326322E-4,-5.326322E-4
5519919447468,72.688941635,0.0015978967,5.326322E-4,0.0
5519939497151,72.708991318,0.0010652645,5.326322E-4,-0.0010652645
5519959546833,72.729041,5.326322E-4,0.0,-0.002130529
5519979596516,72.749090683,5.326322E-4,-5.326322E-4,-5.326322E-4
5519999646199,72.769140366,5.326322E-4,5.326322E-4,0.0
5520019695882,72.789190049,5.326322E-4,0.0,-5.326322E-4
5520039745565,72.809239732,0.0,5.326322E-4,0.0
5520059795249,72.829289416,5.326322E-4,-5.326322E-4,-5.326322E-4
5520079875448,72.849369615,0.0010652645,5.326322E-4,0.0
5520099925131,72.869419298,5.326322E-4,0.0010652645,-0.0010652645
5520119974814,72.889468981,5.326322E-4,5.326322E-4,0.0
5520140024497,72.909518664,5.326322E-4,0.0,5.326322E-4
5520160104697,72.929598864,0.0,5.326322E-4,0.0
5520180154380,72.949648547,0.0,-5.326322E-4,-5.326322E-4
5520200204062,72.969698229,5.326322E-4,0.0010652645,-0.0010652645
5520220253746,72.989747913,5.326322E-4,0.0,-0.0010652645
5520240303429,73.009797596,5.326322E-4,5.326322E-4,-0.0010652645
5520260353112,73.029847279,-5.326322E-4,5.326322E-4,-0.0015978967
5520280402795,73.049896962,-5.326322E-4,5.326322E-4,-5.326322E-4
5520300452478,73.069946645,0.0037284256,-0.002130529,-0.0010652645
5520320502160,73.089996327,-0.002130529,0.021837922,5.326322E-4
5520340582361,73.110076528,-5.326322E-4,0.016511599,0.0010652645
5520360632044,73.130126211,5.326322E-4,-0.0015978967,0.0015978967
5520380681727,73.150175894,5.326322E-4,-0.0031957934,5.326322E-4
5520400731409,73.170225576,5.326322E-4,-0.004261058,-0.0026631611
5520420811610,73.190305777,5.326322E-4,-0.002130529,-0.004261058
5520440861293,73.21035546,-0.0015978967,0.0015978967,-0.0031957934
5520460910975,73.230405142,-0.0010652645,0.0026631611,0.0
5520480960658,73.250454825,0.0,0.0010652645,-5.326322E-4
5520501010341,73.270504508,-0.002130529,-0.0010652645,-5.326322E-4
5520521060024,73.290554191,0.002130529,-0.0010652645,0.0
5520541109708,73.310603875,0.004261058,5.326322E-4,-0.0031957934
5520561189907,73.330684074,-0.0015978967,0.0,-0.0015978967
5520581239590,73.350733757,0.002130529,0.0,-0.0010652645
5520601289273,73.37078344,5.326322E-4,5.326322E-4,-5.326322E-4
5520621338957,73.390833124,-0.0010652645,0.0015978967,0.0
5520641388639,73.410882806,0.0,0.0010652645,-0.0010652645
5520661438322,73.430932489,0.0010652645,5.326322E-4,-5.326322E-4
5520681518522,73.451012689,0.0037284256,5.326322E-4,-5.326322E-4
5520701568205,73.471062372,0.0010652645,-0.0010652645,-0.0015978967
5520721617888,73.491112055,-0.0026631611,-5.326322E-4,-0.0010652645
5520741667571,73.511161738,0.0015978967,5.326322E-4,0.0010652645
5520761717254,73.531211421,0.0,5.326322E-4,0.0
5520781766937,73.551261104,-0.0010652645,0.0,-0.0010652645
5520801816620,73.571310787,0.0015978967,0.0,-5.326322E-4
5520821866302,73.591360469,0.0026631611,0.0026631611,-0.0010652645
5520841915985,73.611410152,0.0,0.002130529,-0.0010652645
5520861965669,73.631459836,-5.326322E-4,5.326322E-4,-0.0010652645
5520882045869,73.651540036,-5.326322E-4,-5.326322E-4,-0.0010652645
5520902095551,73.671589718,0.0,0.0,0.0015978967
5520922145234,73.691639401,5.326322E-4,5.326322E-4,-0.0010652645
5520942133884,73.711628051,-0.0010652645,5.326322E-4,-5.326322E-4
5520962183567,73.731677734,-5.326322E-4,-0.006924219,0.0
5520982263766,73.751757933,0.029294772,-0.002130529,-0.0058589545
5521002313450,73.771807617,-0.02876214,0.024501082,-0.0063915867
5521022363133,73.7918573,0.02130529,-0.0037284256,-0.0053263223
5521042412816,73.811906983,0.02609898,-0.02609898,-0.018109497
5521062462498,73.831956665,-0.06498113,-0.035153728,-0.24927188
5521082512181,73.852006348,-0.05752428,-0.039947417,-0.50333744
5521102561864,73.872056031,-0.046871636,-0.07989483,-0.6785734
5521122642064,73.892136231,-0.15765914,-0.051132694,-0.79894835
5521142661230,73.912155397,-0.33289513,-0.06498113,-0.8452873
5521162710914,73.932205081,-0.63223445,-0.13475595,-0.799481
5521182760596,73.952254763,-0.66152924,0.8564726,-0.4857606
5521202840796,73.972334963,-0.340352,-0.8165252,-0.47564057
5521222890479,73.992384646,-0.5885586,-0.12676647,-0.67218184
5521242940162,74.012434329,-0.45167214,0.028229509,0.055926383
5521262989845,74.032484012,-0.08149273,-1.5701998,0.20240025
5521283039528,74.052533695,0.011717909,-2.1108215,0.7105314
5521303089211,74.072583378,0.93423694,-2.20563,0.721184
5521323138894,74.092633061,2.3174827,-1.3864417,0.1603223
5521343188577,74.112682744,2.880475,-0.45806372,-0.36218992
5521363238259,74.132732426,2.481001,-0.29134983,-0.5949502
5521383287943,74.15278211,1.7283915,-0.42876893,-0.51984906
5521403337626,74.172831793,1.200553,0.11132014,-0.3472762
5521423387309,74.192881476,1.0141318,0.76965356,-0.5006743
5521443436992,74.212931159,1.0247844,1.0088054,-1.310808
5521463486675,74.232980842,1.1914983,1.1622036,-2.0746026
5521483536357,74.253030524,1.4950987,0.4415521,-2.1928468
5521503555524,74.273049691,1.7342505,-0.5251754,-1.6479641
5521523635723,74.29312989,1.9004318,-0.5704491,-1.2713932
5521543685407,74.313179574,1.9046929,-0.070307456,-1.4658039
5521563735090,74.333229257,1.7443706,0.14753912,-1.9313245
5521583784773,74.35327894,1.514806,0.32756883,-2.1358552
5521603834455,74.373328622,1.2969595,0.598146,-2.092712
5521623884138,74.393378305,1.0327739,0.74728304,-1.9046929
5521643933821,74.413427988,0.7488809,0.7078682,-1.8466359
5521663983504,74.433477671,0.5752428,1.0966897,-1.8242654
5521684033188,74.453527355,0.5049353,1.73212,-1.743838
5521704082870,74.473577037,0.38456047,1.7310548,-1.551025
5521724132553,74.49362672,0.13369069,1.2559468,-1.1110709
5521744182236,74.513676403,-0.19867182,0.9853696,-0.60507023
5521764231919,74.533726086,-0.65247446,0.54168695,-0.28122982
5521784281602,74.553775769,-1.5195998,-1.3502227,-0.12357068
5521804392319,74.573886486,-1.4929681,-0.958738,1.6724652
5521824442002,74.593936169,-0.7350325,0.37071204,2.3686156
5521844522202,74.614016369,-0.27377295,1.109473,1.5712651
5521864571885,74.634066052,-0.32011196,1.3699301,0.82611257
5521884621568,74.654115735,-0.6279734,1.1749867,0.664725
5521904671250,74.674165417,-0.09054748,0.49161956,1.5654061
5521924720934,74.694215101,0.5075985,1.3598101,2.62854
5521944770617,74.714264784,0.99442434,0.6695187,3.1467912
5521964820300,74.734314467,1.6415725,-0.6269081,2.8352013
5521984869983,74.75436415,1.7672738,-1.196292,1.7449032
5522004919666,74.774413833,1.0375676,-0.4708469,0.48043427
5522024969348,74.794463515,-0.25193503,0.02130529,-0.02876214
5522045019031,74.814513198,-2.0399814,0.6892261,0.01438107
5522065068714,74.834562881,-3.1995218,1.5078819,0.43356264
5522085118398,74.854612565,-3.1329427,1.5456988,1.2591426
5522105168081,74.874662248,-2.3989756,1.0764498,1.780057
5522125217764,74.894711931,-1.4855113,0.5592638,1.8556907
5522145267446,74.914761613,-0.5853628,0.43196473,1.562743
5522165317129,74.934811296,0.24394555,0.16564862,0.9416938
5522185366812,74.954860979,0.75420725,-0.15393071,0.44048685
5522205416495,74.974910662,0.92784536,-0.22849922,0.340352
5522225466179,74.994960346,0.7552725,-0.36591834,0.60933125
5522245515862,75.015010029,0.45167214,-0.3797668,0.73290193
5522265565544,75.035059711,0.06178534,-0.5944176,0.75633776
5522285615227,75.055109394,-0.3110572,-0.7520767,0.66365975
5522305664910,75.075159077,-1.0998856,-0.96566224,0.61199445
5522325714593,75.09520876,-1.3283848,-0.5502091,0.32277513
5522345764276,75.115258443,-1.23837,-0.19920446,-0.048469532
5522365813959,75.135308126,-1.1020161,-0.027696876,-0.32170987
5522385863642,75.155357809,-0.81705785,-0.2561961,-0.1736381
5522405913325,75.175407492,-0.49534798,-0.4250405,0.03781689
5522425963008,75.195457175,0.3158509,-0.5592638,0.019707393
5522446012691,75.215506858,0.5342301,-0.5550028,-0.24873926
5522466062374,75.235556541,0.29933932,-0.09054748,-0.13315806
5522486112057,75.255606224,0.29454562,0.3355583,0.0314253
5522506161739,75.275655906,0.66632295,1.2799152,0.009054748
5522526211423,75.29570559,0.8293084,2.0516994,0.13901702
5522546261106,75.315755273,-0.06391586,-0.18588865,0.5773733
5522566310789,75.335804956,-1.1270498,-1.9419771,0.48309743
5522586360472,75.355854639,-2.122007,-0.7685883,0.20399815
5522606410154,75.375904321,-2.549178,-0.68816084,0.03888215
5522626459837,75.395954004,-1.9068234,1.23837,-0.029827405
5522646509520,75.416003687,-1.5611451,1.1259845,-0.7536746
5522666559203,75.43605337,-1.1222562,-0.15925704,-1.6186694
5522686608887,75.456103054,-0.91133374,-0.8378305,-2.0554278
5522706658570,75.476152737,-0.74035877,-0.7952199,-1.6112125
5522726708252,75.496202419,-0.16937704,-0.376571,-0.5230448
5522746757935,75.516252102,0.056459017,-0.45699844,0.19547603
5522766807618,75.536301785,-0.14753912,-0.92997587,0.33822146
5522786857301,75.556351468,-0.024501082,-0.5699165,0.0031957934
5522806906984,75.576401151,0.06498113,-0.18801917,-0.06498113
5522826956668,75.596450835,-0.032490566,-0.7669904,0.25353295
5522846975833,75.61647,0.092145376,-0.628506,0.51452273
5522867025516,75.636519683,0.4165184,-0.14008227,0.14966966
5522887075199,75.656569366,0.26525086,-0.3584615,0.165116
5522907124882,75.676619049,-0.06178534,-0.35952675,-0.020772656
5522927174565,75.696668732,-0.25193503,0.17044231,-0.2775014
5522947224248,75.716718415,-0.2609898,0.24074976,-0.28336033
5522967304447,75.736798614,0.49960902,-0.9353022,-0.41278997
5522987354131,75.756848298,-0.0063915867,-1.3390374,-2.625877
5523007403814,75.776897981,-1.9244002,0.58749336,-2.3382554
5523027453497,75.796947664,-2.466087,1.6170714,-2.748915
5523047503180,75.816997347,-1.6745957,1.0599382,-1.6373115
5523067552863,75.83704703,-0.2561961,0.47191215,0.46179214
5523087602545,75.857096712,0.92731273,0.17310548,1.9270633
5523107682746,75.877176913,0.9805759,0.18269286,2.7366643
5523127732429,75.897226596,0.37230992,0.4527374,2.867692
5523147782111,75.917276278,-0.32597092,0.46552056,2.5987127
5523167831794,75.937325961,-0.4165184,0.47617322,2.6541064
5523187881477,75.957375644,-0.33981937,0.5384912,2.3856597
5523207900643,75.97739481,-0.39734364,0.8745821,2.0282636
5523227950326,75.997444493,-0.6508766,0.94595486,1.5243934
5523248000009,76.017494176,-0.793622,0.24660872,0.8202536
5523268019175,76.037513342,-0.82344943,-0.44847634,0.041545313
5523288068858,76.057563025,-0.54648066,-0.71319455,-0.47244477
5523308118541,76.077612708,-0.08468852,-0.68336713,-0.43089947
5523328168224,76.097662391,0.18855181,-0.3057309,0.02609898
5523348187390,76.117681557,0.33981937,-0.12357068,0.29667616
5523368237073,76.13773124,0.45486793,0.016511599,0.56938386
5523388286756,76.157780923,0.42770368,0.020240024,0.7233146
5523408336439,76.177830606,0.35579833,0.14594123,0.5683186
5523428386122,76.197880289,0.23062976,0.65247446,0.267914
5523448435805,76.217929972,-0.12783173,1.200553,0.32384038
5523468454971,76.237949138,-0.06498113,0.5134575,0.55979645
5523488504654,76.257998821,0.22423817,-0.8064052,1.2644689
5523508554337,76.278048504,0.67537767,-2.6759443,1.8855181
5523528573502,76.298067669,1.4173343,-1.5281218,0.5949502
5523548623186,76.318117353,1.4801849,-1.8663434,-0.3153183
5523568672869,76.338167036,1.0130665,-0.33822146,0.16618125
5523588692034,76.358186201,1.4668691,1.2495552,0.44208476
5523608741718,76.378235885,0.41598576,4.134824,0.43995422
5523628760883,76.39825505,-0.9933591,3.426423,0.4527374
5523648810566,76.418304733,-2.4991105,-1.128115,0.46339005
5523668860250,76.438354417,-1.496164,-0.9960223,0.15073492
5523688879415,76.458373582,-0.35633096,-1.8477012,0.36325517
5523708929098,76.478423265,0.7803062,-2.2759376,0.64341974
5523728978782,76.498472949,1.9813919,-2.0485036,0.89375687
5523748997947,76.518492114,1.9366508,0.86606,1.2985574
5523769047630,76.538541797,0.82185155,1.9760655,1.1920309
5523789066796,76.558560963,0.027696876,0.08841695,0.8431568
5523809116479,76.578610646,-0.91452956,-0.19014971,0.7547399
5523829166162,76.598660329,-1.2692626,-0.35952675,0.9257148
5523849185328,76.618679495,-1.1968247,-0.09534117,1.1408982
5523869235011,76.638729178,-0.93849796,0.019707393,1.3954965
5523889254177,76.658748344,-0.58056915,0.18642128,1.530785
5523909303860,76.678798027,-0.21944448,0.66632295,1.675661
5523929353543,76.69884771,0.23489082,0.964597,1.8998991
5523949372709,76.718866876,0.3717773,1.0104034,1.8407769
5523969483426,76.738977593,0.28975195,0.9917612,1.5536882
5523989533109,76.759027276,0.27696875,0.7057377,1.3070794
5524009552275,76.779046442,0.25832662,0.39361522,1.0791129
5524029601958,76.799096125,0.16990969,0.27217507,0.7520767
5524049621123,76.81911529,0.10652645,0.45060685,0.5113269
5524069670807,76.839164974,0.19068234,0.46924898,0.61678815
5524089720490,76.859214657,0.37337518,0.3254383,0.7845673
5524109739655,76.879233822,0.5390238,0.20133498,0.73290193
5524129789339,76.899283506,0.58696073,0.28229508,0.551807
5524149808504,76.919302671,0.505468,0.39468047,0.60507023
5524169858187,76.939352354,0.37550572,0.3882889,0.9331717
5524189877353,76.95937152,0.30200246,0.165116,1.29909
5524209927036,76.979421203,0.26897928,-0.11824436,1.470065
5524229946202,76.999440369,0.25885928,-0.21678132,1.4434333
5524249995885,77.019490052,0.2972088,-0.07350325,1.4183996
5524270045568,77.039539735,0.36751625,0.07882957,1.582983
5524290064734,77.059558901,0.44421527,0.09267801,1.8370485
5524310083900,77.079578067,0.51984906,-0.09427591,1.9499665
5524330133583,77.09962775,0.5278385,-0.24927188,1.9084213
5524350152749,77.119646916,0.43196473,-0.26205507,1.9105518
5524370202431,77.139696598,0.3387541,-0.16990969,2.0399814
5524390221598,77.159715765,0.35153726,-0.15765914,2.2525017
5524410271280,77.179765447,0.4213121,-0.12836437,2.4197483
5524430290447,77.199784614,0.4543353,-0.12197278,2.386725
5524450309613,77.21980378,0.42237735,-0.017044231,2.172607
5524470359296,77.239853463,0.4293016,0.1470065,2.0762005
5524490378462,77.259872629,0.43249738,0.23062976,2.251969
5524510428145,77.279922312,0.3787015,0.11345066,2.4964473
5524530447310,77.299941477,0.35420042,-0.033023197,2.4905882
5524550466476,77.319960643,0.36112466,-0.07137272,2.2993734
5524570516159,77.340010326,0.39414784,0.13315806,2.163552
5524590535325,77.360029492,0.5086638,0.55287224,2.088451
5524610585008,77.380079175,0.7137272,0.83729786,2.179531
5524630604175,77.400098342,0.88843054,0.9518138,2.2727418
5524650623340,77.420117507,0.9443569,0.9166601,2.2807312
5524670673024,77.440167191,0.8175905,0.8452873,2.2849922
5524690692189,77.460186356,0.5251754,0.6428871,2.3526366
5524710711355,77.480205522,0.13848437,0.6018744,2.3845944
5524730761038,77.500255205,-0.099069595,0.819721,2.3568976
5524750780204,77.520274371,-0.077231675,0.8900285,2.390986
5524770799369,77.540293536,0.09960223,0.6530071,2.427205
5524790879570,77.560373737,0.17896444,0.43516052,2.2849922
5524810898736,77.580392903,0.17949706,0.39627838,1.9712719
5524830948419,77.600442586,0.28442562,0.48469532,1.722
5524850967585,77.620461752,0.42237735,0.5566007,1.7603495
5524870986750,77.640480917,0.47351006,0.5837649,1.9393139
5524891036433,77.6605306,0.4660532,0.6263755,2.0618193
5524911055599,77.680549766,0.386691,0.72651035,2.098571
5524931074766,77.700568933,0.27164245,0.8692558,2.0857878
5524951124449,77.720618616,0.1603223,0.9310411,2.1081583
5524971143615,77.740637782,0.09054748,0.9869675,2.183792
5524991162780,77.760656947,0.108124346,0.9965549,2.2690134
5525011181946,77.780676113,0.13315806,0.902279,2.31695
5525031231629,77.800725796,0.1272991,0.7584683,2.2551649
5525051250795,77.820744962,0.113983296,0.6599313,2.05383
5525071300478,77.840794645,0.17417073,0.72011876,1.8434402
5525091319644,77.860813811,0.21837921,0.88843054,1.7406421
5525111338810,77.880832977,0.1486044,1.0354371,1.6873789
5525131388493,77.90088266,0.06338324,0.97897804,1.6058862
5525151407659,77.920901826,-0.017044231,0.7781757,1.546764
5525171457342,77.940951509,-0.10546118,0.7520767,1.4796523
5525191476508,77.960970675,-0.1571265,0.8990832,1.3944311
5525211526191,77.981020358,-0.15499598,0.93796533,1.2852416
5525231545357,78.001039524,-0.1438107,0.813862,1.1318434
5525251595040,78.021089207,-0.17097494,0.6018744,1.0167949
5525271614206,78.041108373,-0.19707392,0.47830373,0.93903065
5525291663889,78.061158056,-0.2066613,0.48203218,0.8474179
5525311683054,78.081177221,-0.2247708,0.5613944,0.69295454
5525331732738,78.101226905,-0.18002969,0.5113269,0.6295713
5525351751903,78.12124607,-0.082025364,0.31691617,0.6135923
5525371801586,78.141295753,-0.019707393,0.17257284,0.6066681
5525391820752,78.161314919,-0.051132694,0.07563378,0.567786
5525411870435,78.181364602,-0.12783173,0.053263225,0.42663842
5525431889601,78.201383768,-0.17630127,-0.009054748,0.19920446
5525451939284,78.221433451,-0.11558119,-0.022903185,0.03355583
5525471958450,78.241452617,0.047404267,-0.06977482,-0.00958738
5525492008133,78.2615023,0.17576863,-0.06711166,-0.008522116
5525512027299,78.281521466,0.23755397,-0.09161274,-0.0479369
5525532076982,78.301571149,0.23595607,-0.05273059,-0.1555286
5525552126665,78.321620832,0.24767399,-0.1107875,-0.32650355
5525572176348,78.341670515,0.2625877,-0.1768339,-0.42717105
5525592195514,78.361689681,0.16458336,-0.10279802,-0.41385525
5525612245197,78.381739364,5.326322E-4,0.022370555,-0.41225734
5525632294880,78.401789047,-0.15606125,0.22956449,-0.37284255
5525652314046,78.421808213,-0.29880667,0.42397526,-0.28016454
5525672363729,78.441857896,-0.3749731,0.3584615,-0.28442562
5525692413412,78.461907579,-0.20879184,-0.046871636,-0.4213121
5525712432578,78.481926745,0.13848437,-0.45220476,-0.62104917
5525732482261,78.501976428,0.46711847,-0.49055427,-0.67271453
5525752501426,78.521995593,0.551807,-0.12783173,-0.49854377
5525772551110,78.542045277,0.396811,0.28442562,-0.22690132
5525792570275,78.562064442,0.20719394,0.32437304,-0.08468852
5525812589441,78.582083608,0.027164243,0.20186761,-0.105993815
5525832639124,78.602133291,-0.16458336,-0.015446335,-0.26045716
5525852658291,78.622152458,-0.34141725,-0.16777915,-0.4101268
5525872707973,78.64220214,-0.3254383,-0.3073288,-0.40053943
5525892727140,78.662221307,-0.16884442,-0.31691617,-0.33182988
5525912776822,78.682270989,-0.013848438,-0.25406557,-0.41971418
5525932826505,78.702320672,0.0010652645,-0.17204021,-0.58962387
5525952845672,78.722339839,-0.06977482,-0.105993815,-0.75633776
5525972895354,78.742389521,-0.12623383,-0.13741912,-0.8330368
5525993006071,78.762500238,-0.13209279,-0.2247708,-0.8229168
5526013025237,78.782519404,-0.10279802,-0.34141725,-0.82185155
5526033074919,78.802569086,-0.072970614,-0.36112466,-0.81439465
5526053124603,78.82261877,-0.020772656,-0.38136467,-0.79255676
5526073143768,78.842637935,0.06764429,-0.41278997,-0.89535475
5526093193451,78.862687618,0.17204021,-0.42184472,-1.067395
5526113243135,78.882737302,0.27164245,-0.41864893,-1.1696603
5526133262300,78.902756467,0.34940675,-0.42024684,-1.1787151
5526153311983,78.92280615,0.44741106,-0.49375007,-1.1653993
5526173361667,78.942855834,0.53795856,-0.48842376,-1.2016183
5526193411350,78.962905517,0.4878911,-0.23915187,-1.1733888
5526213430515,78.982924682,0.22583607,-0.027696876,-1.0881677
5526233480199,79.002974366,-0.00958738,-0.046339005,-1.0961571
5526253529882,79.023024049,0.03355583,-0.23116238,-1.1664646
5526273549047,79.043043214,0.34887412,-0.44208476,-1.0753845
5526293598730,79.063092897,0.67005134,-0.93796533,-0.99442434
5526313648414,79.083142581,0.72491246,-1.0572749,-1.0338391
5526333698097,79.103192264,0.7078682,-1.0386329,-1.2090752
5526353717262,79.123211429,0.6199839,-0.7350325,-1.5419703
5526373766946,79.143261113,0.56672066,-0.44847634,-1.6889768
5526393816628,79.163310795,0.4628574,-0.40746364,-1.6463662
5526413835794,79.183329961,0.24607609,-0.5997439,-1.7358484
5526433885477,79.203379644,-0.020772656,-0.6609966,-1.943575
5526453935160,79.223429327,-0.24714136,-0.6087986,-1.9409119
5526473954326,79.243448493,-0.39894155,-0.6061355,-1.856756
5526494004008,79.263498175,-0.5368933,-0.51984906,-1.8455707
5526514053692,79.283547859,-0.5789712,-0.44101948,-1.6687368
5526534072857,79.303567024,-0.4314321,-0.63649553,-1.3006879
5526554122540,79.323616707,-0.2876214,-0.69987875,-1.2447615
5526574172224,79.343666391,-0.18961707,-0.624245,-1.5249261
5526594191389,79.363685556,-0.13262543,-0.4495416,-1.7230653
5526614241072,79.383735239,-0.06711166,-0.32810146,-1.5462314
5526634260238,79.403754405,-0.03195793,-0.37763625,-1.2831111
5526654309921,79.423804088,-0.060720075,-0.39148468,-1.1925635
5526674329088,79.443823255,-0.14594123,-0.34621096,-1.1994878
5526694378770,79.463872937,-0.22530343,-0.24341293,-1.1771172
5526714428453,79.48392262,-0.1917476,-0.24074976,-1.1851068
5526734447619,79.503941786,-0.13156016,-0.21678132,-1.442368
5526754497302,79.523991469,-0.058056913,-0.084155895,-1.7619474
5526774546985,79.544041152,-0.04580637,-0.03834952,-1.892975
5526794627186,79.564121353,-0.1587244,-0.05912218,-1.9579561
5526814676868,79.584171035,-0.17417073,0.041545313,-1.8956381
5526834696035,79.604190202,0.051132694,0.2977414,-1.8173412
5526854745717,79.624239884,0.2625877,0.47137952,-1.8466359
5526874764883,79.64425905,0.38242993,0.58909124,-1.9100192
5526894814566,79.664308733,0.42344263,0.49375007,-1.7385116
5526914864249,79.684358416,0.40959418,0.34514567,-1.4141386
5526934883415,79.704377582,0.3254383,0.19121496,-1.1334413
5526954933097,79.724427264,0.21997711,0.055926383,-0.89109373
5526974982781,79.744476948,0.24341293,-0.23435818,-0.70147663
5526995001946,79.764496113,0.21411815,-0.36911413,-0.51984906
5527015051629,79.784545796,0.041545313,-0.36432046,-0.35420042
5527035070796,79.804564963,-0.14753912,-0.39787626,-0.31478566
5527055120478,79.824614645,-0.20399815,-0.50333744,-0.43995422
5527075170161,79.844664328,-0.09267801,-0.69987875,-0.6583334
5527095189327,79.864683494,0.18961707,-0.8511463,-0.8564726
5527115239010,79.884733177,0.479369,-0.9054748,-0.902279
5527135288693,79.90478286,0.6689861,-0.8969527,-0.89162636
5527155338376,79.924832543,0.721184,-0.7174556,-0.8580705
5527175357542,79.944851709,0.6103965,-0.31638354,-0.7866978
5527195407225,79.964901392,0.40586576,0.21092236,-0.5944176
5527215456908,79.984951075,0.18375812,0.6870956,-0.31478566
5527235506592,80.005000759,-0.05486112,0.8426242,-0.06711166
5527255556275,80.025050442,-0.19707392,0.6695187,0.14594123
5527275575440,80.045069607,-0.24873926,0.21198763,0.26897928
5527295625124,80.065119291,-0.29241508,-0.3291667,0.24341293
5527315674806,80.085168973,-0.37923414,-0.7781757,0.14807177
5527335724489,80.105218656,-0.37337518,-0.97738016,-0.03089267
5527355774172,80.125268339,-0.18748654,-0.80533993,-0.23169503
5527375823855,80.145318022,0.06551377,-0.41065946,-0.40533313
5527395873538,80.165367705,0.23808661,-0.029294772,-0.5390238
5527415892704,80.185386871,0.21092236,0.17949706,-0.6423545
5527435942387,80.205436554,0.026631612,0.21145499,-0.700944
5527455992070,80.225486237,-0.20772657,0.19441076,-0.6801714
5527476041752,80.245535919,-0.33182988,0.13901702,-0.5592638
5527496091435,80.265585602,-0.3110572,0.036751624,-0.33502567
5527516141119,80.285635286,-0.19973709,-0.10972224,-0.05912218
5527536160284,80.305654451,-0.10173275,-0.28815404,0.12463594
5527556209967,80.325704134,-0.070307456,-0.47830373,0.16990969
5527576259651,80.345753818,-0.0793622,-0.5795039,0.16138756
5527596309334,80.365803501,-0.111852765,-0.56885123,0.118776985
5527616359017,80.385853184,-0.098004326,-0.44315,0.105993815
5527636408700,80.405902867,-0.019707393,-0.21997711,0.1736381
5527656427866,80.425922033,0.05752428,-0.010120012,0.24341293
5527676477549,80.445971716,0.0628506,0.11824436,0.29880667
5527696527231,80.466021398,-0.0063915867,0.024501082,0.34887412
5527716576914,80.486071081,-0.20240025,-0.06231797,0.42077947
5527736626597,80.506120764,-0.54275227,0.06924219,0.5571333
5527756645763,80.52613993,-0.84848315,0.3153183,0.71106404
5527776695446,80.546189613,-0.9832391,0.49641323,0.813862
5527796806163,80.56630033,-1.0881677,0.62371236,0.7840346
5527815848785,80.585342952,-1.0764498,0.15606125,0.4261058
5527835898468,80.605392635,-0.8697884,-0.5368933,-0.10546118
5527855948151,80.625442318,-0.515588,-1.0855045,-0.54168695
5527875997833,80.645492,-0.091080114,-1.4492923,-0.80107886
5527896017000,80.665511167,0.31851408,-1.3438311,-0.8357
5527916066682,80.685560849,0.67484504,-0.90707266,-0.68656296
5527936116365,80.705610532,0.84848315,-0.27696875,-0.3930826
5527956166048,80.725660215,0.8032094,0.30945933,-0.14221281
5527976215731,80.745709898,0.62264705,0.6828345,-0.03195793
5527996234897,80.765729064,0.40213734,0.7882957,0.10066749
5528016284580,80.785778747,0.18056233,0.61678815,0.2082592
5528036334263,80.80582843,0.025033714,0.30466563,0.23169503
5528056353429,80.825847596,-0.019707393,-0.010652645,0.14221281
5528076403112,80.845897279,0.058056913,-0.25513083,-0.004261058
5528096452795,80.865946962,0.22903186,-0.42290998,-0.11345066
5528116502478,80.885996645,0.3254383,-0.41385525,-0.10546118
5528136521644,80.906015811,0.28708878,-0.30306774,-0.013848438
5528156571327,80.926065494,0.13528858,-0.16245283,0.026631612
5528176621009,80.946115176,-0.05486112,-0.00479369,0.010120012
5528196670692,80.966164859,-0.12942964,0.0958738,-5.326322E-4
5528216689859,80.986184026,-0.07243799,0.11345066,0.056459017
5528236739541,81.006233708,-0.004261058,0.21891184,0.14274544
5528256789224,81.026283391,0.007989483,0.44687843,0.21997711
5528276838907,81.046333074,-0.056991648,0.6247776,0.3334278
5528296888591,81.066382758,-0.24660872,0.5858955,0.551807
5528316907756,81.086401923,-0.40746364,0.3850931,0.6801714
5528336957439,81.106451606,-0.48149952,0.103863284,0.73769563
5528357007123,81.12650129,-0.5704491,-0.06178534,0.8479505
5528377056806,81.146550973,-0.6844324,-0.19867182,0.9155948
5528397106488,81.166600655,-0.76592517,-0.28549087,0.8431568
5528417125654,81.186619821,-0.72917354,-0.3584615,0.71319455
5528437175338,81.206669505,-0.56672066,-0.29294774,0.5629923
5528457225020,81.226719187,-0.2972088,-0.15499598,0.38402784
5528477244186,81.246738353,0.05912218,-0.03089267,0.2657835
5528497293869,81.266788036,0.40373522,0.23169503,0.294013
5528517343552,81.286837719,0.6631271,0.5251754,0.38136467
5528537393235,81.306887402,0.8314389,0.6679208,0.4809669
5528557412401,81.326906568,0.87831056,0.5837649,0.62584287
5528577462084,81.346956251,0.7946873,0.3882889,0.73769563
5528597511767,81.367005934,0.6743124,0.18748654,0.7440872
5528617561450,81.387055617,0.58056915,-0.05752428,0.7238472
5528637580616,81.407074783,0.5044027,-0.28815404,0.73609775
5528657630299,81.427124466,0.47351006,-0.46498793,0.721184
5528677679982,81.447174149,0.49960902,-0.5837649,0.63383234
5528697729665,81.467223832,0.5336975,-0.57364494,0.5363607
5528717779347,81.487273514,0.572047,-0.59228706,0.47137952
5528737829030,81.507323197,0.58909124,-0.62371236,0.41758367
5528757848196,81.527342363,0.54435015,-0.5965481,0.39041942
5528777897879,81.547392046,0.44900897,-0.57577544,0.34780884
5528797917046,81.567411213,0.35420042,-0.6034723,0.29827404
5528817966728,81.587460895,0.304133,-0.56672066,0.22530343
5528838016411,81.607510578,0.3190467,-0.40373522,0.14594123
5528858035577,81.627529744,0.3158509,-0.07829694,0.14434333
5528878085260,81.647579427,0.23116238,0.376571,0.25992453
5528898134943,81.66762911,0.13688648,0.67005134,0.3536678
5528918184626,81.687678793,0.10546118,0.8085357,0.33822146
5528938234309,81.707728476,0.24927188,0.69295454,0.28549087
5528958283992,81.727778159,0.51718587,0.120907515,0.21997711
5528978333675,81.747827842,0.56885123,-0.19228023,0.25672874
5528998352841,81.767847008,0.30786142,-0.010652645,0.3616573
5529018402523,81.78789669,-0.041545313,0.18056233,0.43303
5529038452207,81.807946374,-0.19547603,0.16245283,0.5028048
5529058501890,81.827996057,-0.07190535,-0.13262543,0.5219796
5529078521055,81.848015222,0.24873926,-0.47404268,0.376571
5529098570738,81.868064905,0.5400891,-0.64341974,0.20240025
5529118620422,81.888114589,0.60933125,-0.33768883,0.17789917
5529138670105,81.908164272,0.51665324,0.29294774,0.23861924
5529158719788,81.928213955,0.39627838,0.6956177,0.3669836
5529178769471,81.948263638,0.24607609,0.763262,0.6295713
5529198819153,81.96831332,0.0974717,0.73609775,0.91346425
5529218868836,81.988363003,-0.021837922,0.7121293,1.139833
5529238918519,82.008412686,-0.0958738,0.6562029,1.3102753
5529258968203,82.02846237,-0.19068234,0.51771855,1.4546186
5529279017886,82.048512053,-0.2759035,0.37923414,1.5547534
5529299067568,82.068561735,-0.3355583,0.32756883,1.5835156
5529319117251,82.088611418,-0.37444046,0.4213121,1.5441009
5529339166934,82.108661101,-0.37603834,0.5725796,1.4242586
5529359216617,82.128710784,-0.3584615,0.68336713,1.284709
5529379235783,82.14872995,-0.33289513,0.7643272,1.1851068
5529399285466,82.168779633,-0.23542345,0.86659265,1.164334
5529419335149,82.188829316,-0.0628506,0.968858,1.1728562
5529439384832,82.208878999,0.1470065,0.9310411,1.1222562
5529459434515,82.228928682,0.37071204,0.97258645,1.0205233
5529479484198,82.248978365,0.53103435,0.9166601,1.031176
5529499533881,82.269028048,0.5118596,0.9321064,1.1792477
5529519553046,82.289047213,0.33449304,0.9901633,1.3422332
5529539602730,82.309096897,0.17044231,0.87138635,1.371528
5529559652413,82.32914658,0.06657903,0.64395237,1.3049489
5529579702096,82.349196263,0.010652645,0.34461305,1.2197278
5529599751779,82.369245946,-0.017044231,0.39787626,1.1952267
5529619801462,82.389295629,-0.058056913,0.62104917,1.2330436
5529639851144,82.409345311,-0.14327806,0.809601,1.3635385
5529659900827,82.429394994,-0.31052458,0.96992326,1.4865766
5529679950511,82.449444678,-0.52837116,1.1510183,1.5222629
5529700000194,82.469494361,-0.6625945,1.2149341,1.5275892
5529720019359,82.489513526,-0.50387007,0.99069595,1.5030881
5529740069042,82.509563209,-0.10173275,0.53529537,1.3518206
5529760118726,82.529612893,0.2615224,0.24181503,1.222391
5529780168409,82.549662576,0.41278997,0.40213734,1.2841763
5529800218091,82.569712258,0.36325517,0.78083885,1.4508902
5529820267774,82.589761941,0.21571605,0.9555422,1.6053536
5529840317457,82.609811624,0.061252706,0.8655274,1.6559536
5529860367140,82.629861307,-0.01917476,0.65886605,1.6570189
5529880416823,82.64991099,-0.025033714,0.5305017,1.6751283
5529900466507,82.669960674,-0.02130529,0.49960902,1.6586168
5529920516189,82.690010356,-0.01438107,0.5123922,1.5733956
5529940565872,82.710060039,0.0053263223,0.5118596,1.468467
5529960615555,82.730109722,-0.010120012,0.4958806,1.3630059
5529980634721,82.750128888,-0.0974717,0.41438788,1.25861
5530000684404,82.770178571,-0.17896444,0.37230992,1.1813782
5530020795121,82.790289288,-0.19707392,0.32810146,1.1595404
5530040814286,82.810308453,-0.175236,0.29134983,1.103614
5530060863970,82.830358137,-0.13688648,0.21837921,0.9528791
5530080913653,82.85040782,-0.09374327,0.18002969,0.72917354
5530100963336,82.870457503,-0.029827405,0.11984225,0.5294364
5530121013019,82.890507186,-0.024501082,0.12996227,0.39148468
5530141062702,82.910556869,-0.13369069,0.2593919,0.2561961
5530161112384,82.930606551,-0.28442562,0.51984906,0.10173275
5530181162067,82.950656234,-0.28708878,0.62744075,-0.068176925
5530201211751,82.970705918,-0.13741912,0.2908172,-0.16298546
5530221261434,82.990755601,-0.006924219,-0.11132014,-0.20186761
5530241311117,83.010805284,-0.016511599,-0.3174488,-0.15765914
5530261360800,83.030854967,-0.16990969,-0.13475595,-0.11451593
5530281410482,83.050904649,-0.44315,0.48149952,-0.051665325
5530301460165,83.070954332,-0.5336975,0.6812366,-0.091080114
5530321509848,83.091004015,-0.28122982,0.30679616,-0.27643612
5530341559532,83.111053699,0.07829694,-0.28655612,-0.53316486
5530361609215,83.131103382,0.27537087,-0.48469532,-0.72491246
5530381628380,83.151122547,0.21092236,-0.22370553,-0.7728494
5530401678063,83.17117223,0.10759171,0.083090626,-0.6695187
5530421727747,83.191221914,0.08735169,0.17044231,-0.50813115
5530441777429,83.211271596,-0.0031957934,0.15073492,-0.40959418
5530461827112,83.231321279,-0.16245283,0.112918034,-0.3254383
5530481876795,83.251370962,-0.3153183,0.080960095,-0.22210763
5530501926478,83.271420645,-0.38083205,0.029827405,-0.19121496
5530521976161,83.291470328,-0.3520699,-0.07989483,-0.25353295
5530542025844,83.311520011,-0.2796319,-0.20080236,-0.32650355
5530562045010,83.331539177,-0.23755397,-0.21571605,-0.36591834
5530582094693,83.35158886,-0.24554345,-0.15765914,-0.42290998
5530602174893,83.37166906,-0.2647182,-0.09321064,-0.49321744
5530622224576,83.391718743,-0.23861924,-0.03834952,-0.5022722
5530642274259,83.411768426,-0.14487597,0.0127831735,-0.43888897
5530662323941,83.431818108,-0.032490566,0.033023197,-0.34993938
5530682373624,83.451867791,0.041545313,0.009054748,-0.2796319
5530702423307,83.471917474,0.06711166,0.02396845,-0.25086978
5530722472991,83.491967158,0.03888215,0.14647387,-0.23861924
5530742522674,83.512016841,-0.013315806,0.30360037,-0.23222765
5530762572357,83.532066524,-0.039947417,0.36804888,-0.21891184
5530782622039,83.552116206,-0.009054748,0.32756883,-0.12623383
5530802702240,83.572196407,-0.004261058,0.18109496,0.056991648
5530822751923,83.59224609,-0.18748654,0.294013,0.2130529
5530842801606,83.612295773,-0.5592638,0.48842376,0.4133226
5530862851288,83.632345455,-0.829841,0.3797668,0.48629323
5530882900971,83.652395138,-0.8266452,0.16884442,0.4495416
5530902950654,83.672444821,-0.58056915,0.034621093,0.25885928
5530923000337,83.692494504,-0.23382555,0.040480047,0.0127831735
5530943050021,83.712544188,0.15925704,0.047404267,-0.1768339
5530963099703,83.73259387,0.53103435,0.28442562,-0.18695392
5530983149386,83.752643553,0.41225734,0.14114754,0.022903185
5531003199069,83.772693236,0.17896444,0.041545313,0.35579833
5531023187718,83.792681885,0.12516858,-0.05006743,0.5486112
5531043237401,83.812731568,0.049534798,0.0037284256,0.65726817
5531063287083,83.83278125,-0.091080114,-0.020240024,0.6743124
5531083336767,83.852830934,-0.11611383,-0.17310548,0.46871635
5531103386450,83.872880617,0.16937704,-0.31372038,0.32330775
5531123436133,83.8929303,0.49215218,-0.37071204,0.25885928
5531143485816,83.912979983,0.55074173,-0.2609898,0.31638354
5531163535499,83.933029666,0.3334278,-0.18375812,0.3387541
5531183585181,83.953079348,0.1257012,-0.14966966,0.38615838
5531203634864,83.973129031,0.0037284256,-0.13901702,0.30945933
5531223715065,83.993209232,-0.06391586,-0.21571605,0.17789917
5531243764748,84.013258915,-0.24873926,-0.41225734,0.03568636
5531263814430,84.033308597,-0.39468047,-0.56938386,-0.056991648
5531283864113,84.05335828,-0.36485308,-0.531567,-0.06018744
5531303913797,84.073407964,-0.20879184,-0.5581986,-0.06018744
5531323963480,84.093457647,-0.056459017,-0.52411014,-0.11558119
5531344013163,84.11350733,0.00958738,-0.32810146,-0.22583607
5531364062845,84.133557012,0.027164243,-0.19121496,-0.32597092
5531384112528,84.153606695,0.055926383,-0.3153183,-0.4660532
5531404162211,84.173656378,0.165116,-0.5411543,-0.6801714
5531424211894,84.193706061,0.23595607,-0.27004454,-0.7552725
5531444261577,84.213755744,0.030360037,0.12996227,-0.5789712
5531464311261,84.233805428,-0.5182512,0.2828277,-0.2545982
5531484360943,84.25385511,-0.9736517,0.11611383,-0.07243799
5531504410626,84.273904793,-0.9555422,-0.14807177,-0.10333065
5531524460309,84.293954476,-0.5486112,-0.38083205,-0.2695119
5531544509992,84.314004159,-0.015978966,-0.17310548,-0.4612595
5531564559675,84.334053842,0.46552056,0.02609898,-0.588026
5531584609358,84.354103525,0.87777793,0.13156016,-0.63702816
5531604659041,84.374153208,1.1302456,0.04261058,-0.6221144
5531624708724,84.394202891,1.1361046,-0.52624065,-0.5486112
5531644758407,84.414252574,0.96299905,-0.20399815,-0.49215218
5531664808090,84.434302257,0.7456851,-0.051132694,-0.5203817
5531684857773,84.45435194,0.43036684,-0.31798145,-0.68336713
5531704907456,84.474401623,0.23755397,-0.18908444,-0.87564737
5531724957138,84.494451305,0.18429075,-0.28868666,-0.9709886
5531745006821,84.514500988,0.14487597,-0.46711847,-0.89375687
5531765056505,84.534550672,0.12144015,-0.58962387,-0.5134575
5531785106188,84.554600355,0.17257284,-0.43249738,-0.19813919
5531805216905,84.574711072,0.26525086,-0.29667616,-0.13741912
5531825266588,84.594760755,0.31851408,-0.029294772,-0.096939065
5531845316271,84.614810438,0.38775626,0.009054748,-0.14966966
5531865396471,84.634890638,0.41438788,0.1736381,-0.09161274
5531885446154,84.654940321,0.4628574,-0.0628506,-0.025566347
5531905495837,84.674990004,0.48682585,-0.017576864,-0.03781689
5531925545519,84.695039686,0.6428871,0.21784659,-0.072970614
5531945595202,84.715089369,0.79628515,0.45060685,-0.080960095
5531965614368,84.735108535,0.7568704,0.5853628,-0.12783173
5531985664051,84.755158218,0.58909124,1.0141318,0.024501082
5532005713734,84.775207901,0.41172472,1.1606057,0.21997711
5532025824451,84.795318618,0.18429075,0.7499462,0.3009372
5532045874134,84.815368301,-0.13901702,0.087884314,0.3254383
5532065923817,84.835417984,-0.42770368,-0.3435478,0.4282363
5532085973501,84.855467668,-0.35579833,-0.5406217,0.49321744
5532106023183,84.87551735,0.04527374,-0.29454562,0.3653857
5532126072866,84.895567033,0.41758367,0.4362258,0.28549087
5532146122549,84.915616716,0.5406217,0.92305166,0.17789917
5532166172232,84.935666399,0.34621096,0.89535475,0.13102753
5532186221915,84.955716082,0.024501082,0.64821345,0.21944448
5532206271598,84.975765765,-0.28815404,0.38722363,0.4063984
5532226321280,84.995815447,-0.47404268,0.17789917,0.5336975
5532246370964,85.015865131,-0.50387007,0.02130529,0.5139901
5532266420647,85.035914814,-0.4000068,-0.13422333,0.4745753
5532286470330,85.055964497,-0.3073288,-0.2828277,0.46871635
5532306520013,85.07601418,-0.2727077,-0.340352,0.4282363
5532326569696,85.096063863,-0.35260254,-0.2775014,0.39574575
5532346619378,85.116113545,-0.48842376,-0.24501082,0.29880667
5532366669061,85.136163228,-0.63383234,-0.21731395,0.24767399
5532386718745,85.156212912,-0.7281082,-0.19441076,0.21624869
5532406798944,85.176293111,-0.69029135,-0.16405073,0.18961707
5532426848627,85.196342794,-0.51026165,-0.15286545,0.19547603
5532446898310,85.216392477,-0.33502567,-0.14647387,0.18109496
5532466947994,85.236442161,-0.27803403,-0.035153728,0.090014845
5532486997677,85.256491844,-0.23702134,0.08522116,-0.06551377
5532507047360,85.276541527,-0.087884314,0.06391586,-0.16618125
5532527097042,85.296591209,0.035153728,-0.020772656,-0.21837921
5532547146725,85.316640892,0.22743396,-0.17896444,-0.31638354
5532567196408,85.336690575,0.33768883,0.00958738,-0.3584615
5532587246091,85.356740258,0.10066749,0.15925704,-0.3536678
5532607295774,85.376789941,-0.12996227,-0.053795855,-0.46019423
5532627345458,85.396839625,-0.0479369,-0.35100463,-0.5502091
5532647364623,85.41685879,0.14114754,-0.5368933,-0.5049353
5532667414306,85.436908473,0.38456047,-0.52837116,-0.42397526
5532687463989,85.456958156,0.5704491,-0.50173956,-0.53795856
5532707513672,85.477007839,0.52357745,-0.16990969,-0.5965481
5532727563355,85.497057522,0.4841627,0.41172472,-0.5273059
5532747613038,85.517107205,0.5219796,0.7163904,-0.4426174
5532767662721,85.537156888,0.38722363,0.6428871,-0.304133
5532787773438,85.557267605,0.017576864,0.32277513,-0.16458336
5532807823121,85.577317288,-0.2743056,-0.04580637,-0.18801917
5532827872803,85.59736697,-0.47830373,-0.3371562,-0.1486044
5532847922487,85.617416654,-0.5944176,-0.34408042,-0.14434333
5532867972170,85.637466337,-0.5273059,-0.16085494,-0.19281286
5532888021853,85.65751602,-0.38456047,0.12463594,-0.15393071
5532908071536,85.677565703,-0.15499598,0.13582122,-0.091080114
5532928121219,85.697615386,0.006924219,0.14913702,-0.120907515
5532948170901,85.717665068,0.15659387,0.25300032,-0.17470337
5532968190068,85.737684235,0.2593919,0.26684874,-0.087884314
5532988239750,85.757733917,0.009054748,0.1949434,0.006924219
5533008289433,85.7777836,-0.10652645,0.07669904,-0.011717909
5533028339116,85.797833283,0.013848438,-0.04314321,0.049534798
5533048419317,85.817913484,0.08575379,0.048469532,0.118776985
5533068468999,85.837963166,0.06870956,0.18801917,0.20879184
5533088518682,85.858012849,-0.039947417,0.23116238,0.2615224
5533108568365,85.878062532,-0.09534117,0.28549087,0.330232
5533128587531,85.898081698,-0.036751624,0.35420042,0.40373522
5533148637214,85.918131381,-0.019707393,0.74089146,0.5475459
5533168717414,85.938211581,-0.1438107,0.5811018,0.6103965
5533188767097,85.958261264,-0.27856666,0.21731395,0.57151437
5533208816780,85.978310947,-0.25033715,0.1107875,0.51665324
5533228866463,85.99836063,-0.066046394,0.20080236,0.5225122
5533248916146,86.018410313,0.113983296,0.12836437,0.5587312
5533268965829,86.038459996,0.23009712,0.4362258,0.44581318
5533289015512,86.058509679,0.4644553,0.5832323,0.37230992
5533309065195,86.078559362,0.64395237,0.43675843,0.3174488
5533329084361,86.098578528,0.5997439,0.33822146,0.27324033
5533349134043,86.11862821,0.47723848,0.43675843,0.25513083
5533369183727,86.138677894,0.31851408,0.47137952,0.29614353
5533389263927,86.158758094,0.20559604,0.43089947,0.40266997
5533409283093,86.17877726,0.15765914,0.3435478,0.509729
5533429332776,86.198826943,0.19387813,0.38615838,0.53529537
5533449382458,86.218876625,0.25193503,0.36112466,0.4889564
5533469462659,86.238956826,0.2860235,0.29028457,0.41758367
5533489481824,86.258975991,0.23329292,0.2711098,0.35153726
5533509531508,86.279025675,0.082558,0.19068234,0.29880667
5533529581191,86.299075358,-0.054328486,0.5608617,0.23595607
5533549630874,86.319125041,-0.3818973,0.2876214,0.12623383
5533569680556,86.339174723,-0.8127968,-0.4660532,0.20133498
5533589699723,86.35919389,-0.86233157,-0.62317973,0.25353295
5533609749406,86.379243573,-0.53955644,-0.49375007,0.17204021
