time,seconds_elapsed,x,y,z
5447251317145,0.020811312,52.246094,-68.55469,-261.71875
5447271397345,0.040891512,51.953125,-67.77344,-261.42578
5447291447027,0.060941194,51.757812,-66.69922,-262.5
5447311527228,0.081021395,51.85547,-67.67578,-261.03516
5447331576911,0.101071078,51.953125,-68.359375,-262.89062
5447351596077,0.121090244,51.757812,-68.06641,-262.10938
5447371645760,0.141139927,51.757812,-69.62891,-261.91406
5447391756477,0.161250644,51.953125,-69.82422,-263.76953
5447411806159,0.181300326,52.34375,-68.65234,-262.20703
5447431825326,0.201319493,51.757812,-70.80078,-261.52344
5447451875009,0.221369176,51.171875,-68.75,-261.71875
5447471924691,0.241418858,51.5625,-70.80078,-261.71875
5447491943858,0.261438025,51.953125,-69.921875,-261.23047
5447511993540,0.281487707,51.5625,-71.09375,-260.54688
5447532043223,0.30153739,51.660156,-70.50781,-261.03516
5447552062390,0.321556557,50.78125,-70.01953,-259.66797
5447572112072,0.341606239,50.683594,-69.72656,-259.96094
5447592131238,0.361625405,50.48828,-70.703125,-260.64453
5447612180921,0.381675088,50.585938,-71.09375,-261.1328
5447632200087,0.401694254,50.78125,-70.80078,-261.32812
5447652249770,0.421743937,50.48828,-69.82422,-260.64453
5447672299453,0.44179362,50.683594,-70.60547,-260.64453
5447692318619,0.461812786,50.78125,-70.50781,-260.83984
5447712368301,0.481862468,49.902344,-69.04297,-258.59375
5447732417985,0.501912152,51.26953,-71.28906,-261.03516
5447752437150,0.521931317,50.390625,-69.140625,-261.8164
5447772486833,0.541981,51.171875,-70.703125,-261.03516
5447792536516,0.562030683,51.26953,-70.01953,-260.7422
5447812586200,0.582080367,50.78125,-70.60547,-260.15625
5447832635883,0.60213005,50.48828,-67.38281,-261.03516
5447852685566,0.622179733,51.171875,-70.703125,-260.9375
5447872704732,0.642198899,50.683594,-66.30859,-260.54688
5447892754415,0.662248582,50.585938,-66.796875,-259.86328
5447912804098,0.682298265,50.29297,-67.578125,-260.9375
5447932823264,0.702317431,50.585938,-66.60156,-259.86328
5447952872947,0.722367114,50.195312,-67.87109,-261.71875
5447972922629,0.742416796,50.585938,-67.67578,-260.35156
5447992972312,0.762466479,50.390625,-68.65234,-260.35156
5448012991479,0.782485646,50.29297,-67.96875,-260.44922
5448033041161,0.802535328,50.878906,-68.94531,-260.83984
5448053090844,0.822585011,50.390625,-68.75,-261.42578
5448073140527,0.842634694,51.757812,-70.3125,-263.08594
5448093190210,0.862684377,51.660156,-69.72656,-261.8164
5448113239893,0.88273406,52.05078,-70.703125,-262.20703
5448133289575,0.902783742,51.5625,-70.60547,-262.20703
5448153339259,0.922833426,51.953125,-70.60547,-262.40234
5448173358425,0.942852592,51.171875,-69.72656,-262.59766
5448193408107,0.962902274,52.05078,-70.50781,-263.3789
5448213457791,0.982951958,51.85547,-71.38672,-262.10938
5448233507474,1.003001641,52.05078,-69.921875,-261.71875
5448253557157,1.023051324,51.367188,-70.80078,-261.91406
5448273576322,1.043070489,51.953125,-68.75,-262.89062
5448293626006,1.063120173,52.05078,-69.921875,-263.08594
5448313706205,1.083200372,51.26953,-68.26172,-260.7422
5448333725372,1.103219539,52.63672,-71.58203,-262.79297
5448353775054,1.123269221,51.5625,-70.60547,-262.98828
5448373824737,1.143318904,52.63672,-73.33984,-262.6953
5448393874420,1.163368587,52.148438,-72.36328,-262.98828
5448413893586,1.183387753,52.539062,-72.75391,-262.20703
5448433943269,1.203437436,51.953125,-72.75391,-262.98828
5448453992952,1.223487119,52.539062,-71.875,-262.98828
5448474012118,1.243506285,52.441406,-70.41016,-262.89062
5448494061801,1.263555968,52.246094,-69.43359,-262.5
5448514111484,1.283605651,52.05078,-70.89844,-261.52344
5448534161167,1.303655334,52.34375,-71.28906,-261.8164
5448554210850,1.323705017,51.953125,-71.58203,-262.01172
5448574230016,1.343724183,52.63672,-70.80078,-262.3047
5448594279699,1.363773866,52.539062,-71.19141,-262.5
5448614329381,1.383823548,52.441406,-70.11719,-262.79297
5448634379065,1.403873232,52.34375,-71.38672,-261.8164
5448654398231,1.423892398,52.246094,-71.875,-263.1836
5448674447913,1.44394208,52.148438,-72.36328,-263.1836
5448694497597,1.463991764,52.441406,-71.97266,-262.59766
5448714547280,1.484041447,51.367188,-70.703125,-261.03516
5448734566445,1.504060612,52.441406,-71.28906,-262.89062
5448754616129,1.524110296,52.441406,-72.16797,-262.89062
5448774665812,1.544159979,52.34375,-70.80078,-262.6953
5448794684977,1.564179144,52.246094,-70.60547,-262.5
5448814734660,1.584228827,51.953125,-69.53125,-262.5
5448834784344,1.604278511,51.85547,-71.09375,-262.10938
5448854803509,1.624297676,52.441406,-70.41016,-262.59766
5448874853192,1.644347359,52.441406,-71.58203,-263.08594
5448894902876,1.664397043,52.63672,-71.67969,-261.8164
5448914952559,1.684446726,52.34375,-71.77734,-262.3047
5448935002241,1.704496408,52.148438,-70.50781,-263.47656
5448955021408,1.724515575,52.246094,-71.58203,-262.01172
5448975071090,1.744565257,52.83203,-73.24219,-262.79297
5448995120773,1.76461494,52.539062,-73.92578,-263.08594
5449015139939,1.784634106,52.63672,-73.73047,-262.59766
5449035189622,1.804683789,52.05078,-72.36328,-261.52344
5449055239305,1.824733472,52.539062,-73.92578,-262.20703
5449075258470,1.844752637,52.441406,-72.46094,-262.5
5449095308154,1.864802321,52.539062,-72.07031,-261.91406
5449115357837,1.884852004,51.953125,-71.58203,-261.8164
5449135377002,1.904871169,52.246094,-71.67969,-263.76953
5449155426686,1.924920853,52.441406,-73.4375,-262.89062
5449175476369,1.944970536,52.539062,-73.24219,-262.3047
5449195526052,1.965020219,52.63672,-73.828125,-263.1836
5449215545217,1.985039384,52.441406,-73.53516,-262.5
5449235594901,2.005089068,52.34375,-73.828125,-262.79297
5449255644584,2.025138751,51.464844,-73.046875,-261.6211
5449275663749,2.045157916,50.78125,-72.75391,-260.83984
5449295713433,2.0652076,52.83203,-73.53516,-263.3789
5449315732598,2.085226765,52.734375,-73.63281,-262.98828
5449335782281,2.105276448,51.464844,-72.55859,-261.42578
5449355831965,2.125326132,52.83203,-73.33984,-262.79297
5449375851130,2.145345297,52.734375,-73.33984,-262.79297
5449395900813,2.16539498,52.63672,-73.92578,-262.79297
5449415950497,2.185444664,52.539062,-73.53516,-262.79297
5449435969662,2.205463829,52.539062,-73.73047,-262.6953
5449456019345,2.225513512,52.63672,-73.828125,-262.79297
5449476038511,2.245532678,52.83203,-73.33984,-262.59766
5449496088194,2.265582361,52.539062,-73.92578,-262.98828
5449516137877,2.285632044,52.539062,-73.92578,-262.6953
5449536157043,2.30565121,52.83203,-73.73047,-262.98828
5449556206726,2.325700893,52.441406,-73.73047,-263.3789
5449576256409,2.345750576,52.734375,-74.02344,-262.6953
5449596306091,2.365800258,52.539062,-73.63281,-263.3789
5449616325258,2.385819425,52.63672,-73.4375,-262.6953
5449636374940,2.405869107,52.929688,-74.02344,-262.98828
5449656424623,2.42591879,52.539062,-73.63281,-262.79297
5449676474306,2.445968473,50.976562,-72.65625,-261.42578
5449696493472,2.465987639,52.63672,-73.33984,-262.5
5449716543155,2.486037322,53.027344,-74.02344,-262.59766
5449736592838,2.506087005,52.63672,-73.4375,-262.5
5449756642522,2.526136689,52.83203,-74.02344,-262.6953
5449776692205,2.546186372,52.63672,-73.33984,-263.1836
5449796741888,2.566236055,52.441406,-73.33984,-262.98828
5449816791570,2.586285737,52.539062,-73.53516,-263.08594
5449836810737,2.606304904,52.734375,-73.24219,-262.40234
5449856860419,2.626354586,52.246094,-72.75391,-262.5
5449876910102,2.646404269,52.734375,-73.14453,-263.1836
5449896959785,2.666453952,52.734375,-72.75391,-262.79297
5449917009468,2.686503635,52.34375,-70.11719,-262.98828
5449937059151,2.706553318,53.222656,-73.33984,-262.59766
5449957108834,2.726603001,52.63672,-73.14453,-262.79297
5449977158517,2.746652684,52.441406,-74.02344,-262.98828
5449997208200,2.766702367,50.976562,-72.16797,-261.23047
5450017257883,2.78675205,52.734375,-73.33984,-262.3047
5450037307566,2.806801733,52.539062,-73.53516,-263.1836
5450057357249,2.826851416,53.027344,-73.046875,-262.5
5450077406932,2.846901099,52.539062,-73.046875,-262.6953
5450097456614,2.866950781,52.734375,-73.33984,-263.08594
5450117506298,2.887000465,52.539062,-73.92578,-262.6953
5450137555981,2.907050148,53.125,-73.92578,-262.79297
5450157605664,2.927099831,52.929688,-73.63281,-262.89062
5450177655347,2.947149514,52.539062,-73.92578,-263.28125
5450197705029,2.967199196,53.027344,-73.92578,-263.1836
5450217754712,2.987248879,52.929688,-73.4375,-263.28125
5450237804395,3.007298562,52.539062,-73.92578,-262.98828
5450257854079,3.027348246,51.85547,-72.94922,-261.8164
5450277903762,3.047397929,52.539062,-73.828125,-262.5
5450297953445,3.067447612,52.929688,-73.73047,-262.10938
5450318003127,3.087497294,52.246094,-72.07031,-263.28125
5450338022294,3.107516461,52.63672,-73.63281,-262.79297
5450358071977,3.127566144,53.125,-73.63281,-263.47656
5450378121659,3.147615826,52.734375,-73.53516,-263.08594
5450398171342,3.167665509,52.34375,-73.4375,-262.98828
5450418221025,3.187715192,52.441406,-73.53516,-262.98828
5450438270708,3.207764875,52.63672,-73.92578,-262.79297
5450458320391,3.227814558,52.539062,-73.63281,-262.6953
5450478370075,3.247864242,52.441406,-73.92578,-262.98828
5450498419757,3.267913924,52.63672,-73.828125,-262.98828
5450518469440,3.287963607,52.539062,-73.92578,-263.1836
5450538519123,3.30801329,52.63672,-73.828125,-262.59766
5450558568806,3.328062973,52.734375,-73.828125,-263.08594
5450578618489,3.348112656,53.125,-73.63281,-262.98828
5450598668171,3.368162338,52.539062,-73.53516,-262.98828
5450618717854,3.388212021,52.441406,-73.92578,-263.08594
5450638767538,3.408261705,51.171875,-72.65625,-261.32812
5450658817221,3.428311388,52.34375,-74.02344,-262.40234
5450678866904,3.448361071,52.539062,-73.33984,-262.89062
5450698916587,3.468410754,53.125,-73.53516,-263.57422
5450718966269,3.488460436,52.441406,-73.4375,-262.6953
5450739015952,3.508510119,53.027344,-73.14453,-262.89062
5450759065635,3.528559802,52.83203,-73.92578,-262.40234
5450779115319,3.548609486,52.734375,-73.53516,-262.59766
5450799165002,3.568659169,52.929688,-73.53516,-263.28125
5450819214685,3.588708852,52.83203,-73.73047,-262.98828
5450839233851,3.608728018,52.441406,-73.63281,-262.59766
5450859283534,3.628777701,52.734375,-73.73047,-262.98828
5450879333216,3.648827383,52.63672,-73.53516,-263.1836
5450899382899,3.668877066,52.34375,-73.33984,-263.08594
5450919432582,3.688926749,52.83203,-73.92578,-262.98828
5450939482265,3.708976432,52.539062,-73.63281,-263.08594
5450959531948,3.729026115,52.148438,-73.53516,-262.5
5450979551114,3.749045281,52.441406,-73.63281,-262.5
5450999600797,3.769094964,52.929688,-73.73047,-262.40234
5451019650480,3.789144647,52.929688,-73.53516,-263.28125
5451039700163,3.80919433,53.320312,-73.73047,-262.40234
5451059749846,3.829244013,52.929688,-73.4375,-263.28125
5451079799529,3.849293696,52.83203,-73.828125,-263.08594
5451099849212,3.869343379,52.734375,-73.53516,-262.89062
5451119898895,3.889393062,52.539062,-73.92578,-263.1836
5451139948578,3.909442745,52.441406,-73.63281,-262.10938
5451159998261,3.929492428,52.34375,-73.046875,-262.89062
5451180047943,3.94954211,53.027344,-73.53516,-262.89062
5451200097626,3.969591793,52.63672,-73.33984,-262.79297
5451220147310,3.989641477,53.027344,-73.73047,-262.01172
5451240196993,4.00969116,52.63672,-73.4375,-263.08594
5451260246676,4.029740843,51.07422,-72.75391,-260.9375
5451280296358,4.049790525,51.757812,-72.85156,-261.8164
5451300346041,4.069840208,52.34375,-73.63281,-263.57422
5451320395724,4.089889891,52.246094,-73.4375,-262.40234
5451340536959,4.110031126,52.148438,-72.36328,-262.20703
5451360586642,4.130080809,52.734375,-73.24219,-262.6953
5451380636324,4.150130491,52.34375,-73.73047,-262.40234
5451400655491,4.170149658,52.63672,-73.53516,-262.5
5451420705173,4.19019934,52.246094,-73.53516,-262.3047
5451440754856,4.210249023,52.63672,-73.828125,-262.89062
5451460804539,4.230298706,52.441406,-73.14453,-262.5
5451480854222,4.250348389,52.929688,-73.73047,-262.89062
5451500903905,4.270398072,51.757812,-72.85156,-262.01172
5451520953589,4.290447756,52.539062,-73.92578,-262.79297
5451541003271,4.310497438,51.953125,-73.046875,-262.20703
5451561052954,4.330547121,52.34375,-73.828125,-263.3789
5451581102637,4.350596804,51.757812,-73.63281,-261.71875
5451601152320,4.370646487,52.83203,-73.73047,-262.98828
5451621202003,4.39069617,52.539062,-73.828125,-262.79297
5451641251686,4.410745853,52.539062,-73.14453,-262.89062
5451661301368,4.430795535,52.734375,-73.73047,-262.59766
5451681351052,4.450845219,52.441406,-73.4375,-262.79297
5451701400735,4.470894902,52.539062,-73.53516,-262.98828
5451721419900,4.490914067,52.63672,-73.63281,-263.28125
5451741500101,4.510994268,52.441406,-73.4375,-263.28125
5451761549784,4.531043951,52.929688,-74.02344,-262.98828
5451781599466,4.551093633,52.246094,-73.53516,-262.89062
5451801649149,4.571143316,53.027344,-73.53516,-262.6953
5451821698833,4.591193,52.929688,-73.33984,-262.10938
5451841748516,4.611242683,53.027344,-73.33984,-262.79297
5451861798199,4.631292366,52.734375,-73.73047,-262.89062
5451881847881,4.651342048,52.734375,-73.4375,-263.1836
5451901897564,4.671391731,51.5625,-72.36328,-261.91406
5451921947247,4.691441414,51.757812,-73.24219,-262.3047
5451942027448,4.711521615,51.953125,-73.14453,-262.59766
5451962046613,4.73154078,52.83203,-73.33984,-262.59766
5451982126813,4.75162098,52.441406,-73.63281,-262.89062
5452002145979,4.771640146,53.027344,-74.02344,-262.79297
5452022195662,4.791689829,52.441406,-73.14453,-263.08594
5452042245345,4.811739512,52.83203,-73.92578,-262.98828
5452062325546,4.831819713,52.63672,-73.53516,-263.08594
5452082375228,4.851869395,52.441406,-73.4375,-262.59766
5452102424911,4.871919078,52.63672,-73.828125,-262.98828
5452122474594,4.891968761,52.246094,-73.92578,-262.89062
5452142524277,4.912018444,52.441406,-73.4375,-262.6953
5452162573960,4.932068127,52.83203,-73.33984,-263.1836
5452182623642,4.952117809,52.441406,-73.4375,-262.79297
5452202673326,4.972167493,52.63672,-73.92578,-262.59766
5452222723009,4.992217176,51.85547,-73.24219,-262.10938
5452242772692,5.012266859,51.07422,-72.85156,-260.9375
5452262822375,5.032316542,52.34375,-73.33984,-262.20703
5452282872058,5.052366225,53.320312,-73.828125,-262.79297
5452302921740,5.072415907,52.734375,-73.4375,-262.89062
5452322971423,5.09246559,53.027344,-73.73047,-263.1836
5452343021106,5.112515273,52.734375,-73.92578,-262.59766
5452363070790,5.132564957,52.539062,-73.73047,-262.6953
5452383120473,5.15261464,52.83203,-73.33984,-262.40234
5452403170156,5.172664323,52.63672,-73.63281,-262.6953
5452423219838,5.192714005,52.929688,-73.92578,-262.5
5452443269521,5.212763688,52.539062,-73.828125,-263.1836
5452463319204,5.232813371,52.83203,-73.33984,-262.6953
5452483368887,5.252863054,52.34375,-73.73047,-262.5
5452503418571,5.272912738,52.929688,-73.53516,-263.08594
5452523468254,5.292962421,52.83203,-73.828125,-262.5
5452543548453,5.31304262,52.05078,-73.046875,-262.5
5452563598136,5.333092303,51.07422,-73.33984,-260.83984
5452583647820,5.353141987,52.734375,-73.828125,-262.59766
5452603697502,5.373191669,52.63672,-73.828125,-262.40234
5452623747185,5.393241352,52.734375,-73.73047,-262.5
5452643796868,5.413291035,52.63672,-73.73047,-262.79297
5452663846551,5.433340718,52.929688,-73.73047,-262.59766
5452683896234,5.453390401,52.83203,-73.33984,-263.08594
5452703945917,5.473440084,52.63672,-73.828125,-262.40234
5452724026117,5.493520284,52.539062,-73.73047,-263.28125
5452744075800,5.513569967,52.539062,-73.63281,-263.1836
5452764125483,5.53361965,52.539062,-73.53516,-262.79297
5452784175165,5.553669332,52.34375,-73.63281,-262.59766
5452804224848,5.573719015,52.441406,-73.046875,-262.5
5452824305049,5.593799216,52.539062,-74.02344,-263.1836
5452844354732,5.613848899,52.63672,-74.02344,-262.40234
5452864404414,5.633898581,51.85547,-73.24219,-262.20703
5452884454097,5.653948264,50.976562,-73.24219,-261.42578
5452904503781,5.673997948,52.34375,-73.73047,-262.59766
5452924553464,5.694047631,52.63672,-73.92578,-262.6953
5452944603147,5.714097314,52.63672,-74.02344,-262.6953
5452964683346,5.734177513,52.929688,-73.73047,-263.57422
5452984733030,5.754227197,52.63672,-73.92578,-262.89062
5453004782713,5.77427688,52.441406,-73.92578,-263.1836
5453024832396,5.794326563,52.34375,-72.65625,-262.6953
5453044882078,5.814376245,52.734375,-73.33984,-262.59766
5453064931761,5.834425928,52.63672,-73.828125,-262.89062
5453084981444,5.854475611,52.734375,-73.53516,-262.6953
5453105031127,5.874525294,52.246094,-73.33984,-262.79297
5453125111327,5.894605494,52.539062,-73.53516,-262.89062
5453145161010,5.914655177,52.539062,-72.75391,-262.3047
5453165210693,5.93470486,52.539062,-71.67969,-263.47656
5453185260376,5.954754543,51.660156,-73.046875,-262.3047
5453205310059,5.974804226,50.78125,-70.41016,-261.52344
5453225390259,5.994884426,52.441406,-73.14453,-262.6953
5453245439942,6.014934109,52.83203,-73.33984,-262.5
5453265520142,6.035014309,52.441406,-72.36328,-262.79297
5453285569825,6.055063992,52.539062,-72.65625,-262.5
5453305619508,6.075113675,52.83203,-72.85156,-262.59766
5453325699708,6.095193875,52.63672,-73.53516,-262.98828
5453345749391,6.115243558,52.734375,-72.46094,-262.3047
5453365860108,6.135354275,52.246094,-72.16797,-262.79297
5453385909791,6.155403958,52.441406,-73.33984,-262.79297
5453405959474,6.175453641,52.34375,-72.46094,-262.01172
5453426039674,6.195533841,52.34375,-72.16797,-262.59766
5453446089357,6.215583524,52.83203,-72.46094,-262.20703
5453466169556,6.235663723,53.222656,-73.14453,-263.08594
5453486219239,6.255713406,52.539062,-73.33984,-262.40234
5453506268923,6.27576309,52.05078,-71.38672,-261.42578
5453526318606,6.295812773,52.148438,-72.75391,-261.42578
5453546398805,6.315892972,51.660156,-72.55859,-261.8164
5453566448488,6.335942655,52.539062,-72.07031,-262.10938
5453586498172,6.355992339,52.246094,-72.65625,-262.5
5453606547855,6.376042022,52.34375,-72.94922,-262.3047
5453626597538,6.396091705,52.34375,-72.94922,-262.20703
5453646677737,6.416171904,52.148438,-72.65625,-262.79297
5453666727421,6.436221588,52.34375,-72.46094,-262.3047
5453686777104,6.456271271,52.734375,-72.94922,-262.6953
5453706826787,6.476320954,52.246094,-72.75391,-262.59766
5453726876469,6.496370636,52.63672,-73.53516,-262.89062
5453746956670,6.516450837,52.441406,-72.94922,-262.89062
5453767006353,6.53650052,52.734375,-73.046875,-263.47656
5453787056035,6.556550202,52.441406,-72.55859,-262.5
5453807105718,6.576599885,52.34375,-73.53516,-262.98828
5453827155401,6.596649568,51.757812,-73.14453,-262.01172
5453847205084,6.616699251,51.953125,-72.94922,-261.8164
5453867254767,6.636748934,52.734375,-72.94922,-262.6953
5453887304451,6.656798618,52.539062,-73.53516,-263.08594
5453907384650,6.676878817,52.63672,-72.85156,-262.20703
5453927434333,6.6969285,52.441406,-72.55859,-262.5
5453947484016,6.716978183,52.246094,-73.14453,-262.5
5453967533698,6.737027865,52.441406,-73.14453,-262.20703
5453987613899,6.757108066,52.83203,-73.14453,-262.40234
5454007663582,6.777157749,52.148438,-72.55859,-262.5
5454027713264,6.797207431,52.63672,-73.4375,-262.20703
5454047762947,6.817257114,52.734375,-73.046875,-262.10938
5454067812631,6.837306798,52.539062,-73.046875,-262.01172
5454087862314,6.857356481,52.34375,-72.94922,-262.20703
5454107911997,6.877406164,52.34375,-73.33984,-262.89062
5454127992196,6.897486363,52.63672,-73.92578,-262.40234
5454148041880,6.917536047,51.757812,-71.97266,-261.42578
5454168091563,6.93758573,52.34375,-72.85156,-261.71875
5454188141246,6.957635413,52.539062,-73.53516,-262.6953
5454208190929,6.977685096,52.246094,-72.07031,-262.20703
5454228271129,6.997765296,52.441406,-72.85156,-262.3047
5454248320812,7.017814979,52.63672,-72.94922,-262.5
5454268370495,7.037864662,52.441406,-73.53516,-263.28125
5454288420177,7.057914344,53.027344,-72.75391,-262.89062
5454308469860,7.077964027,52.148438,-71.77734,-262.59766
5454328519543,7.09801371,52.34375,-73.14453,-262.6953
5454348599743,7.11809391,52.63672,-72.75391,-262.40234
5454368618910,7.138113077,52.441406,-72.94922,-262.59766
5454388668593,7.15816276,52.441406,-73.4375,-262.5
5454408718275,7.178212442,52.441406,-73.046875,-262.59766
5454428767958,7.198262125,52.734375,-73.63281,-262.01172
5454448817641,7.218311808,52.246094,-72.75391,-262.40234
5454468867324,7.238361491,51.660156,-72.85156,-262.3047
5454488917007,7.258411174,52.539062,-73.63281,-262.6953
5454508966690,7.278460857,52.539062,-72.65625,-262.5
5454529046890,7.298541057,52.63672,-73.53516,-262.20703
5454549096573,7.31859074,52.539062,-73.4375,-262.20703
5454569146256,7.338640423,52.83203,-73.53516,-262.5
5454589195938,7.358690105,52.441406,-73.63281,-263.28125
5454609245622,7.378739789,52.734375,-72.85156,-262.98828
5454629295305,7.398789472,52.63672,-73.73047,-263.08594
5454649375504,7.418869671,52.539062,-73.73047,-262.89062
5454669425187,7.438919354,52.148438,-73.046875,-262.79297
5454689474871,7.458969038,52.441406,-73.53516,-262.3047
5454709555071,7.479049238,52.734375,-73.63281,-262.79297
5454729604753,7.49909892,52.539062,-74.02344,-263.08594
5454749654436,7.519148603,52.734375,-72.46094,-263.28125
5454769704120,7.539198287,52.734375,-73.24219,-262.79297
5454789753803,7.55924797,52.148438,-73.33984,-261.32812
5454809803486,7.579297653,52.539062,-73.53516,-262.6953
5454829853169,7.599347336,52.734375,-73.63281,-262.98828
5454849902851,7.619397018,52.34375,-73.14453,-262.59766
5454869952534,7.639446701,52.83203,-73.63281,-262.59766
5454890002217,7.659496384,52.148438,-73.828125,-262.79297
5454910051900,7.679546067,52.63672,-73.24219,-262.01172
5454930101584,7.699595751,52.734375,-71.58203,-261.52344
5454950151266,7.719645433,52.246094,-72.85156,-262.89062
5454970200949,7.739695116,52.734375,-73.4375,-262.3047
5454990250632,7.759744799,52.34375,-73.14453,-263.1836
5455010300315,7.779794482,52.539062,-72.65625,-262.3047
5455030380515,7.799874682,52.441406,-73.53516,-262.40234
5455050430198,7.819924365,52.539062,-73.14453,-262.5
5455070479881,7.839974048,52.734375,-72.55859,-263.28125
5455090529564,7.860023731,52.441406,-73.33984,-263.08594
5455110579247,7.880073414,52.148438,-72.36328,-262.20703
5455130659447,7.900153614,52.148438,-73.046875,-261.71875
5455150709130,7.920203297,51.464844,-72.55859,-261.32812
5455170758813,7.94025298,52.63672,-73.4375,-262.5
5455190808496,7.960302663,50.976562,-72.75391,-261.52344
5455210858178,7.980352345,52.148438,-73.24219,-262.3047
5455230907862,8.000402029,51.757812,-72.85156,-262.5
5455250988062,8.020482229,51.757812,-73.046875,-261.8164
5455271037744,8.040531911,51.660156,-73.24219,-261.32812
5455291087427,8.060581594,51.85547,-73.14453,-261.91406
5455311137110,8.080631277,52.734375,-74.12109,-263.08594
5455331186794,8.100680961,52.441406,-73.24219,-262.98828
5455351236477,8.120730644,51.367188,-72.94922,-261.1328
5455371286160,8.140780327,52.539062,-73.046875,-263.47656
5455391335842,8.160830009,53.027344,-73.4375,-262.6953
5455411355009,8.180849176,52.929688,-73.63281,-263.08594
5455431435208,8.200929375,52.539062,-73.63281,-262.89062
5455451484891,8.220979058,52.34375,-73.33984,-262.6953
5455471534575,8.241028742,52.34375,-73.14453,-262.59766
5455491584258,8.261078425,52.734375,-72.94922,-262.79297
5455511633940,8.281128107,52.63672,-73.4375,-262.89062
5455531683623,8.30117779,52.63672,-73.4375,-262.98828
5455551733306,8.321227473,52.34375,-73.53516,-262.5
5455571782989,8.341277156,52.734375,-73.33984,-262.79297
5455591832672,8.361326839,52.34375,-73.4375,-262.79297
5455611882356,8.381376523,52.34375,-73.24219,-262.10938
5455631962555,8.401456722,52.734375,-74.02344,-263.28125
5455652012238,8.421506405,53.125,-73.53516,-262.98828
5455672061921,8.441556088,52.63672,-74.12109,-262.89062
5455692111603,8.46160577,52.63672,-74.02344,-262.40234
5455712161287,8.481655454,52.83203,-73.73047,-263.08594
5455732210970,8.501705137,52.63672,-74.31641,-263.3789
5455752260653,8.52175482,50.683594,-72.07031,-261.71875
5455772310336,8.541804503,52.539062,-73.92578,-262.98828
5455792360019,8.561854186,53.125,-74.12109,-263.1836
5455812440219,8.581934386,52.63672,-73.828125,-262.89062
5455832489902,8.601984069,52.83203,-73.53516,-262.3047
5455852539585,8.622033752,52.539062,-73.73047,-262.79297
5455872589267,8.642083434,52.539062,-73.63281,-263.28125
5455892638950,8.662133117,52.83203,-73.63281,-262.98828
5455912719151,8.682213318,52.63672,-73.828125,-263.3789
5455932768834,8.702263001,52.539062,-73.53516,-262.79297
5455952818516,8.722312683,52.34375,-73.828125,-262.89062
5455972868199,8.742362366,52.63672,-73.828125,-262.79297
5455992917882,8.762412049,52.929688,-73.73047,-262.5
5456012998082,8.782492249,52.34375,-73.14453,-263.3789
5456033047765,8.802541932,52.929688,-73.53516,-262.59766
5456053097448,8.822591615,52.734375,-74.02344,-262.79297
5456073147131,8.842641298,51.757812,-72.65625,-262.40234
5456093196815,8.862690982,52.246094,-73.73047,-263.28125
5456113246498,8.882740665,52.734375,-73.828125,-262.79297
5456133296180,8.902790347,52.539062,-73.4375,-262.59766
5456153345863,8.92284003,52.441406,-73.24219,-263.28125
5456173395546,8.942889713,52.929688,-73.92578,-263.1836
5456193445229,8.962939396,52.734375,-73.4375,-262.3047
5456213494912,8.982989079,52.246094,-72.75391,-262.89062
5456233575112,9.003069279,51.953125,-72.65625,-262.59766
5456253624795,9.023118962,51.5625,-73.33984,-262.6953
5456273674478,9.043168645,51.367188,-73.63281,-262.6953
5456293724161,9.063218328,51.464844,-73.63281,-262.5
5456313773843,9.08326801,50.78125,-73.828125,-263.1836
5456333854044,9.103348211,50.878906,-73.53516,-263.1836
5456353903727,9.123397894,50.48828,-73.73047,-262.59766
5456373922893,9.14341706,50.585938,-73.33984,-262.6953
5456393972576,9.163466743,50.097656,-71.97266,-261.91406
5456414022259,9.183516426,51.07422,-72.85156,-262.6953
5456434102459,9.203596626,50.29297,-72.16797,-262.01172
5456454152142,9.223646309,50.390625,-72.265625,-262.01172
5456474201825,9.243695992,50.48828,-72.46094,-261.8164
5456494251507,9.263745674,50.683594,-73.14453,-262.40234
5456514301190,9.283795357,50.097656,-72.75391,-261.91406
5456534350873,9.30384504,50.195312,-73.63281,-262.5
5456554400556,9.323894723,50.29297,-73.53516,-262.98828
5456574450240,9.343944407,49.902344,-73.73047,-263.1836
5456594530439,9.364024606,50.390625,-73.4375,-263.1836
5456614580122,9.384074289,50.585938,-73.92578,-262.6953
5456634629805,9.404123972,50.976562,-73.73047,-263.3789
5456654679489,9.424173656,50.78125,-74.21875,-263.1836
5456674729171,9.444223338,51.07422,-73.92578,-263.08594
5456694778854,9.464273021,51.464844,-74.41406,-263.08594
5456714859054,9.484353221,50.48828,-73.63281,-262.98828
5456734908738,9.504402905,51.5625,-74.51172,-263.28125
5456754958420,9.524452587,51.757812,-73.828125,-262.5
5456775008103,9.54450227,52.83203,-74.02344,-264.2578
5456795057786,9.564551953,52.83203,-73.92578,-264.16016
5456815107469,9.584601636,53.027344,-74.31641,-263.67188
5456835157152,9.604651319,53.515625,-74.02344,-264.64844
5456855206835,9.624701002,54.003906,-73.63281,-264.84375
5456875256518,9.644750685,53.41797,-70.99609,-265.23438
5456895336718,9.664830885,52.63672,-73.73047,-265.625
5456915386401,9.684880568,52.05078,-73.92578,-266.40625
5456935436083,9.70493025,52.05078,-74.02344,-265.91797
5456955485767,9.724979934,52.246094,-74.21875,-266.01562
5456975535450,9.745029617,52.63672,-74.41406,-266.3086
5456995615649,9.765109816,53.027344,-74.12109,-266.3086
5457015665332,9.785159499,52.441406,-75.0,-267.08984
5457035715015,9.805209182,51.367188,-73.14453,-265.8203
5457055795216,9.825289383,50.195312,-73.24219,-266.5039
5457075844898,9.845339065,49.804688,-73.63281,-266.3086
5457095894581,9.865388748,49.21875,-73.24219,-266.5039
5457115944264,9.885438431,48.4375,-73.046875,-266.60156
5457135993948,9.905488115,47.753906,-73.14453,-266.79688
5457156043631,9.925537798,47.460938,-72.94922,-266.5039
5457176093313,9.94558748,47.16797,-73.53516,-266.89453
5457196142996,9.965637163,46.679688,-73.24219,-266.3086
5457216223197,9.985717364,46.972656,-73.63281,-266.3086
5457236272880,10.005767047,46.777344,-73.92578,-265.8203
5457256322562,10.025816729,46.191406,-73.828125,-266.21094
5457276372245,10.045866412,46.38672,-73.046875,-266.40625
5457296421928,10.065916095,46.09375,-73.828125,-266.60156
5457316471611,10.085965778,46.777344,-75.29297,-267.8711
5457336521294,10.106015461,46.09375,-75.390625,-268.16406
5457356601494,10.126095661,45.410156,-74.12109,-267.08984
5457376651177,10.146145344,44.921875,-74.80469,-266.69922
5457396731377,10.166225544,46.289062,-74.41406,-268.0664
5457416781060,10.186275227,45.60547,-74.41406,-266.79688
5457436861260,10.206355427,45.898438,-75.09766,-267.67578
5457456910943,10.22640511,46.58203,-74.51172,-267.1875
5457476960626,10.246454793,46.875,-75.0,-267.8711
5457497010309,10.266504476,46.484375,-75.29297,-267.77344
5457517059992,10.286554159,46.875,-75.19531,-267.48047
5457537109675,10.306603842,46.289062,-74.609375,-268.0664
5457557159358,10.326653525,46.289062,-73.828125,-266.9922
5457577209040,10.346703207,45.703125,-74.12109,-267.3828
5457597289241,10.366783408,45.703125,-73.4375,-266.5039
5457617338924,10.386833091,45.703125,-73.53516,-267.08984
5457637388606,10.406882773,45.703125,-72.94922,-266.89453
5457657438289,10.426932456,45.60547,-73.53516,-266.89453
5457677487972,10.446982139,44.921875,-71.19141,-266.01562
5457697537656,10.467031823,45.80078,-72.94922,-266.79688
5457717587339,10.487081506,45.703125,-71.875,-266.79688
5457737637022,10.507131189,45.3125,-72.55859,-266.89453
5457757717221,10.527211388,45.410156,-72.265625,-267.08984
5457777766905,10.547261072,45.60547,-72.75391,-266.69922
5457797816588,10.567310755,45.3125,-72.265625,-266.79688
5457817866270,10.587360437,45.3125,-73.73047,-266.69922
5457837915953,10.60741012,45.507812,-73.24219,-266.89453
5457857996154,10.627490321,45.3125,-73.33984,-266.60156
5457878045837,10.647540004,44.82422,-73.24219,-266.89453
5457898095519,10.667589686,45.507812,-72.94922,-266.40625
5457918145202,10.687639369,45.80078,-73.33984,-266.79688
5457938194885,10.707689052,45.703125,-73.24219,-266.40625
5457958275085,10.727769252,45.898438,-73.14453,-267.57812
5457978324768,10.747818935,45.703125,-73.046875,-266.40625
5457998374451,10.767868618,45.410156,-72.16797,-266.11328
5458018454651,10.787948818,46.09375,-73.14453,-266.5039
5458038504334,10.807998501,45.996094,-72.46094,-266.9922
5458058554017,10.828048184,45.80078,-72.85156,-266.89453
5458078603700,10.848097867,45.410156,-73.14453,-266.60156
5458098683899,10.868178066,45.410156,-73.63281,-267.08984
5458118733583,10.88822775,45.117188,-73.53516,-267.1875
5458138783266,10.908277433,44.921875,-73.53516,-268.16406
5458158832949,10.928327116,44.921875,-74.02344,-267.3828
5458178882632,10.948376799,44.921875,-73.828125,-267.3828
5458198932315,10.968426482,44.726562,-73.53516,-266.9922
5458219012515,10.988506682,44.04297,-72.75391,-266.9922
5458239062198,11.008556365,44.04297,-73.4375,-267.08984
5458259111881,11.028606048,43.847656,-73.53516,-268.35938
5458279161563,11.04865573,43.359375,-73.73047,-267.48047
5458299211246,11.068705413,42.67578,-73.4375,-266.69922
5458319260929,11.088755096,41.601562,-73.4375,-266.9922
5458339310613,11.10880478,41.992188,-73.53516,-267.48047
5458359360296,11.128854463,41.69922,-74.12109,-268.26172
5458379409979,11.148904146,41.11328,-72.94922,-267.57812
5458399459661,11.168953828,40.625,-73.92578,-267.77344
5458419509344,11.189003511,40.039062,-73.828125,-267.48047
5458439559027,11.209053194,39.746094,-73.828125,-267.8711
5458459608710,11.229102877,39.257812,-73.828125,-267.57812
5458479658393,11.24915256,38.671875,-73.53516,-267.8711
5458499708077,11.269202244,38.085938,-73.63281,-267.67578
5458519757759,11.289251926,37.597656,-73.828125,-267.57812
5458539807442,11.309301609,37.20703,-74.02344,-268.16406
5458559857125,11.329351292,36.816406,-73.828125,-267.96875
5458579906808,11.349400975,36.523438,-73.73047,-267.77344
5458599956491,11.369450658,36.42578,-73.63281,-267.48047
5458620006173,11.38950034,35.742188,-72.65625,-266.9922
5458640086374,11.409580541,35.64453,-73.33984,-266.11328
5458660136057,11.429630224,36.035156,-73.63281,-267.1875
5458680185740,11.449679907,36.42578,-73.828125,-267.28516
5458700235422,11.469729589,35.839844,-73.828125,-267.96875
5458720285106,11.489779273,36.328125,-73.4375,-267.77344
5458740334789,11.509828956,36.23047,-74.02344,-267.28516
5458760414988,11.529909155,36.132812,-73.828125,-267.28516
5458780464671,11.549958838,36.035156,-73.73047,-267.57812
5458800514355,11.570008522,35.64453,-73.4375,-267.96875
5458820564038,11.590058205,36.132812,-73.53516,-267.57812
5458840613721,11.610107888,36.132812,-73.63281,-267.77344
5458860663404,11.630157571,35.839844,-73.046875,-267.8711
5458880743604,11.650237771,36.035156,-73.53516,-268.16406
5458900793287,11.670287454,36.035156,-73.33984,-267.96875
5458920842970,11.690337137,35.742188,-74.41406,-268.16406
5458940892652,11.710386819,35.351562,-72.85156,-266.79688
5458960942335,11.730436502,35.15625,-72.36328,-267.28516
5458981022536,11.750516703,35.058594,-72.46094,-266.79688
5459001072219,11.770566386,35.253906,-73.046875,-267.67578
5459021121901,11.790616068,33.984375,-72.55859,-266.3086
5459041171584,11.810665751,34.08203,-72.46094,-266.40625
5459061221267,11.830715434,35.15625,-73.33984,-267.1875
5459081301467,11.850795634,34.472656,-73.046875,-266.9922
5459101351150,11.870845317,34.960938,-72.85156,-267.08984
5459121400833,11.890895,34.570312,-72.36328,-267.1875
5459141450516,11.910944683,34.66797,-72.46094,-266.9922
5459161500199,11.930994366,35.839844,-72.94922,-267.57812
5459181580399,11.951074566,35.351562,-72.85156,-267.08984
5459201630082,11.971124249,36.523438,-72.75391,-267.96875
5459221679765,11.991173932,35.742188,-72.07031,-266.79688
5459241759965,12.011254132,36.621094,-72.65625,-267.57812
5459261809648,12.031303815,36.23047,-71.875,-266.3086
5459281889847,12.051384014,36.71875,-72.36328,-267.67578
5459301939531,12.071433698,36.621094,-72.265625,-266.69922
5459321989214,12.091483381,37.98828,-72.36328,-267.8711
5459342038897,12.111533064,38.57422,-71.97266,-267.67578
5459362088580,12.131582747,39.453125,-72.75391,-268.0664
5459382138263,12.15163243,39.941406,-72.07031,-266.89453
5459402218463,12.17171263,40.527344,-71.97266,-267.67578
5459422298662,12.191792829,40.527344,-72.16797,-267.28516
5459442348345,12.211842512,41.601562,-71.28906,-266.79688
5459462398029,12.231892196,42.089844,-71.67969,-267.3828
5459482447712,12.251941879,42.773438,-71.58203,-266.9922
5459502497395,12.271991562,43.26172,-71.77734,-266.3086
5459522547078,12.292041245,43.652344,-71.875,-266.60156
5459542596760,12.312090927,44.140625,-71.38672,-266.21094
5459562646443,12.33214061,45.01953,-71.67969,-265.8203
5459582696126,12.352190293,44.921875,-71.09375,-265.23438
5459602776326,12.372270493,44.726562,-70.60547,-264.64844
5459622826009,12.392320176,46.679688,-71.484375,-266.11328
5459642875692,12.412369859,46.679688,-71.875,-266.21094
5459662925375,12.432419542,47.558594,-71.09375,-266.3086
5459682975058,12.452469225,47.558594,-71.77734,-265.52734
5459703024742,12.472518909,47.851562,-71.58203,-265.8203
5459723074424,12.492568591,48.73047,-71.77734,-265.91797
5459743124107,12.512618274,49.023438,-71.38672,-265.33203
5459763173790,12.532667957,49.121094,-71.38672,-265.03906
5459783223473,12.55271764,49.51172,-71.28906,-265.52734
5459803273156,12.572767323,49.804688,-71.484375,-265.91797
5459823353356,12.592847523,49.804688,-70.99609,-265.03906
5459843403039,12.612897206,50.29297,-70.89844,-265.03906
5459863452722,12.632946889,50.0,-71.28906,-265.13672
5459883502405,12.652996572,50.29297,-71.19141,-264.55078
5459903552087,12.673046254,49.804688,-70.99609,-263.76953
5459923601770,12.693095937,48.92578,-69.921875,-263.08594
5459943651454,12.713145621,50.195312,-71.09375,-265.33203
5459963701137,12.733195304,50.78125,-71.19141,-264.45312
5459983750820,12.753244987,50.585938,-71.19141,-264.7461
5460003831019,12.773325186,50.683594,-71.484375,-264.35547
5460023880703,12.79337487,50.683594,-71.09375,-264.9414
5460043930386,12.813424553,50.585938,-70.99609,-264.9414
5460063980069,12.833474236,50.976562,-71.38672,-264.35547
5460084060268,12.853554435,50.683594,-70.80078,-264.7461
5460104109952,12.873604119,50.976562,-71.484375,-265.03906
5460124159635,12.893653802,51.757812,-71.19141,-265.03906
5460144209318,12.913703485,51.953125,-71.19141,-264.7461
5460164259000,12.933753167,52.34375,-71.28906,-264.35547
5460184308683,12.95380285,52.83203,-71.58203,-264.84375
5460204358366,12.973852533,52.441406,-71.28906,-264.45312
5460224438566,12.993932733,51.85547,-70.703125,-263.96484
5460244488249,13.013982416,51.26953,-70.703125,-262.89062
5460264537932,13.034032099,53.027344,-71.09375,-263.96484
5460284587615,13.054081782,52.539062,-71.19141,-265.03906
5460304637298,13.074131465,53.320312,-71.58203,-264.55078
5460324686982,13.094181149,53.808594,-71.19141,-264.64844
5460344767181,13.114261348,53.90625,-71.19141,-264.2578
5460364816864,13.134311031,54.492188,-71.28906,-264.2578
5460384866547,13.154360714,54.98047,-70.99609,-264.55078
5460404916229,13.174410396,55.273438,-71.38672,-263.96484
5460424996430,13.194490597,54.882812,-70.703125,-264.55078
5460445046113,13.21454028,54.98047,-70.80078,-264.16016
5460465095795,13.234589962,55.17578,-70.99609,-264.64844
5460485175996,13.254670163,55.664062,-70.99609,-263.96484
5460505225679,13.274719846,55.76172,-70.80078,-264.2578
5460525275362,13.294769529,55.859375,-71.38672,-264.0625
5460545325044,13.314819211,55.273438,-70.11719,-263.1836
5460565374727,13.334868894,55.859375,-71.484375,-264.35547
5460585424411,13.354918578,56.152344,-71.19141,-264.45312
5460605474094,13.374968261,56.152344,-71.484375,-264.16016
5460625523777,13.395017944,56.933594,-71.38672,-264.2578
5460645573460,13.415067627,56.152344,-71.97266,-263.8672
5460665623142,13.435117309,56.73828,-71.58203,-264.45312
5460685672825,13.455166992,56.054688,-71.77734,-264.7461
5460705722508,13.475216675,56.640625,-71.38672,-264.64844
5460725772192,13.495266359,56.640625,-71.58203,-264.64844
5460745821875,13.515316042,56.445312,-70.703125,-263.57422
5460765871557,13.535365724,56.445312,-71.484375,-264.64844
5460785951757,13.555445924,56.73828,-71.28906,-264.64844
5460806001441,13.575495608,56.73828,-71.67969,-264.7461
5460826051124,13.595545291,56.640625,-71.77734,-264.64844
5460846100806,13.615594973,56.933594,-71.38672,-264.16016
5460866150489,13.635644656,56.25,-71.67969,-264.2578
5460886230689,13.655724856,55.664062,-70.703125,-263.3789
5460906280372,13.675774539,57.421875,-71.484375,-264.2578
5460926330055,13.695824222,57.714844,-71.77734,-263.8672
5460946379738,13.715873905,56.445312,-70.3125,-263.76953
5460966459938,13.735954105,56.347656,-69.53125,-265.13672
5460986509621,13.756003788,56.54297,-68.359375,-264.9414
5461006559304,13.776053471,56.835938,-71.875,-264.64844
5461026639504,13.796133671,56.152344,-71.77734,-264.84375
5461046689186,13.816183353,56.25,-71.77734,-264.7461
5461066738870,13.836233037,56.25,-71.875,-264.9414
5461086819070,13.856313237,55.859375,-72.46094,-265.03906
5461106868752,13.876362919,55.76172,-71.77734,-265.33203
5461126918435,13.896412602,55.664062,-71.67969,-265.23438
5461146968119,13.916462286,55.17578,-72.16797,-265.33203
5461167017802,13.936511969,55.078125,-72.65625,-265.13672
5461187098001,13.956592168,53.710938,-71.97266,-264.9414
5461207147684,13.976641851,53.710938,-72.46094,-264.7461
5461227197368,13.996691535,54.6875,-72.36328,-264.9414
5461247277567,14.016771734,53.90625,-72.46094,-265.4297
5461267327250,14.036821417,54.19922,-72.65625,-266.11328
5461287376933,14.0568711,53.515625,-72.75391,-265.72266
5461307426617,14.076920784,53.222656,-73.24219,-265.8203
5461327476300,14.096970467,53.320312,-73.24219,-265.52734
5461347525983,14.11702015,53.61328,-73.63281,-265.625
5461367606182,14.137100349,53.320312,-73.73047,-265.13672
5461387655866,14.157150033,52.929688,-73.828125,-266.69922
5461407705549,14.177199716,53.125,-74.12109,-266.69922
5461427846782,14.197340949,52.83203,-74.02344,-265.91797
5461447896465,14.217390632,52.63672,-74.21875,-266.11328
5461467946148,14.237440315,52.246094,-73.63281,-266.40625
5461487995832,14.257489999,52.34375,-73.92578,-266.21094
5461508076031,14.277570198,51.26953,-73.24219,-265.52734
5461528125714,14.297619881,49.70703,-72.85156,-264.2578
5461548175397,14.317669564,50.585938,-73.73047,-265.91797
5461568225081,14.337719248,50.878906,-73.4375,-265.33203
5461588274763,14.35776893,50.097656,-74.41406,-265.4297
5461608354963,14.37784913,49.902344,-73.14453,-264.7461
5461628404646,14.397898813,50.0,-74.51172,-266.3086
5461648454328,14.417948495,50.0,-74.31641,-266.5039
5461668534529,14.438028696,49.804688,-74.02344,-266.01562
5461688584212,14.458078379,49.51172,-74.51172,-266.9922
5461708633895,14.478128062,49.316406,-74.51172,-267.28516
5461728683577,14.498177744,48.92578,-74.51172,-267.1875
5461748763778,14.518257945,48.92578,-74.80469,-266.60156
5461768813461,14.538307628,49.121094,-74.51172,-266.89453
5461788863143,14.55835731,48.632812,-74.90234,-266.69922
5461808912826,14.578406993,48.828125,-74.70703,-266.69922
5461828993027,14.598487194,48.14453,-75.48828,-266.40625
5461849042709,14.618536876,48.339844,-74.90234,-266.40625
5461869092392,14.638586559,48.4375,-74.80469,-266.89453
5461889172593,14.65866676,48.046875,-75.19531,-266.9922
5461909222276,14.678716443,47.753906,-75.0,-266.69922
5461929271958,14.698766125,47.753906,-75.0,-266.21094
5461949352159,14.718846326,48.046875,-74.90234,-266.5039
5461969401842,14.738896009,47.460938,-74.80469,-266.69922
5461989451524,14.758945691,47.94922,-74.51172,-266.60156
5462009531725,14.779025892,47.753906,-74.12109,-266.3086
5462029581408,14.799075575,47.65625,-74.609375,-266.89453
5462049631090,14.819125257,47.753906,-74.51172,-266.40625
5462069680773,14.83917494,47.460938,-74.41406,-266.3086
5462089730456,14.859224623,47.265625,-74.31641,-266.40625
5462109810657,14.879304824,47.265625,-74.41406,-266.3086
5462129860339,14.899354506,46.679688,-73.92578,-266.01562
5462149910022,14.919404189,47.36328,-73.73047,-266.21094
5462169990223,14.93948439,47.460938,-74.31641,-266.5039
5462190039905,14.959534072,47.36328,-73.73047,-266.5039
5462210089588,14.979583755,47.36328,-74.21875,-266.40625
5462230139271,14.999633438,47.36328,-73.33984,-266.60156
5462250188954,15.019683121,47.070312,-72.265625,-266.79688
5462270238637,15.039732804,47.16797,-72.85156,-266.3086
5462290318837,15.059813004,47.16797,-73.046875,-266.69922
5462310368520,15.079862687,47.36328,-74.41406,-266.3086
5462330418203,15.09991237,47.851562,-74.31641,-266.60156
5462350467886,15.119962053,47.265625,-74.02344,-266.01562
5462370548086,15.140042253,47.36328,-74.12109,-266.11328
5462390597769,15.160091936,47.65625,-74.41406,-266.40625
5462410647452,15.180141619,47.94922,-73.92578,-266.60156
5462430697135,15.200191302,47.460938,-73.828125,-266.69922
5462450777335,15.220271502,47.070312,-74.12109,-266.60156
5462470827018,15.240321185,47.94922,-74.21875,-266.3086
5462490876701,15.260370868,48.242188,-73.73047,-266.3086
5462510926383,15.28042055,47.265625,-73.828125,-266.40625
5462530976066,15.300470233,47.94922,-74.02344,-265.91797
5462551025749,15.320519916,48.4375,-74.12109,-266.40625
5462571075433,15.3405696,47.753906,-73.53516,-266.60156
5462591125116,15.360619283,48.14453,-73.33984,-266.3086
5462611174799,15.380668966,48.242188,-73.63281,-265.91797
5462631224481,15.400718648,48.4375,-73.53516,-266.3086
5462651274164,15.420768331,48.14453,-73.63281,-266.21094
5462671323847,15.440818014,47.753906,-73.4375,-265.4297
5462691373530,15.460867697,48.046875,-73.63281,-265.8203
5462711423213,15.48091738,47.460938,-73.14453,-265.52734
5462731472897,15.500967064,48.046875,-73.4375,-266.40625
5462751553096,15.521047263,47.94922,-72.85156,-266.3086
5462771602779,15.541096946,47.94922,-73.046875,-266.11328
5462791652462,15.561146629,48.14453,-72.85156,-266.21094
5462811702145,15.581196312,48.4375,-72.94922,-265.91797
5462831751828,15.601245995,48.4375,-73.046875,-266.3086
5462851801511,15.621295678,48.535156,-73.046875,-266.60156
5462871851194,15.641345361,48.535156,-73.046875,-266.60156
5462891931394,15.661425561,48.535156,-72.94922,-266.3086
5462911981077,15.681475244,48.73047,-72.75391,-265.91797
5462932030760,15.701524927,48.046875,-73.046875,-265.625
5462952080443,15.72157461,48.339844,-72.85156,-266.69922
5462972130126,15.741624293,48.339844,-73.046875,-265.91797
5462992179808,15.761673975,48.14453,-72.65625,-266.01562
5463012260009,15.781754176,48.242188,-73.046875,-266.40625
5463032309692,15.801803859,47.851562,-73.14453,-266.01562
5463052359375,15.821853542,48.046875,-72.85156,-266.21094
5463072409057,15.841903224,47.753906,-73.24219,-265.625
5463092458740,15.861952907,48.339844,-73.14453,-265.8203
5463112538941,15.882033108,48.4375,-73.63281,-265.625
5463132588623,15.90208279,48.242188,-73.24219,-266.01562
5463152638306,15.922132473,48.535156,-73.046875,-266.40625
5463172687989,15.942182156,48.73047,-72.85156,-266.01562
5463192768189,15.962262356,48.828125,-73.046875,-265.8203
5463212817872,15.982312039,48.632812,-72.65625,-266.5039
5463232867555,16.002361722,48.4375,-71.77734,-265.03906
5463252917238,16.022411405,48.73047,-72.75391,-266.11328
5463272966921,16.042461088,48.339844,-72.55859,-265.52734
5463293047121,16.062541288,48.4375,-72.65625,-265.8203
5463313096804,16.082590971,48.632812,-72.94922,-265.72266
5463333146487,16.102640654,48.14453,-73.14453,-266.01562
5463353196170,16.122690337,48.14453,-72.85156,-265.8203
5463373276370,16.142770537,48.4375,-72.94922,-265.72266
5463393326053,16.16282022,48.535156,-72.94922,-267.08984
5463413375736,16.182869903,48.242188,-72.94922,-265.625
5463433425419,16.202919586,48.4375,-73.046875,-266.11328
5463453475102,16.222969269,48.339844,-73.24219,-265.625
5463473524785,16.243018952,48.535156,-72.85156,-265.4297
5463493604985,16.263099152,48.632812,-72.55859,-265.8203
5463513654667,16.283148834,48.828125,-71.58203,-265.625
5463533704351,16.303198518,48.73047,-71.97266,-265.23438
5463553754034,16.323248201,48.73047,-72.75391,-265.625
5463573803717,16.343297884,49.023438,-72.65625,-265.91797
5463593853400,16.363347567,49.51172,-72.75391,-265.72266
5463613903083,16.38339725,49.023438,-72.94922,-264.9414
5463633952765,16.403446932,49.121094,-72.46094,-265.52734
5463654002448,16.423496615,49.609375,-72.65625,-265.625
5463674052131,16.443546298,49.21875,-72.85156,-265.91797
5463694101815,16.463595982,49.414062,-72.36328,-265.91797
5463714151498,16.483645665,49.70703,-72.36328,-265.03906
5463734201181,16.503695348,49.902344,-71.97266,-265.23438
5463754250863,16.52374503,50.0,-71.38672,-265.23438
5463774300546,16.543794713,50.097656,-71.77734,-265.13672
5463794350229,16.563844396,50.29297,-72.16797,-265.33203
5463814399912,16.583894079,50.48828,-71.58203,-265.4297
5463834480112,16.603974279,50.097656,-71.875,-264.9414
5463854529795,16.624023962,50.195312,-71.77734,-265.72266
5463874579478,16.644073645,50.48828,-72.16797,-265.72266
5463894629161,16.664123328,50.097656,-72.65625,-265.4297
5463914678845,16.684173012,50.78125,-72.46094,-265.33203
5463934759044,16.704253211,50.195312,-72.36328,-265.72266
5463954808727,16.724302894,50.195312,-72.07031,-265.52734
5463974858410,16.744352577,50.390625,-72.265625,-266.60156
5463994908093,16.76440226,50.390625,-72.46094,-265.72266
5464014957776,16.784451943,50.29297,-72.16797,-265.52734
5464035007459,16.804501626,50.097656,-71.875,-265.03906
5464055087659,16.824581826,50.585938,-72.46094,-265.23438
5464075137342,16.844631509,50.195312,-72.265625,-265.8203
5464095187025,16.864681192,50.390625,-72.65625,-265.4297
5464115236708,16.884730875,50.390625,-72.75391,-265.23438
5464135286391,16.904780558,50.097656,-71.875,-265.33203
5464155336074,16.924830241,50.585938,-71.97266,-265.52734
5464175416274,16.944910441,50.78125,-73.046875,-264.9414
5464195465957,16.964960124,50.78125,-72.65625,-265.625
5464215515640,16.985009807,50.683594,-72.75391,-265.03906
5464235565323,17.00505949,50.976562,-72.46094,-265.625
5464255615005,17.025109172,51.07422,-71.67969,-265.8203
5464275664688,17.045158855,51.07422,-72.36328,-265.4297
5464295714371,17.065208538,50.78125,-71.875,-265.13672
5464315794571,17.085288738,50.976562,-72.55859,-265.33203
5464335844254,17.105338421,50.097656,-72.265625,-265.03906
5464355893937,17.125388104,49.804688,-72.16797,-265.625
5464375943620,17.145437787,49.70703,-72.265625,-266.01562
5464395993304,17.165487471,49.902344,-72.65625,-265.52734
5464416073503,17.18556767,49.70703,-72.65625,-265.4297
5464436123186,17.205617353,49.609375,-72.46094,-265.72266
5464456264421,17.225758588,49.609375,-72.265625,-265.625
5464476314103,17.24580827,49.414062,-72.55859,-265.91797
5464496363786,17.265857953,49.121094,-72.46094,-265.8203
5464516413469,17.285907636,49.316406,-72.55859,-266.01562
5464536493669,17.305987836,48.828125,-72.75391,-265.23438
5464556543352,17.326037519,49.023438,-72.16797,-264.9414
5464576593035,17.346087202,49.804688,-72.65625,-264.84375
5464596642718,17.366136885,49.902344,-72.55859,-265.03906
5464616692401,17.386186568,49.609375,-72.07031,-265.03906
5464636742084,17.406236251,49.121094,-71.58203,-264.55078
5464656822284,17.426316451,49.804688,-71.58203,-264.55078
5464676871967,17.446366134,50.195312,-71.67969,-264.45312
5464696921650,17.466415817,49.21875,-71.38672,-263.76953
5464716971332,17.486465499,49.316406,-71.38672,-264.2578
5464737021015,17.506515182,48.828125,-71.58203,-264.9414
5464757101216,17.526595383,48.242188,-71.09375,-264.7461
5464777150899,17.546645066,46.972656,-70.60547,-262.98828
5464797200581,17.566694748,46.38672,-71.38672,-263.76953
5464817250264,17.586744431,46.38672,-70.80078,-263.3789
5464837299948,17.606794115,46.875,-71.19141,-264.7461
5464857349631,17.626843798,46.484375,-71.38672,-264.64844
5464877399314,17.646893481,47.753906,-72.46094,-265.8203
5464897448997,17.666943164,47.558594,-72.265625,-266.3086
5464917498679,17.686992846,47.851562,-72.265625,-265.72266
5464937548362,17.707042529,48.242188,-72.55859,-265.91797
5464957598045,17.727092212,48.4375,-72.36328,-265.91797
5464977647729,17.747141896,48.4375,-72.65625,-265.625
5464997697412,17.767191579,48.242188,-72.265625,-266.01562
5465017777611,17.787271778,48.4375,-72.94922,-266.11328
5465037827294,17.807321461,49.316406,-72.75391,-265.52734
5465057876978,17.827371145,49.609375,-72.55859,-265.72266
5465077926661,17.847420828,49.21875,-72.16797,-265.8203
5465097976343,17.86747051,48.535156,-72.07031,-265.03906
5465118026026,17.887520193,48.92578,-72.94922,-265.23438
5465138075709,17.907569876,48.14453,-71.58203,-265.52734
5465158125392,17.927619559,48.73047,-72.75391,-266.01562
5465178175075,17.947669242,49.121094,-72.46094,-265.23438
5465198224758,17.967718925,49.21875,-72.46094,-266.21094
5465218304958,17.987799125,48.4375,-72.85156,-264.84375
5465238354641,18.007848808,49.023438,-72.55859,-266.3086
5465258404324,18.027898491,49.609375,-72.65625,-265.52734
5465278454006,18.047948173,49.51172,-72.75391,-265.33203
5465298503690,18.067997857,49.804688,-72.75391,-265.13672
5465318553373,18.08804754,49.414062,-72.65625,-265.52734
5465338633572,18.108127739,49.121094,-72.94922,-264.9414
5465358683255,18.128177422,49.51172,-72.55859,-265.13672
5465378732939,18.148227106,47.94922,-72.75391,-263.96484
5465398782622,18.168276789,48.632812,-73.63281,-265.33203
5465418862821,18.188356988,48.242188,-73.53516,-265.4297
5465438912504,18.208406671,48.242188,-74.21875,-265.33203
5465459023221,18.228517388,47.94922,-74.51172,-265.72266
5465479072905,18.248567072,48.4375,-75.58594,-265.91797
5465499122588,18.268616755,48.632812,-75.68359,-265.625
5465519172271,18.288666438,49.21875,-75.78125,-265.8203
5465539221953,18.30871612,50.683594,-76.26953,-265.72266
5465559271636,18.328765803,51.660156,-76.36719,-265.23438
5465579351837,18.348846004,52.63672,-75.97656,-265.03906
5465599401520,18.368895687,53.61328,-74.90234,-264.35547
5465619451202,18.388945369,52.734375,-73.92578,-264.0625
5465639500885,18.408995052,53.027344,-73.4375,-264.16016
5465659550568,18.429044735,51.85547,-73.24219,-263.67188
5465679630768,18.449124935,51.660156,-73.92578,-263.08594
5465699680451,18.469174618,50.29297,-73.4375,-263.1836
5465719730134,18.489224301,49.51172,-74.21875,-263.57422
5465739779817,18.509273984,50.390625,-74.70703,-264.2578
5465759829500,18.529323667,50.683594,-74.41406,-264.16016
5465779879183,18.54937335,51.07422,-74.02344,-264.45312
5465799928866,18.569423033,51.07422,-72.85156,-263.76953
5465820009066,18.589503233,51.85547,-73.53516,-263.8672
5465840058749,18.609552916,52.539062,-72.16797,-262.98828
5465860108431,18.629602598,52.63672,-68.55469,-262.3047
5465880158115,18.649652282,53.41797,-72.07031,-262.6953
5465900207798,18.669701965,53.61328,-72.55859,-263.3789
5465920257481,18.689751648,53.515625,-72.65625,-262.98828
5465940307164,18.709801331,53.710938,-72.46094,-262.89062
5465960356847,18.729851014,54.98047,-73.14453,-262.40234
5465980406529,18.749900696,56.25,-72.55859,-261.91406
5466000456212,18.769950379,56.54297,-72.265625,-261.6211
5466020505896,18.790000063,55.566406,-72.16797,-260.7422
5466040555579,18.810049746,55.664062,-72.46094,-261.6211
5466060605262,18.830099429,56.054688,-72.07031,-261.71875
5466080654945,18.850149112,56.152344,-71.484375,-261.1328
5466100704627,18.870198794,55.273438,-72.265625,-262.59766
5466120754310,18.890248477,55.17578,-73.24219,-262.01172
5466140834511,18.910328678,53.710938,-73.828125,-263.08594
5466160884193,18.93037836,54.39453,-73.73047,-263.08594
5466180933876,18.950428043,53.710938,-73.63281,-262.59766
5466200983559,18.970477726,54.003906,-73.53516,-262.3047
5466221033242,18.990527409,53.41797,-73.73047,-262.59766
5466241082925,19.010577092,53.41797,-73.33984,-262.10938
5466261163125,19.030657292,54.003906,-73.53516,-262.40234
5466281212808,19.050706975,53.90625,-72.85156,-262.20703
5466301262491,19.070756658,53.125,-73.24219,-262.6953
5466321312174,19.090806341,51.464844,-72.55859,-262.6953
5466341361858,19.110856025,50.29297,-72.75391,-261.32812
5466361411540,19.130905707,51.85547,-73.92578,-262.89062
5466381461223,19.15095539,51.464844,-73.63281,-263.08594
5466401510906,19.171005073,51.5625,-73.63281,-262.40234
5466421591106,19.191085273,51.660156,-73.53516,-262.89062
5466441640789,19.211134956,51.953125,-73.4375,-262.5
5466461659954,19.231154121,52.441406,-73.63281,-262.3047
5466481770671,19.251264838,51.953125,-73.53516,-262.59766
5466501850872,19.271345039,51.85547,-73.14453,-262.79297
5466521900555,19.291394722,52.05078,-73.33984,-262.89062
5466541950238,19.311444405,52.441406,-73.63281,-262.6953
5466561999920,19.331494087,51.85547,-73.14453,-262.98828
5466582080121,19.351574288,51.85547,-72.46094,-263.28125
5466602129804,19.371623971,52.05078,-73.24219,-262.6953
5466622179486,19.391673653,52.539062,-73.4375,-263.1836
5466642229169,19.411723336,51.953125,-73.046875,-262.98828
5466662309370,19.431803537,51.171875,-72.65625,-262.20703
5466682359052,19.451853219,50.976562,-72.94922,-261.52344
5466702408735,19.471902902,51.26953,-72.65625,-262.01172
5466722458418,19.491952585,52.441406,-73.4375,-262.6953
5466742508101,19.512002268,52.05078,-73.828125,-262.79297
5466762557785,19.532051952,51.953125,-73.53516,-263.08594
5466782637984,19.552132151,51.953125,-73.24219,-262.59766
5466802687667,19.572181834,52.34375,-73.24219,-262.6953
5466822737350,19.592231517,52.246094,-73.92578,-262.01172
5466842787034,19.612281201,52.539062,-73.92578,-262.40234
5466862836717,19.632330884,52.148438,-73.63281,-262.6953
5466882886399,19.652380566,52.246094,-73.73047,-263.1836
5466902936082,19.672430249,51.660156,-72.94922,-262.98828
5466922985765,19.692479932,52.148438,-73.24219,-262.6953
5466943035448,19.712529615,52.05078,-73.828125,-263.08594
5466963085131,19.732579298,51.953125,-74.12109,-262.3047
5466983165331,19.752659498,51.464844,-72.94922,-262.3047
5467003215014,19.772709181,52.246094,-73.4375,-262.79297
5467023264697,19.792758864,52.539062,-73.828125,-262.5
5467043314380,19.812808547,52.148438,-73.92578,-262.59766
5467063364063,19.83285823,52.05078,-73.92578,-262.6953
5467083413746,19.852907913,52.05078,-73.14453,-262.40234
5467103463429,19.872957596,52.246094,-73.92578,-262.98828
5467123513112,19.893007279,52.148438,-73.828125,-262.79297
5467143562795,19.913056962,51.660156,-73.4375,-263.08594
5467163612478,19.933106645,51.07422,-73.63281,-262.98828
5467183662160,19.953156327,51.171875,-73.53516,-263.57422
5467203711843,19.97320601,51.171875,-72.85156,-262.40234
5467223761527,19.993255694,50.976562,-73.14453,-262.79297
5467243811210,20.013305377,50.78125,-74.02344,-262.89062
5467263891409,20.033385576,51.5625,-73.92578,-263.1836
5467283941092,20.053435259,50.976562,-73.33984,-263.08594
5467303990776,20.073484943,50.390625,-73.24219,-262.5
5467324040459,20.093534626,49.70703,-72.85156,-261.71875
5467344090142,20.113584309,51.5625,-74.02344,-262.79297
5467364139824,20.133633991,51.367188,-73.63281,-263.57422
5467384220025,20.153714192,51.5625,-73.828125,-263.1836
5467404269708,20.173763875,51.464844,-73.53516,-262.89062
5467424319390,20.193813557,51.660156,-73.92578,-262.89062
5467444369073,20.21386324,51.367188,-73.63281,-262.6953
5467464418756,20.233912923,51.757812,-74.02344,-262.98828
5467484468439,20.253962606,51.26953,-73.4375,-262.89062
5467504518122,20.274012289,51.660156,-73.4375,-262.98828
5467524567805,20.294061972,51.85547,-73.92578,-263.8672
5467544648005,20.314142172,51.757812,-73.63281,-263.08594
5467564697688,20.334191855,51.367188,-73.4375,-262.89062
5467584747371,20.354241538,51.464844,-73.92578,-263.47656
5467604797053,20.37429122,51.464844,-73.92578,-263.08594
5467624846737,20.394340904,50.683594,-73.4375,-262.20703
5467644896420,20.414390587,51.367188,-73.92578,-263.28125
5467664946103,20.43444027,51.953125,-73.63281,-263.08594
5467684995786,20.454489953,51.660156,-73.63281,-263.08594
5467705075986,20.474570153,51.5625,-74.02344,-262.89062
5467725125669,20.494619836,51.660156,-73.53516,-263.1836
5467745175352,20.514669519,51.171875,-73.828125,-262.6953
5467765225035,20.534719202,51.367188,-73.14453,-263.47656
5467785274717,20.554768884,51.26953,-73.046875,-262.59766
5467805385434,20.574879601,51.367188,-73.14453,-263.1836
5467825435117,20.594929284,51.464844,-73.92578,-262.98828
5467845484800,20.614978967,51.953125,-73.4375,-263.1836
5467865534484,20.635028651,51.26953,-73.4375,-262.98828
5467885584167,20.655078334,51.464844,-73.4375,-263.28125
5467905633850,20.675128017,51.464844,-73.24219,-263.96484
5467925714049,20.695208216,51.757812,-73.828125,-263.08594
5467945763733,20.7152579,50.29297,-73.046875,-262.01172
5467965813416,20.735307583,51.464844,-73.92578,-262.98828
5467985863099,20.755357266,51.26953,-74.02344,-263.1836
5468005912781,20.775406948,50.976562,-74.12109,-262.79297
5468025992982,20.795487149,51.367188,-74.12109,-262.89062
5468046042665,20.815536832,51.171875,-73.92578,-262.79297
5468066092347,20.835586514,51.5625,-73.73047,-263.3789
5468086142030,20.855636197,51.757812,-73.73047,-263.08594
5468106191713,20.87568588,51.26953,-73.33984,-262.59766
5468126241396,20.895735563,51.367188,-71.58203,-262.40234
5468146291079,20.915785246,51.85547,-73.63281,-263.08594
5468166340762,20.935834929,51.367188,-73.828125,-262.89062
5468186390445,20.955884612,51.953125,-73.828125,-263.1836
5468206440128,20.975934295,51.660156,-74.31641,-262.79297
5468226489811,20.995983978,51.171875,-73.828125,-263.3789
5468246539494,21.016033661,51.5625,-73.73047,-263.08594
5468266619694,21.036113861,50.976562,-73.4375,-262.98828
5468286669377,21.056163544,50.878906,-72.65625,-263.1836
5468306719060,21.076213227,51.464844,-72.55859,-262.98828
5468326768743,21.09626291,51.171875,-73.24219,-262.79297
5468346818426,21.116312593,51.367188,-73.63281,-262.40234
5468366868108,21.136362275,51.171875,-73.24219,-262.6953
5468386917791,21.156411958,51.07422,-73.24219,-262.40234
5468406967475,21.176461642,51.85547,-72.94922,-263.28125
5468427017158,21.196511325,51.367188,-72.75391,-262.98828
5468447097357,21.216591524,51.26953,-73.24219,-262.98828
5468467147040,21.236641207,51.07422,-73.14453,-262.5
5468487257757,21.256751924,50.683594,-72.94922,-262.6953
5468507307441,21.276801608,50.878906,-72.94922,-262.79297
5468527357124,21.296851291,51.07422,-73.33984,-262.59766
5468547406807,21.316900974,50.195312,-72.75391,-261.23047
5468567487006,21.336981173,51.171875,-73.73047,-262.59766
5468587536690,21.357030857,50.097656,-73.24219,-261.1328
5468607586373,21.37708054,51.464844,-74.31641,-263.96484
5468627636055,21.397130222,51.07422,-74.12109,-262.59766
5468647685738,21.417179905,51.660156,-73.53516,-263.28125
5468667735421,21.437229588,51.660156,-73.828125,-262.98828
5468687785104,21.457279271,51.5625,-73.33984,-263.28125
5468707834787,21.477328954,51.464844,-73.63281,-263.28125
5468727914987,21.497409154,50.878906,-69.72656,-262.79297
5468747964670,21.517458837,50.878906,-70.3125,-262.89062
5468768014353,21.53750852,51.367188,-72.94922,-262.6953
5468788033519,21.557527686,51.660156,-72.36328,-262.98828
5468808052685,21.577546852,51.660156,-73.24219,-263.28125
5468828132885,21.597627052,51.85547,-74.12109,-262.79297
5468848182568,21.617676735,51.953125,-73.92578,-263.3789
5468868232250,21.637726417,51.464844,-73.73047,-263.28125
5468888281934,21.657776101,51.367188,-73.33984,-262.6953
5468908331617,21.677825784,51.07422,-73.92578,-263.1836
5468928381300,21.697875467,51.07422,-73.63281,-262.01172
5468948430983,21.71792515,51.26953,-73.92578,-263.08594
5468968480666,21.737974833,51.171875,-73.046875,-262.79297
5468988530348,21.758024515,51.367188,-73.92578,-262.89062
5469008580031,21.778074198,50.390625,-73.33984,-262.6953
5469028629714,21.798123881,51.660156,-72.265625,-262.3047
5469048679398,21.818173565,51.07422,-72.75391,-261.8164
5469068729081,21.838223248,50.878906,-73.53516,-262.5
5469088778764,21.858272931,51.26953,-73.73047,-262.59766
5469108828446,21.878322613,51.07422,-73.73047,-262.98828
5469128878129,21.898372296,50.78125,-73.24219,-262.98828
5469148927812,21.918421979,51.26953,-72.94922,-262.89062
5469168977495,21.938471662,50.585938,-73.24219,-262.3047
5469189027179,21.958521346,51.26953,-73.53516,-263.08594
5469209076861,21.978571028,50.976562,-73.53516,-262.20703
5469229126544,21.998620711,51.26953,-73.33984,-263.08594
5469249176227,22.018670394,51.367188,-73.53516,-262.6953
5469269225910,22.038720077,51.07422,-74.02344,-262.40234
5469289275593,22.05876976,51.367188,-74.21875,-262.40234
5469309325276,22.078819443,51.464844,-73.92578,-262.79297
5469329374958,22.098869125,51.07422,-74.12109,-262.6953
5469349424642,22.118918809,51.26953,-73.53516,-262.3047
5469369474325,22.138968492,51.953125,-74.12109,-262.5
5469389554525,22.159048692,51.26953,-73.73047,-262.59766
5469409604207,22.179098374,51.464844,-73.63281,-263.08594
5469429653891,22.199148058,51.26953,-73.73047,-263.3789
5469449703574,22.219197741,51.757812,-73.73047,-263.08594
5469469753257,22.239247424,51.26953,-74.21875,-262.79297
5469489833456,22.259327623,51.85547,-73.63281,-262.59766
5469509883140,22.279377307,51.171875,-74.21875,-262.98828
5469529902305,22.299396472,51.5625,-74.51172,-262.3047
5469549982506,22.319476673,50.78125,-73.73047,-262.59766
5469570032189,22.339526356,51.464844,-74.21875,-263.57422
5469590081871,22.359576038,51.85547,-74.21875,-263.47656
5469610131554,22.379625721,51.660156,-73.828125,-263.1836
5469630181237,22.399675404,51.85547,-73.92578,-262.98828
5469650230921,22.419725088,51.367188,-73.73047,-263.08594
5469670280604,22.439774771,51.757812,-73.63281,-262.79297
5469690330287,22.459824454,51.367188,-73.828125,-262.89062
5469710379969,22.479874136,51.367188,-73.33984,-263.67188
5469730429652,22.499923819,51.85547,-73.73047,-263.28125
5469750479335,22.519973502,51.26953,-73.828125,-263.08594
5469770529018,22.540023185,51.464844,-73.53516,-262.6953
5469790609218,22.560103385,51.26953,-72.65625,-262.89062
5469810658901,22.580153068,52.246094,-74.02344,-263.28125
5469830708584,22.600202751,51.953125,-73.63281,-263.28125
5469850758267,22.620252434,51.5625,-74.41406,-263.28125
5469870838467,22.640332634,49.902344,-72.36328,-261.32812
5469890888150,22.660382317,50.29297,-73.14453,-261.8164
5469910937833,22.680432,51.367188,-74.41406,-263.1836
5469930987516,22.700481683,51.660156,-73.92578,-262.5
5469951037198,22.720531365,51.464844,-73.24219,-263.28125
5469971086882,22.740581049,51.85547,-73.53516,-263.76953
5469991136565,22.760630732,51.26953,-73.92578,-263.08594
5470011186248,22.780680415,51.5625,-73.828125,-262.98828
5470031235931,22.800730098,51.757812,-74.02344,-263.57422
5470051285614,22.820779781,51.660156,-73.92578,-263.08594
5470071335296,22.840829463,52.246094,-73.92578,-263.28125
5470091384979,22.860879146,51.5625,-74.02344,-264.0625
5470111434663,22.88092883,51.5625,-73.53516,-262.98828
5470131484346,22.900978513,51.5625,-74.12109,-263.28125
5470151534029,22.921028196,51.757812,-74.02344,-263.28125
5470171583712,22.941077879,51.367188,-73.92578,-263.28125
5470191663911,22.961158078,50.78125,-72.85156,-262.10938
5470211713595,22.981207762,51.367188,-73.828125,-262.89062
5470231763278,23.001257445,51.464844,-73.828125,-263.67188
5470251812960,23.021307127,51.464844,-73.63281,-262.89062
5470271862643,23.04135681,51.5625,-73.53516,-262.79297
5470291912326,23.061406493,51.85547,-73.14453,-262.6953
5470311962009,23.081456176,52.246094,-73.53516,-263.08594
5470332011692,23.101505859,51.85547,-73.24219,-262.98828
5470352061376,23.121555543,52.34375,-73.33984,-262.5
5470372111058,23.141605225,52.63672,-74.12109,-262.6953
5470392191258,23.161685425,52.83203,-74.41406,-262.89062
5470412240941,23.181735108,53.61328,-74.31641,-262.98828
5470432290624,23.201784791,53.710938,-74.31641,-262.20703
5470452340307,23.221834474,54.003906,-73.92578,-262.6953
5470472389990,23.241884157,54.101562,-74.02344,-261.91406
5470492439673,23.26193384,54.882812,-74.80469,-262.98828
5470512489356,23.281983523,53.41797,-73.33984,-261.03516
5470532539039,23.302033206,54.6875,-74.51172,-262.6953
5470552588721,23.322082888,54.98047,-74.31641,-262.20703
5470572638404,23.342132571,54.589844,-73.92578,-262.6953
5470592688088,23.362182255,54.589844,-74.51172,-262.6953
5470612737771,23.382231938,54.19922,-74.31641,-262.3047
5470632817970,23.402312137,54.492188,-74.41406,-262.79297
5470652867653,23.42236182,54.296875,-74.70703,-262.79297
5470672917337,23.442411504,54.003906,-74.02344,-262.6953
5470692936502,23.462430669,54.589844,-74.90234,-262.98828
5470712986185,23.482480352,54.6875,-74.609375,-262.3047
5470733035869,23.502530036,53.808594,-74.21875,-262.5
5470753085552,23.522579719,53.808594,-73.73047,-262.79297
5470773135235,23.542629402,53.222656,-73.828125,-262.6953
5470793184917,23.562679084,52.83203,-73.14453,-262.79297
5470813234600,23.582728767,52.441406,-72.75391,-262.6953
5470833314801,23.602808968,51.5625,-73.53516,-262.01172
5470853364483,23.62285865,52.05078,-74.12109,-262.89062
5470873383649,23.642877816,51.5625,-73.92578,-262.6953
5470893433333,23.6629275,52.148438,-73.92578,-262.79297
5470913513532,23.683007699,52.148438,-74.51172,-263.1836
5470933563215,23.703057382,51.660156,-74.31641,-263.3789
5470953612898,23.723107065,51.85547,-74.12109,-263.47656
5470973662581,23.743156748,51.85547,-74.31641,-263.28125
5470993712264,23.763206431,51.85547,-73.92578,-263.1836
5471013761947,23.783256114,52.34375,-74.609375,-263.3789
5471033811630,23.803305797,52.441406,-74.41406,-262.6953
5471053861313,23.82335548,52.34375,-74.41406,-263.1836
5471073910996,23.843405163,52.34375,-74.31641,-263.28125
5471093960678,23.863454845,51.953125,-73.92578,-263.3789
5471114010362,23.883504529,52.539062,-74.31641,-263.1836
5471134060045,23.903554212,52.441406,-74.02344,-262.6953
5471154109728,23.923603895,52.246094,-74.21875,-262.5
5471174159411,23.943653578,52.734375,-74.31641,-262.40234
5471194209094,23.963703261,50.585938,-73.24219,-261.6211
5471214258776,23.983752943,52.246094,-74.51172,-262.98828
5471234308459,24.003802626,52.83203,-74.31641,-263.08594
5471254358142,24.023852309,52.539062,-74.609375,-263.08594
5471274407826,24.043901993,52.539062,-74.609375,-263.28125
5471294457509,24.063951676,52.246094,-74.12109,-263.1836
5471314507191,24.084001358,52.83203,-74.609375,-263.08594
5471334556874,24.104051041,52.441406,-74.51172,-263.1836
5471354606557,24.124100724,52.539062,-74.609375,-263.47656
5471374656240,24.144150407,52.441406,-74.51172,-262.79297
5471394705923,24.16420009,52.734375,-74.609375,-263.28125
5471414786123,24.18428029,52.63672,-74.51172,-263.08594
5471434835806,24.204329973,52.441406,-74.21875,-263.28125
5471454885489,24.224379656,52.148438,-74.12109,-262.89062
5471474935172,24.244429339,51.171875,-73.4375,-261.03516
5471494984856,24.264479023,51.171875,-73.92578,-262.20703
5471515095573,24.28458974,52.734375,-74.02344,-262.98828
5471535175772,24.304669939,52.734375,-74.21875,-263.47656
5471555225455,24.324719622,52.83203,-74.90234,-262.79297
5471575275138,24.344769305,52.539062,-74.51172,-263.28125
5471595324821,24.364818988,52.539062,-74.21875,-263.67188
5471615374504,24.384868671,52.441406,-74.609375,-263.28125
5471635424187,24.404918354,52.539062,-74.12109,-263.08594
5471655473870,24.424968037,52.63672,-74.609375,-262.98828
5471675554070,24.445048237,52.734375,-74.41406,-263.3789
5471695603753,24.46509792,52.539062,-74.41406,-263.47656
5471715653436,24.485147603,52.05078,-74.31641,-262.98828
5471735703119,24.505197286,52.246094,-74.02344,-262.40234
5471755752802,24.525246969,52.441406,-73.828125,-263.1836
5471775802484,24.545296651,52.05078,-73.92578,-262.40234
5471795882685,24.565376852,51.5625,-72.94922,-262.01172
5471815932368,24.585426535,52.63672,-73.92578,-262.98828
5471836012568,24.605506735,52.34375,-74.31641,-262.40234
5471856062251,24.625556418,52.83203,-74.41406,-263.47656
5471876111934,24.645606101,52.441406,-74.51172,-262.6953
5471896161617,24.665655784,52.929688,-74.51172,-263.47656
5471916241816,24.685735983,52.63672,-74.51172,-263.28125
5471936291500,24.705785667,52.441406,-74.21875,-263.67188
5471956341183,24.72583535,52.83203,-74.51172,-263.28125
5471976390865,24.745885032,52.83203,-74.51172,-263.28125
5471996440548,24.765934715,52.63672,-74.41406,-263.3789
5472016490231,24.785984398,52.734375,-74.12109,-262.89062
5472036570432,24.806064599,52.246094,-74.21875,-263.3789
5472056620114,24.826114281,52.734375,-74.31641,-263.3789
5472076669797,24.846163964,52.539062,-74.12109,-262.3047
5472096719480,24.866213647,51.757812,-73.4375,-262.5
5472116799680,24.886293847,51.26953,-74.12109,-262.89062
5472136849363,24.90634353,52.05078,-73.92578,-262.98828
5472156899046,24.926393213,52.05078,-74.02344,-262.89062
5472176948729,24.946442896,51.757812,-74.12109,-263.67188
5472196998412,24.966492579,51.5625,-73.92578,-263.67188
5472217048095,24.986542262,51.660156,-74.21875,-263.08594
5472237128295,25.006622462,51.85547,-74.02344,-263.57422
5472257177978,25.026672145,51.464844,-74.41406,-262.79297
5472277227661,25.046721828,51.660156,-73.828125,-262.6953
5472297277343,25.06677151,52.05078,-74.02344,-262.98828
5472317327027,25.086821194,52.441406,-74.41406,-263.1836
5472337376710,25.106870877,51.953125,-73.92578,-262.5
5472357426393,25.12692056,52.539062,-74.51172,-263.3789
5472377476076,25.146970243,51.953125,-74.21875,-262.3047
5472397525759,25.167019926,52.83203,-74.609375,-262.3047
5472417575441,25.187069608,51.367188,-73.73047,-261.91406
5472437655642,25.207149809,52.539062,-74.02344,-263.47656
5472457705325,25.227199492,51.464844,-73.828125,-262.40234
5472477755007,25.247249174,52.441406,-74.31641,-263.28125
5472497804690,25.267298857,52.734375,-74.21875,-262.89062
5472517823857,25.287318024,52.441406,-74.21875,-263.28125
5472537873539,25.307367706,52.63672,-74.12109,-262.79297
5472557923222,25.327417389,51.85547,-74.70703,-263.08594
5472577972905,25.347467072,52.246094,-74.80469,-263.28125
5472598053105,25.367547272,52.148438,-74.21875,-263.08594
5472618102788,25.387596955,52.441406,-74.51172,-263.08594
5472638152471,25.407646638,52.734375,-74.51172,-262.89062
5472658202154,25.427696321,52.539062,-74.31641,-263.57422
5472678251837,25.447746004,52.246094,-75.0,-262.79297
5472698301521,25.467795688,52.246094,-74.21875,-263.47656
5472718381720,25.487875887,51.757812,-74.12109,-262.5
5472738431403,25.50792557,51.464844,-73.92578,-261.71875
5472758481086,25.527975253,50.683594,-73.14453,-261.1328
5472778530768,25.548024935,52.148438,-74.31641,-262.5
5472798580452,25.568074619,51.85547,-73.73047,-262.6953
5472818660652,25.588154819,52.148438,-74.12109,-263.1836
5472838710335,25.608204502,52.34375,-74.31641,-263.1836
5472858760017,25.628254184,52.34375,-74.41406,-263.28125
5472878809701,25.648303868,52.148438,-74.70703,-263.57422
5472898859384,25.668353551,52.63672,-73.73047,-263.47656
5472918939583,25.68843375,52.246094,-74.609375,-263.8672
5472938989266,25.708483433,52.441406,-74.21875,-263.67188
5472959038950,25.728533117,52.148438,-74.41406,-262.98828
5472979088633,25.7485828,52.539062,-74.12109,-263.1836
5472999168832,25.768662999,52.929688,-74.31641,-262.98828
5473019218515,25.788712682,52.63672,-74.41406,-263.1836
5473039268199,25.808762366,52.441406,-74.12109,-263.08594
5473059317882,25.828812049,52.246094,-73.92578,-262.10938
5473079367565,25.848861732,52.539062,-74.31641,-262.79297
5473099417247,25.868911414,52.63672,-74.12109,-263.47656
5473119497448,25.888991615,51.85547,-74.12109,-264.0625
5473139547131,25.909041298,52.441406,-74.21875,-263.3789
5473159596814,25.929090981,52.734375,-74.41406,-263.47656
5473179646496,25.949140663,52.246094,-74.21875,-263.3789
5473199726697,25.969220864,52.63672,-74.609375,-263.1836
5473219776380,25.989270547,52.148438,-74.51172,-262.89062
5473239826062,26.009320229,52.05078,-74.41406,-263.3789
5473259875745,26.029369912,52.441406,-74.609375,-263.3789
5473279925428,26.049419595,52.148438,-74.12109,-263.1836
5473300005628,26.069499795,52.34375,-74.41406,-263.67188
5473320055311,26.089549478,52.246094,-74.21875,-263.3789
5473340104994,26.109599161,52.539062,-74.12109,-263.8672
5473360154677,26.129648844,52.05078,-74.31641,-262.5
5473380204360,26.149698527,52.05078,-74.02344,-262.20703
5473400254043,26.16974821,50.585938,-74.31641,-262.3047
5473420303725,26.189797892,52.246094,-74.609375,-263.47656
5473440353409,26.209847576,52.34375,-74.12109,-263.1836
5473460433609,26.229927776,52.734375,-74.02344,-263.28125
5473480483291,26.249977458,52.05078,-74.21875,-262.89062
5473500532974,26.270027141,52.539062,-74.70703,-263.1836
5473520582658,26.290076825,52.441406,-74.70703,-262.98828
5473540632341,26.310126508,52.539062,-74.02344,-262.98828
5473560712540,26.330206707,52.05078,-74.12109,-263.1836
5473580762223,26.35025639,52.734375,-74.21875,-263.08594
5473600811907,26.370306074,52.34375,-74.12109,-262.98828
5473620861590,26.390355757,52.734375,-74.31641,-263.47656
5473640911273,26.41040544,52.63672,-73.92578,-263.08594
5473660991472,26.430485639,52.34375,-74.41406,-263.3789
5473681041156,26.450535323,52.441406,-73.63281,-263.67188
5473701090839,26.470585006,51.85547,-73.14453,-262.89062
5473721140522,26.490634689,52.148438,-73.4375,-263.3789
5473741220721,26.510714888,52.246094,-73.53516,-263.47656
5473761270405,26.530764572,52.539062,-73.33984,-262.79297
5473781320088,26.550814255,52.34375,-73.14453,-263.08594
5473801430805,26.570924972,51.953125,-73.046875,-263.08594
5473821480487,26.590974654,52.34375,-73.4375,-262.6953
5473841530170,26.611024337,52.246094,-73.73047,-263.76953
5473861579853,26.63107402,52.148438,-74.12109,-263.1836
5473881629536,26.651123703,52.148438,-73.828125,-263.67188
5473901679219,26.671173386,52.539062,-73.24219,-264.16016
5473921728902,26.691223069,52.34375,-73.73047,-263.3789
5473941778585,26.711272752,52.539062,-73.53516,-262.79297
5473961828268,26.731322435,52.34375,-72.85156,-263.1836
5473981908468,26.751402635,52.539062,-73.53516,-263.3789
5474001958150,26.771452317,52.246094,-73.73047,-263.28125
5474022038351,26.791532518,51.367188,-73.24219,-262.59766
5474042088034,26.811582201,51.85547,-73.4375,-262.40234
5474062137717,26.831631884,51.757812,-73.046875,-262.10938
5474082187399,26.851681566,51.953125,-72.94922,-262.89062
5474102237083,26.87173125,51.464844,-73.14453,-262.79297
5474122286766,26.891780933,51.26953,-73.14453,-262.3047
5474142336449,26.911830616,51.660156,-72.94922,-261.91406
5474162386132,26.931880299,51.367188,-73.33984,-262.89062
5474182435815,26.951929982,50.976562,-72.94922,-262.5
5474202485497,26.971979664,51.660156,-73.24219,-262.6953
5474222535180,26.992029347,51.464844,-73.14453,-262.3047
5474242584864,27.012079031,51.26953,-73.046875,-263.08594
5474262634547,27.032128714,51.5625,-73.14453,-262.01172
5474282714746,27.052208913,51.85547,-72.85156,-262.79297
5474302764429,27.072258596,52.34375,-73.63281,-262.6953
5474322814112,27.092308279,52.246094,-74.21875,-263.08594
5474342833278,27.112327445,51.5625,-73.33984,-262.59766
5474362882961,27.132377128,51.953125,-73.4375,-262.98828
5474382932644,27.152426811,52.148438,-73.53516,-262.79297
5474402982328,27.172476495,52.63672,-74.02344,-263.57422
5474423032010,27.192526177,51.367188,-72.94922,-263.1836
5474443081693,27.21257586,52.539062,-73.046875,-262.79297
5474463131376,27.232625543,51.953125,-73.4375,-263.1836
5474483181059,27.252675226,52.63672,-74.12109,-263.08594
5474503230742,27.272724909,52.539062,-73.33984,-262.98828
5474523280425,27.292774592,52.148438,-73.73047,-263.28125
5474543330108,27.312824275,52.34375,-73.828125,-263.28125
5474563379791,27.332873958,52.148438,-73.14453,-263.47656
5474583429474,27.352923641,52.148438,-73.4375,-263.76953
5474603479157,27.372973324,52.539062,-73.63281,-263.67188
5474623528840,27.393023007,52.34375,-73.4375,-263.28125
5474643578523,27.41307269,52.63672,-74.02344,-263.08594
5474663628205,27.433122372,51.367188,-73.33984,-262.6953
5474683677888,27.453172055,50.585938,-72.07031,-261.71875
5474703727572,27.473221739,52.441406,-73.92578,-263.3789
5474723777255,27.493271422,52.539062,-73.24219,-263.8672
5474743826938,27.513321105,52.34375,-73.33984,-262.98828
5474763876621,27.533370788,52.539062,-73.24219,-263.08594
5474783926303,27.55342047,52.34375,-73.63281,-263.1836
5474803975986,27.573470153,52.63672,-73.53516,-263.76953
5474823995152,27.593489319,52.441406,-73.24219,-263.3789
5474844075353,27.61356952,52.148438,-73.53516,-263.47656
5474864094518,27.633588685,52.441406,-73.92578,-263.3789
5474884144201,27.653638368,52.34375,-73.24219,-263.1836
5474904193885,27.673688052,52.441406,-73.33984,-263.1836
5474924274084,27.693768251,52.246094,-73.33984,-263.67188
5474944323767,27.713817934,52.539062,-73.33984,-264.2578
5474964342933,27.7338371,52.246094,-73.73047,-263.76953
5474984392616,27.753886783,51.5625,-72.94922,-262.6953
5475004442299,27.773936466,52.441406,-73.4375,-263.8672
5475024491982,27.793986149,52.63672,-73.4375,-262.98828
5475044541665,27.814035832,52.539062,-73.63281,-262.98828
5475064591348,27.834085515,52.246094,-73.828125,-263.08594
5475084641031,27.854135198,52.246094,-73.24219,-262.89062
5475104690714,27.874184881,51.660156,-73.63281,-263.3789
5475124740397,27.894234564,52.34375,-73.4375,-263.08594
5475144790080,27.914284247,51.953125,-73.14453,-263.3789
5475164839763,27.93433393,52.246094,-73.92578,-263.57422
5475184889445,27.954383612,52.539062,-73.14453,-262.98828
5475204969646,27.974463813,52.34375,-73.24219,-263.1836
5475225019329,27.994513496,52.246094,-73.63281,-263.08594
5475245069011,28.014563178,52.441406,-73.14453,-263.3789
5475265118694,28.034612861,52.441406,-73.33984,-263.28125
5475285168378,28.054662545,52.148438,-73.53516,-263.1836
5475305218061,28.074712228,52.148438,-73.33984,-263.28125
5475325298260,28.094792427,51.85547,-73.24219,-263.28125
5475345347943,28.11484211,52.05078,-73.63281,-263.67188
5475365397626,28.134891793,52.05078,-74.02344,-263.08594
5475385447310,28.154941477,52.734375,-73.53516,-263.76953
5475405496993,28.17499116,52.63672,-73.53516,-263.96484
5475425546675,28.195040842,52.441406,-73.33984,-263.47656
5475445596358,28.215090525,52.246094,-73.33984,-263.76953
5475465646041,28.235140208,52.441406,-73.24219,-263.76953
5475485726242,28.255220409,52.929688,-73.24219,-263.1836
5475505775924,28.275270091,52.34375,-73.63281,-263.3789
5475525825607,28.295319774,52.05078,-73.14453,-263.08594
5475545535623,28.31502979,52.246094,-73.24219,-264.0625
5475565585305,28.335079472,52.148438,-73.33984,-263.67188
5475585634988,28.355129155,52.148438,-72.85156,-263.57422
5475605684671,28.375178838,52.63672,-74.02344,-263.28125
5475625734354,28.395228521,51.5625,-73.046875,-262.6953
5475645814554,28.415308721,50.683594,-72.75391,-262.40234
5475665864237,28.435358404,52.05078,-72.07031,-263.08594
5475685913920,28.455408087,51.953125,-69.62891,-263.47656
5475705963603,28.47545777,52.246094,-70.3125,-262.98828
5475726013286,28.495507453,52.148438,-67.77344,-262.5
5475746062968,28.515557135,51.85547,-69.82422,-263.28125
5475766112652,28.535606819,52.05078,-71.38672,-263.28125
5475786162335,28.555656502,52.246094,-72.265625,-263.28125
5475806212018,28.575706185,52.148438,-72.36328,-262.79297
5475826261701,28.595755868,52.441406,-73.53516,-263.28125
5475846311384,28.615805551,52.441406,-73.24219,-263.76953
5475866361066,28.635855233,52.34375,-73.73047,-263.76953
5475886380233,28.6558744,52.148438,-73.24219,-263.67188
5475906429915,28.675924082,52.148438,-73.92578,-263.47656
5475926479598,28.695973765,52.734375,-73.63281,-263.1836
5475946529281,28.716023448,51.660156,-72.65625,-261.71875
5475966578964,28.736073131,50.78125,-72.85156,-262.01172
5475986628648,28.756122815,52.441406,-73.24219,-263.76953
5476006678331,28.776172498,52.246094,-73.14453,-262.98828
5476026728013,28.79622218,51.464844,-73.33984,-262.59766
5476046777696,28.816271863,51.85547,-73.14453,-262.01172
5476066827379,28.836321546,52.05078,-73.53516,-263.1836
5476086877062,28.856371229,51.660156,-72.85156,-262.5
5476106896228,28.876390395,51.85547,-72.85156,-262.89062
5476126976428,28.896470595,51.953125,-73.4375,-263.1836
5476147026111,28.916520278,52.539062,-73.53516,-263.1836
5476167075794,28.936569961,52.148438,-72.94922,-263.3789
5476187125477,28.956619644,51.85547,-72.75391,-262.6953
5476207175160,28.976669327,51.953125,-73.33984,-263.08594
5476227224843,28.99671901,52.05078,-73.24219,-262.59766
5476247274526,29.016768693,52.34375,-73.63281,-263.3789
5476267324208,29.036818375,50.585938,-72.265625,-261.23047
5476287404409,29.056898576,52.63672,-73.828125,-262.89062
5476307454092,29.076948259,52.246094,-73.4375,-263.1836
5476327503774,29.096997941,52.63672,-73.4375,-262.79297
5476347553457,29.117047624,52.83203,-73.73047,-263.47656
5476367603141,29.137097308,52.441406,-73.92578,-263.28125
5476387652824,29.157146991,52.441406,-73.63281,-262.89062
5476407702507,29.177196674,52.441406,-73.046875,-263.3789
5476427752190,29.197246357,52.441406,-73.14453,-263.67188
5476447801872,29.217296039,52.148438,-73.33984,-263.28125
5476467851555,29.237345722,52.441406,-73.53516,-262.98828
5476487901238,29.257395405,52.63672,-73.33984,-263.08594
5476507950921,29.277445088,52.441406,-73.14453,-264.0625
5476528000605,29.297494772,52.34375,-73.24219,-263.3789
5476548050288,29.317544455,52.63672,-73.828125,-263.57422
5476568130487,29.337624654,52.539062,-73.63281,-263.57422
5476588180170,29.357674337,51.85547,-73.53516,-263.1836
5476608229854,29.377724021,52.441406,-73.24219,-263.67188
5476628279536,29.397773703,52.63672,-73.828125,-262.98828
5476648329219,29.417823386,52.539062,-73.4375,-263.1836
5476668378902,29.437873069,51.85547,-73.33984,-263.57422
5476688428585,29.457922752,52.441406,-73.92578,-263.67188
5476708478268,29.477972435,52.441406,-72.94922,-263.96484
5476728527951,29.498022118,51.953125,-73.53516,-263.57422
5476748577634,29.518071801,52.34375,-73.14453,-262.6953
5476768657834,29.538152001,52.734375,-72.85156,-262.5
5476788707517,29.558201684,52.246094,-73.14453,-262.6953
5476808757199,29.578251366,51.953125,-73.33984,-263.28125
5476828806883,29.59830105,52.34375,-73.73047,-263.47656
5476848887083,29.61838125,52.34375,-73.53516,-263.76953
5476868936766,29.638430933,52.441406,-73.14453,-263.67188
5476888986448,29.658480615,52.148438,-73.63281,-263.1836
5476909036131,29.678530298,51.367188,-72.46094,-262.59766
5476929085815,29.698579982,52.148438,-73.828125,-263.3789
5476949135498,29.718629665,52.148438,-73.53516,-263.8672
5476969185181,29.738679348,52.34375,-73.53516,-263.3789
5476989234864,29.758729031,52.148438,-73.73047,-262.79297
5477009315064,29.778809231,52.63672,-73.828125,-263.3789
5477029364747,29.798858914,52.246094,-73.14453,-263.28125
5477049414430,29.818908597,52.539062,-73.53516,-263.67188
5477069464112,29.838958279,52.246094,-73.33984,-263.08594
5477089513795,29.859007962,52.63672,-73.33984,-262.98828
5477109563478,29.879057645,52.246094,-73.73047,-263.67188
5477129613161,29.899107328,52.246094,-73.53516,-263.57422
5477149662845,29.919157012,52.441406,-73.33984,-262.89062
5477169743044,29.939237211,52.539062,-73.63281,-262.98828
5477189762210,29.959256377,51.757812,-73.828125,-263.08594
5477209842410,29.979336577,52.63672,-74.41406,-262.98828
5477229892094,29.999386261,51.5625,-72.85156,-262.6953
5477249941776,30.019435943,52.246094,-73.53516,-263.57422
5477269991459,30.039485626,52.246094,-73.33984,-262.98828
5477290041142,30.059535309,52.539062,-73.73047,-264.0625
5477310090825,30.079584992,52.929688,-74.12109,-263.28125
5477330140508,30.099634675,52.34375,-72.85156,-263.28125
5477350190191,30.119684358,52.34375,-74.02344,-262.6953
5477370239873,30.13973404,52.63672,-73.92578,-263.1836
5477390289557,30.159783724,52.441406,-74.609375,-263.1836
5477410430791,30.179924958,52.539062,-74.31641,-263.28125
5477430480474,30.199974641,52.63672,-74.41406,-263.1836
5477450530156,30.220024323,52.148438,-74.51172,-263.3789
5477470579839,30.240074006,52.539062,-74.90234,-262.89062
5477490629523,30.26012369,52.34375,-74.51172,-263.08594
5477510679206,30.280173373,52.734375,-74.12109,-263.28125
5477530728889,30.300223056,52.148438,-74.609375,-263.57422
5477550778572,30.320272739,50.683594,-72.65625,-261.32812
5477570858772,30.340352939,51.171875,-72.94922,-261.6211
5477590908455,30.360402622,52.34375,-74.12109,-263.76953
5477610958138,30.380452305,52.63672,-73.92578,-263.76953
5477631007820,30.400501987,52.34375,-74.31641,-263.67188
5477651057503,30.42055167,52.63672,-73.828125,-263.76953
5477671137704,30.440631871,52.05078,-73.73047,-262.89062
5477691187387,30.460681554,52.63672,-73.828125,-263.47656
5477711237069,30.480731236,52.05078,-73.828125,-263.08594
5477731286752,30.500780919,52.34375,-74.21875,-262.79297
5477751336435,30.520830602,52.539062,-73.73047,-262.89062
5477771386118,30.540880285,52.441406,-73.53516,-262.98828
5477791435802,30.560929969,52.63672,-74.02344,-262.79297
5477811485485,30.580979652,51.660156,-73.73047,-262.98828
5477831504650,30.600998817,52.441406,-71.484375,-262.79297
5477851554333,30.6210485,51.757812,-69.53125,-262.89062
5477871604016,30.641098183,51.464844,-73.33984,-262.20703
5477891653699,30.661147866,52.539062,-74.41406,-263.47656
5477911703382,30.681197549,52.63672,-74.21875,-262.6953
5477931753065,30.701247232,52.148438,-74.21875,-262.79297
5477951802748,30.721296915,52.34375,-73.92578,-262.79297
5477971852431,30.741346598,52.34375,-74.02344,-263.08594
5477991902113,30.76139628,52.34375,-74.70703,-263.47656
5478011951797,30.781445964,52.34375,-74.51172,-262.89062
5478032001480,30.801495647,52.148438,-74.02344,-263.3789
5478052051163,30.82154533,51.953125,-73.828125,-262.89062
5478072100846,30.841595013,52.148438,-74.12109,-263.57422
5478092150529,30.861644696,52.441406,-74.12109,-263.28125
5478112200211,30.881694378,52.929688,-74.70703,-263.28125
5478132249894,30.901744061,52.34375,-74.51172,-262.6953
5478152299577,30.921793744,52.441406,-74.31641,-264.0625
5478172349261,30.941843428,52.539062,-74.51172,-263.28125
5478192398944,30.961893111,52.05078,-74.41406,-262.10938
5478212448626,30.981942793,51.85547,-73.63281,-262.5
5478232498309,31.001992476,50.78125,-73.24219,-261.1328
5478252547992,31.022042159,52.34375,-74.41406,-262.59766
5478272597675,31.042091842,52.734375,-74.12109,-263.47656
5478292677875,31.062172042,52.441406,-74.41406,-263.47656
5478312697042,31.082191209,52.539062,-74.02344,-263.08594
5478332777241,31.102271408,52.539062,-74.21875,-263.08594
5478352826924,31.122321091,52.441406,-74.02344,-263.57422
5478372876607,31.142370774,52.734375,-74.51172,-263.47656
5478392926291,31.162420458,52.34375,-74.31641,-263.3789
5478412975973,31.18247014,52.34375,-74.12109,-263.3789
5478432995139,31.202489306,52.246094,-74.21875,-263.47656
5478453044822,31.222538989,52.246094,-74.609375,-262.98828
5478473125022,31.242619189,52.539062,-74.21875,-263.3789
5478493174705,31.262668872,52.148438,-74.31641,-262.79297
5478513224387,31.282718554,51.660156,-73.53516,-261.32812
5478533274070,31.302768237,52.539062,-73.92578,-263.47656
5478553323754,31.322817921,52.539062,-74.609375,-263.28125
5478573373437,31.342867604,52.246094,-73.63281,-263.1836
5478593423120,31.362917287,52.34375,-73.828125,-262.98828
5478613472803,31.38296697,52.734375,-74.31641,-263.28125
5478633522485,31.403016652,52.441406,-74.21875,-262.59766
5478653602686,31.423096853,52.148438,-74.02344,-262.89062
5478673652369,31.443146536,52.34375,-74.90234,-263.76953
5478693702052,31.463196219,51.953125,-74.21875,-263.08594
5478713751734,31.483245901,52.148438,-74.41406,-263.47656
5478733801417,31.503295584,51.953125,-74.21875,-262.20703
5478753851100,31.523345267,52.34375,-74.02344,-263.76953
5478773931300,31.543425467,52.734375,-73.828125,-263.3789
5478793980983,31.56347515,52.246094,-74.02344,-263.28125
5478814030666,31.583524833,52.34375,-73.828125,-262.10938
5478834080349,31.603574516,51.26953,-73.53516,-261.32812
5478854130033,31.6236242,51.953125,-74.12109,-263.08594
5478874210232,31.643704399,52.05078,-73.4375,-263.3789
5478894259915,31.663754082,52.63672,-74.02344,-263.1836
5478914309598,31.683803765,52.441406,-74.51172,-263.08594
5478934359282,31.703853449,52.05078,-74.12109,-262.98828
5478954408964,31.723903131,52.246094,-73.73047,-262.40234
5478974489164,31.743983331,52.148438,-74.21875,-263.3789
5478994538847,31.764033014,52.441406,-74.41406,-263.47656
5479014588530,31.784082697,52.246094,-74.41406,-263.47656
5479034638213,31.80413238,52.34375,-74.41406,-263.08594
5479054687896,31.824182063,52.441406,-74.609375,-262.98828
5479074737579,31.844231746,52.539062,-74.609375,-263.28125
5479094787262,31.864281429,52.148438,-74.21875,-264.0625
5479114836945,31.884331112,52.734375,-74.609375,-262.98828
5479134886627,31.904380794,51.464844,-73.828125,-261.91406
5479154936310,31.924430477,51.07422,-72.85156,-261.71875
5479174985994,31.944480161,52.734375,-74.02344,-262.3047
5479195035677,31.964529844,51.757812,-73.33984,-262.5
5479215054842,31.984549009,51.953125,-74.12109,-262.20703
5479235104526,32.004598693,51.171875,-73.4375,-262.3047
5479255154209,32.024648376,51.660156,-73.53516,-261.71875
5479275203892,32.044698059,52.63672,-73.53516,-263.1836
5479295253575,32.064747742,51.757812,-73.046875,-262.59766
5479315303257,32.084797424,52.34375,-73.24219,-262.6953
5479335352940,32.104847107,52.246094,-72.85156,-263.28125
5479355402623,32.12489679,52.34375,-72.55859,-262.6953
5479375452306,32.144946473,52.34375,-73.4375,-263.57422
5479395501990,32.164996157,52.63672,-74.41406,-263.28125
5479415551672,32.185045839,52.539062,-73.92578,-263.08594
5479435601355,32.205095522,52.734375,-74.609375,-262.59766
5479455651038,32.225145205,52.148438,-74.02344,-263.57422
5479475700721,32.245194888,52.539062,-73.828125,-262.79297
5479495750404,32.265244571,52.441406,-74.12109,-263.76953
5479515800087,32.285294254,52.34375,-74.41406,-263.3789
5479535849770,32.305343937,52.246094,-74.02344,-263.76953
5479555899453,32.32539362,52.246094,-74.02344,-262.6953
5479575949136,32.345443303,52.83203,-74.41406,-263.1836
5479595998819,32.365492986,52.34375,-74.12109,-263.3789
5479616048502,32.385542669,52.734375,-74.12109,-262.98828
5479636098185,32.405592352,52.34375,-74.609375,-263.47656
5479656147867,32.425642034,52.441406,-74.90234,-262.79297
5479676197550,32.445691717,52.246094,-73.92578,-262.5
5479696247234,32.465741401,52.34375,-74.51172,-263.1836
5479716296917,32.485791084,52.929688,-74.70703,-263.28125
5479736346600,32.505840767,52.929688,-74.02344,-264.16016
5479756365766,32.525859933,52.734375,-74.02344,-262.89062
5479776415449,32.545909616,52.63672,-73.92578,-263.1836
5479796495648,32.565989815,52.63672,-74.02344,-262.59766
5479816545331,32.586039498,52.63672,-74.12109,-263.28125
5479836595015,32.606089182,52.539062,-74.609375,-263.1836
5479856644698,32.626138865,52.929688,-74.21875,-263.1836
5479876694381,32.646188548,52.83203,-74.51172,-263.47656
5479896744063,32.66623823,52.929688,-73.92578,-262.89062
5479916793746,32.686287913,52.734375,-74.609375,-262.98828
5479936843429,32.706337596,53.125,-74.80469,-263.1836
5479956893112,32.726387279,53.320312,-74.51172,-263.1836
5479976942796,32.746436963,52.83203,-74.70703,-263.08594
5479996992479,32.766486646,52.83203,-74.12109,-263.1836
5480017011644,32.786505811,52.83203,-74.609375,-262.98828
5480037061327,32.806555494,52.734375,-73.92578,-263.47656
5480057111010,32.826605177,51.953125,-74.21875,-262.79297
5480077160693,32.84665486,52.929688,-73.4375,-262.6953
5480097210376,32.866704543,52.34375,-70.703125,-262.98828
5480117260059,32.886754226,52.83203,-72.265625,-262.79297
5480137309742,32.906803909,52.441406,-70.60547,-262.20703
5480157359425,32.926853592,52.63672,-72.94922,-262.3047
5480177409107,32.946903274,52.246094,-70.99609,-262.40234
5480197458791,32.966952958,52.246094,-71.28906,-261.91406
5480217508474,32.987002641,52.734375,-73.24219,-264.35547
5480237558157,33.007052324,52.539062,-70.80078,-262.98828
5480257607840,33.027102007,52.83203,-74.02344,-262.89062
5480277627006,33.047121173,52.83203,-74.609375,-263.1836
5480297676689,33.067170856,52.63672,-74.41406,-263.47656
5480317726372,33.087220539,52.539062,-73.828125,-263.08594
5480337776054,33.107270221,52.246094,-74.31641,-263.08594
5480357825737,33.127319904,53.125,-74.21875,-263.3789
5480377875420,33.147369587,53.027344,-73.73047,-263.57422
5480397925103,33.16741927,53.515625,-74.31641,-263.3789
5480417944269,33.187438436,53.027344,-74.21875,-262.59766
5480437993952,33.207488119,52.63672,-74.41406,-263.08594
5480458043635,33.227537802,52.734375,-74.02344,-263.47656
5480478093319,33.247587486,53.027344,-74.31641,-263.67188
5480498143001,33.267637168,52.83203,-74.41406,-263.08594
5480518162167,33.287656334,53.027344,-74.41406,-263.08594
5480538242367,33.307736534,52.539062,-74.41406,-262.6953
5480558261533,33.3277557,52.734375,-74.51172,-263.1836
5480578311216,33.347805383,52.539062,-74.12109,-262.89062
5480598391416,33.367885583,52.441406,-74.21875,-263.08594
5480618441098,33.387935265,53.027344,-73.828125,-262.5
5480638490782,33.407984949,52.539062,-74.12109,-263.76953
5480658540465,33.428034632,52.929688,-74.12109,-263.47656
5480678590148,33.448084315,52.83203,-74.51172,-262.98828
5480698639831,33.468133998,53.222656,-74.31641,-264.16016
5480718689514,33.488183681,52.734375,-73.828125,-263.3789
5480738739196,33.508233363,52.83203,-74.51172,-262.98828
5480758788879,33.528283046,52.539062,-73.73047,-263.47656
5480778838563,33.54833273,52.34375,-74.21875,-262.79297
5480798888246,33.568382413,52.539062,-73.828125,-262.5
5480818937929,33.588432096,52.63672,-74.31641,-263.1836
5480838987612,33.608481779,52.734375,-74.51172,-263.1836
5480859037294,33.628531461,53.222656,-74.21875,-262.89062
5480879086977,33.648581144,52.929688,-74.70703,-263.08594
5480899136660,33.668630827,52.929688,-74.51172,-262.6953
5480919186344,33.688680511,52.83203,-74.609375,-263.28125
5480939236027,33.708730194,52.539062,-74.21875,-263.3789
5480959285710,33.728779877,53.027344,-74.21875,-263.08594
5480979335392,33.748829559,52.734375,-74.12109,-263.3789
5480999385075,33.768879242,52.734375,-74.21875,-263.1836
5481019434758,33.788928925,52.83203,-73.4375,-263.28125
5481039484441,33.808978608,52.63672,-74.21875,-263.47656
5481059534124,33.829028291,52.539062,-74.41406,-262.98828
5481079583807,33.849077974,52.441406,-74.41406,-263.28125
5481099633490,33.869127657,53.125,-74.609375,-263.76953
5481119683173,33.88917734,52.539062,-74.70703,-263.47656
5481139732856,33.909227023,52.539062,-74.31641,-262.98828
5481159782539,33.929276706,52.63672,-74.41406,-262.89062
5481179832222,33.949326389,52.63672,-74.80469,-263.3789
5481199881904,33.969376071,52.34375,-74.51172,-263.28125
5481219931588,33.989425755,52.734375,-74.31641,-263.1836
5481239981271,34.009475438,52.734375,-74.21875,-263.67188
5481260061471,34.029555638,52.929688,-74.41406,-263.57422
5481280111153,34.04960532,52.929688,-74.31641,-263.3789
5481300160837,34.069655004,53.027344,-74.41406,-262.98828
5481320210520,34.089704687,53.027344,-73.828125,-263.1836
5481340290719,34.109784886,52.734375,-74.02344,-263.47656
5481360309886,34.129804053,52.734375,-74.21875,-262.89062
5481380390085,34.149884252,52.734375,-74.02344,-264.16016
5481400439769,34.169933936,52.929688,-73.828125,-263.1836
5481420489452,34.189983619,52.441406,-74.31641,-263.28125
5481440539135,34.210033302,52.83203,-74.02344,-263.76953
5481460588817,34.230082984,52.734375,-74.21875,-262.98828
5481480638500,34.250132667,53.027344,-74.12109,-263.3789
5481500688183,34.27018235,52.63672,-74.21875,-263.47656
5481520737866,34.290232033,52.63672,-74.31641,-263.3789
5481540787550,34.310281717,52.734375,-74.51172,-263.57422
5481560837233,34.3303314,52.539062,-74.609375,-262.79297
5481580886915,34.350381082,52.929688,-74.51172,-263.28125
5481600936598,34.370430765,52.83203,-74.41406,-263.1836
5481620986281,34.390480448,52.734375,-74.21875,-263.08594
5481641035964,34.410530131,52.63672,-74.41406,-263.1836
5481661085647,34.430579814,52.83203,-74.51172,-263.28125
5481681135330,34.450629497,52.929688,-74.51172,-264.35547
5481701185013,34.47067918,53.222656,-74.31641,-263.28125
5481721234696,34.490728863,52.63672,-74.31641,-262.40234
5481741284379,34.510778546,52.83203,-74.51172,-262.79297
5481761334062,34.530828229,52.63672,-73.92578,-262.98828
5481781414262,34.550908429,52.734375,-74.12109,-262.79297
5481801494462,34.570988629,52.63672,-73.828125,-263.1836
5481821544144,34.591038311,52.734375,-74.31641,-263.28125
5481841593827,34.611087994,52.929688,-74.41406,-263.8672
5481861643511,34.631137678,52.83203,-74.51172,-263.76953
5481881693194,34.651187361,53.027344,-74.80469,-263.28125
5481901742877,34.671237044,52.83203,-74.21875,-263.08594
5481921792560,34.691286727,52.83203,-74.41406,-263.28125
5481941842242,34.711336409,52.929688,-73.53516,-262.79297
5481961891925,34.731386092,53.027344,-73.92578,-262.6953
5481981941608,34.751435775,52.83203,-73.92578,-263.3789
5482001991292,34.771485459,52.83203,-74.41406,-262.98828
5482022040975,34.791535142,52.63672,-74.41406,-263.08594
5482042090658,34.811584825,52.83203,-73.92578,-262.98828
5482062170857,34.831665024,52.929688,-74.51172,-263.1836
5482082220541,34.851714708,53.125,-74.31641,-262.98828
5482102270224,34.871764391,53.222656,-74.02344,-263.28125
5482122319906,34.891814073,52.83203,-74.41406,-263.47656
5482142369589,34.911863756,52.83203,-74.41406,-263.28125
5482162419272,34.931913439,52.05078,-74.80469,-263.3789
5482182468955,34.951963122,52.441406,-74.51172,-263.08594
5482202518638,34.972012805,52.734375,-74.12109,-263.08594
5482222568321,34.992062488,52.734375,-74.609375,-263.28125
5482242618004,35.012112171,53.027344,-74.609375,-263.28125
5482262698204,35.032192371,52.734375,-73.92578,-262.79297
5482282747887,35.052242054,52.539062,-74.41406,-262.89062
5482302797569,35.072291736,52.83203,-74.41406,-263.1836
5482322847253,35.09234142,52.63672,-74.51172,-263.08594
5482342896936,35.112391103,52.83203,-74.41406,-263.96484
5482362946619,35.132440786,52.929688,-74.70703,-263.3789
5482382996302,35.152490469,52.63672,-74.70703,-262.5
5482403045985,35.172540152,52.539062,-74.51172,-263.57422
5482423126185,35.192620352,52.63672,-74.609375,-263.3789
5482443175868,35.212670035,52.83203,-74.41406,-263.1836
5482463225551,35.232719718,52.83203,-74.21875,-263.28125
5482483275234,35.252769401,52.539062,-74.21875,-263.76953
5482503324916,35.272819083,52.734375,-74.21875,-263.3789
5482523374599,35.292868766,52.83203,-74.609375,-262.98828
5482543424283,35.31291845,52.734375,-74.12109,-263.8672
5482563473966,35.332968133,52.539062,-74.12109,-262.6953
5482583554165,35.353048332,52.734375,-74.609375,-263.47656
5482603603848,35.373098015,52.734375,-74.41406,-262.98828
5482623653531,35.393147698,52.734375,-74.31641,-262.79297
5482643703215,35.413197382,53.027344,-73.92578,-262.98828
5482663752898,35.433247065,52.929688,-74.41406,-263.57422
5482683802580,35.453296747,52.83203,-74.02344,-262.79297
5482703852263,35.47334643,52.34375,-74.21875,-262.5
5482723901946,35.493396113,52.34375,-74.12109,-263.1836
5482743951629,35.513445796,52.83203,-74.41406,-262.98828
5482764001312,35.533495479,53.027344,-74.21875,-263.3789
5482784050996,35.553545163,52.734375,-74.02344,-263.57422
5482804100678,35.573594845,52.734375,-73.73047,-263.28125
5482824150361,35.593644528,52.539062,-74.70703,-263.47656
5482844200044,35.613694211,53.320312,-74.21875,-263.28125
5482864249727,35.633743894,52.929688,-74.02344,-263.67188
5482884299410,35.653793577,52.63672,-74.41406,-263.1836
5482904349092,35.673843259,52.83203,-74.02344,-263.3789
5482924398776,35.693892943,52.734375,-74.21875,-263.57422
5482944448459,35.713942626,53.027344,-74.41406,-263.47656
5482964498142,35.733992309,52.441406,-74.21875,-263.47656
5482984547825,35.754041992,53.027344,-74.31641,-262.6953
5483004597508,35.774091675,52.83203,-74.51172,-263.8672
5483024647190,35.794141357,53.027344,-74.31641,-263.3789
5483044696873,35.81419104,53.222656,-74.70703,-263.57422
5483064746556,35.834240723,52.83203,-74.21875,-263.1836
5483084796240,35.854290407,53.125,-74.31641,-263.47656
5483104845923,35.87434009,52.539062,-74.21875,-263.3789
5483124895606,35.894389773,52.734375,-74.51172,-263.3789
5483144945288,35.914439455,53.125,-73.828125,-263.28125
5483164994971,35.934489138,52.539062,-74.12109,-263.28125
5483185044654,35.954538821,52.63672,-73.92578,-262.98828
5483205094337,35.974588504,53.125,-74.21875,-263.8672
5483225144021,35.994638188,52.929688,-74.31641,-263.28125
5483245193704,36.014687871,52.441406,-74.02344,-262.79297
5483265243386,36.034737553,52.734375,-74.21875,-263.3789
5483285293069,36.054787236,52.929688,-73.828125,-263.28125
5483305312235,36.074806402,53.027344,-74.51172,-262.89062
5483325361918,36.094856085,52.734375,-74.70703,-262.89062
5483345411601,36.114905768,53.125,-74.51172,-263.1836
5483365461284,36.134955451,52.929688,-74.12109,-263.3789
5483385510967,36.155005134,53.027344,-74.70703,-263.57422
5483405560650,36.175054817,52.83203,-74.21875,-262.79297
5483425640850,36.195135017,53.125,-74.02344,-262.59766
5483445690533,36.2151847,52.83203,-74.31641,-263.57422
5483465740216,36.235234383,52.734375,-73.828125,-263.3789
5483485789898,36.255284065,52.734375,-74.12109,-262.89062
5483505839581,36.275333748,52.539062,-74.51172,-263.3789
5483525889265,36.295383432,52.83203,-74.41406,-263.3789
5483545908430,36.315402597,52.83203,-74.51172,-262.98828
5483565958113,36.33545228,52.63672,-73.33984,-263.1836
5483586038314,36.355532481,53.027344,-74.80469,-263.57422
5483606087996,36.375582163,52.83203,-74.21875,-262.89062
5483626198713,36.39569288,52.539062,-74.02344,-263.28125
5483646248396,36.415742563,53.027344,-74.41406,-263.28125
5483666298079,36.435792246,53.027344,-74.51172,-263.08594
5483686347763,36.45584193,52.734375,-73.33984,-262.89062
5483706427962,36.475922129,52.63672,-74.31641,-262.6953
5483726477645,36.495971812,52.83203,-74.51172,-262.98828
5483746527328,36.516021495,52.63672,-73.92578,-262.6953
5483766577011,36.536071178,52.734375,-74.02344,-263.1836
5483786626695,36.556120862,53.027344,-73.4375,-263.28125
5483806676377,36.576170544,52.63672,-73.828125,-262.98828
5483826726060,36.596220227,52.63672,-74.31641,-263.1836
5483846775743,36.61626991,52.929688,-74.70703,-262.98828
5483866855944,36.636350111,52.734375,-74.12109,-263.28125
5483886905626,36.656399793,52.929688,-75.09766,-263.47656
5483906955309,36.676449476,52.83203,-73.63281,-262.6953
5483927004992,36.696499159,52.83203,-74.21875,-263.1836
5483947085192,36.716579359,52.63672,-71.09375,-262.79297
5483967134875,36.736629042,52.929688,-74.21875,-263.3789
5483987184558,36.756678725,53.027344,-74.21875,-263.47656
5484007234241,36.776728408,52.734375,-74.21875,-263.08594
5484027283924,36.796778091,52.734375,-74.12109,-263.08594
5484047364124,36.816858291,52.83203,-73.73047,-263.47656
5484067413807,36.836907974,52.734375,-74.31641,-263.1836
5484087463490,36.856957657,52.734375,-74.21875,-263.76953
5484107513173,36.87700734,52.441406,-74.21875,-262.79297
5484127562855,36.897057022,52.734375,-74.51172,-262.98828
5484147612538,36.917106705,52.63672,-74.21875,-263.1836
5484167662222,36.937156389,52.929688,-74.609375,-263.47656
5484187711905,36.957206072,53.027344,-74.02344,-263.08594
5484207761588,36.977255755,52.83203,-74.70703,-262.79297
5484227811271,36.997305438,52.441406,-74.31641,-263.1836
5484247860953,37.01735512,53.027344,-74.80469,-262.98828
5484267910636,37.037404803,52.83203,-74.51172,-263.76953
5484287990837,37.057485004,52.734375,-74.609375,-262.6953
5484308040519,37.077534686,53.027344,-74.90234,-263.47656
5484328090202,37.097584369,52.83203,-73.92578,-263.3789
5484348139885,37.117634052,52.734375,-74.12109,-263.57422
5484368189568,37.137683735,52.83203,-74.609375,-263.28125
5484388239251,37.157733418,53.222656,-74.41406,-263.08594
5484408288935,37.177783102,52.83203,-74.51172,-263.08594
5484428369134,37.197863301,52.63672,-74.02344,-263.3789
5484448418817,37.217912984,52.539062,-73.63281,-263.57422
5484468468500,37.237962667,52.246094,-74.41406,-262.98828
5484488518184,37.258012351,52.734375,-73.828125,-263.3789
5484508567866,37.278062033,52.83203,-74.609375,-262.59766
5484528617549,37.298111716,52.34375,-74.609375,-262.89062
5484548667232,37.318161399,52.734375,-74.31641,-262.98828
5484568716915,37.338211082,52.734375,-74.31641,-263.3789
5484588766598,37.358260765,53.125,-74.80469,-263.1836
5484608816280,37.378310447,52.83203,-74.31641,-262.79297
5484628896481,37.398390648,52.734375,-74.02344,-263.3789
5484648946164,37.418440331,52.63672,-74.12109,-263.1836
5484668995847,37.438490014,52.734375,-74.21875,-264.16016
5484689045529,37.458539696,52.929688,-74.41406,-263.1836
5484709095212,37.478589379,52.734375,-73.73047,-263.67188
5484729144896,37.498639063,53.027344,-74.31641,-263.3789
5484749194579,37.518688746,52.734375,-73.92578,-262.98828
5484769244262,37.538738429,52.539062,-74.21875,-262.89062
5484789293945,37.558788112,52.441406,-73.828125,-262.79297
5484809343627,37.578837794,52.929688,-73.53516,-263.1836
5484829393310,37.598887477,52.734375,-74.31641,-263.28125
5484849442993,37.61893716,52.83203,-74.41406,-264.0625
5484869523193,37.63901736,52.734375,-74.31641,-263.1836
5484889572876,37.659067043,52.734375,-74.02344,-263.57422
5484909622559,37.679116726,53.027344,-73.63281,-262.89062
5484929672242,37.699166409,53.222656,-73.92578,-263.76953
5484949721926,37.719216093,52.34375,-74.12109,-263.1836
5484969771609,37.739265776,52.929688,-74.41406,-262.98828
5484989821291,37.759315458,52.734375,-74.31641,-262.98828
5485009870974,37.779365141,52.63672,-73.828125,-263.08594
5485029981691,37.799475858,52.34375,-73.73047,-262.79297
5485050031374,37.819525541,52.539062,-73.63281,-263.28125
5485070081057,37.839575224,52.63672,-73.73047,-263.08594
5485090130740,37.859624907,52.734375,-74.21875,-263.1836
5485110180423,37.87967459,53.027344,-74.02344,-263.28125
5485130230106,37.899724273,52.63672,-73.92578,-263.3789
5485150279789,37.919773956,52.929688,-74.31641,-262.98828
5485170329472,37.939823639,51.757812,-74.12109,-262.5
5485190379155,37.959873322,52.929688,-74.31641,-263.47656
5485210398321,37.979892488,52.83203,-74.70703,-263.67188
5485230448004,37.999942171,52.63672,-74.02344,-263.3789
5485250497687,38.019991854,52.148438,-73.92578,-262.89062
5485270547370,38.040041537,52.929688,-74.51172,-262.98828
5485290597052,38.060091219,53.027344,-74.51172,-263.1836
5485310646735,38.080140902,52.83203,-74.21875,-263.08594
5485330665901,38.100160068,52.63672,-74.21875,-262.6953
5485350715584,38.120209751,52.83203,-73.92578,-262.89062
5485370765267,38.140259434,52.83203,-74.12109,-262.89062
5485390814950,38.160309117,52.539062,-73.92578,-263.57422
5485410864634,38.180358801,52.83203,-74.31641,-262.5
5485430914317,38.200408484,53.125,-74.609375,-263.28125
5485450963999,38.220458166,52.929688,-74.41406,-263.8672
5485471013682,38.240507849,52.441406,-74.51172,-263.57422
5485491063365,38.260557532,53.125,-74.90234,-263.3789
5485511113048,38.280607215,52.441406,-74.02344,-263.1836
5485531162731,38.300656898,53.125,-74.31641,-263.1836
5485551212415,38.320706582,52.929688,-74.609375,-262.89062
5485571262097,38.340756264,52.63672,-74.51172,-262.98828
5485591311780,38.360805947,52.734375,-74.609375,-262.79297
5485611330946,38.380825113,53.125,-74.12109,-263.08594
5485631380629,38.400874796,52.539062,-73.53516,-263.28125
5485651430312,38.420924479,52.83203,-74.12109,-263.1836
5485671479995,38.440974162,52.63672,-74.31641,-262.98828
5485691529678,38.461023845,53.027344,-74.12109,-263.08594
5485711579361,38.481073528,52.83203,-74.21875,-263.3789
5485731629043,38.50112321,52.83203,-74.51172,-263.08594
5485751678726,38.521172893,52.441406,-73.73047,-263.08594
5485771758927,38.541253094,52.83203,-73.92578,-263.28125
5485791808610,38.561302777,52.929688,-74.31641,-263.57422
5485811858292,38.581352459,53.125,-74.12109,-263.1836
5485831938493,38.60143266,52.734375,-74.21875,-263.57422
5485851957659,38.621451826,52.83203,-74.70703,-263.28125
5485872007342,38.641501509,52.83203,-74.609375,-263.3789
5485892087541,38.661581708,52.929688,-74.70703,-262.98828
5485912137224,38.681631391,52.929688,-74.12109,-263.57422
5485932186908,38.701681075,52.34375,-74.12109,-263.08594
5485952236591,38.721730758,52.734375,-74.31641,-263.28125
5485972286274,38.741780441,52.929688,-74.12109,-264.0625
5485992335956,38.761830123,52.83203,-74.31641,-262.98828
5486012385639,38.781879806,52.63672,-74.51172,-262.79297
5486032435322,38.801929489,52.63672,-73.92578,-263.08594
5486052485005,38.821979172,52.83203,-74.41406,-263.08594
5486072534689,38.842028856,53.027344,-74.80469,-263.76953
5486092584372,38.862078539,52.83203,-74.21875,-263.67188
5486112634054,38.882128221,52.929688,-74.41406,-263.57422
5486132683737,38.902177904,52.734375,-74.21875,-262.6953
5486152733420,38.922227587,52.83203,-74.51172,-263.76953
5486172783103,38.94227727,52.83203,-74.31641,-263.08594
5486192832786,38.962326953,52.929688,-73.73047,-262.79297
5486212882468,38.982376635,52.83203,-73.92578,-263.1836
5486232932152,39.002426319,52.83203,-73.92578,-263.3789
5486252981835,39.022476002,52.63672,-74.41406,-263.1836
5486273031518,39.042525685,52.63672,-74.21875,-262.6953
5486293081201,39.062575368,52.441406,-73.63281,-263.28125
5486313130884,39.082625051,52.63672,-74.02344,-263.1836
5486333211084,39.102705251,52.734375,-74.21875,-262.98828
5486353260767,39.122754934,52.83203,-74.609375,-262.89062
5486373279933,39.1427741,52.83203,-73.828125,-262.6953
5486393360133,39.1628543,52.34375,-74.02344,-263.47656
5486413409815,39.182903982,52.63672,-74.41406,-263.1836
5486433428982,39.202923149,53.027344,-74.609375,-263.1836
5486453478664,39.222972831,52.34375,-74.12109,-262.40234
5486473528347,39.243022514,52.83203,-74.609375,-263.08594
5486493578030,39.263072197,52.63672,-74.31641,-263.1836
5486513627713,39.28312188,53.125,-74.41406,-263.28125
5486533677397,39.303171564,52.734375,-74.41406,-262.89062
5486553727080,39.323221247,52.441406,-73.92578,-263.1836
5486573776762,39.343270929,52.929688,-74.21875,-263.1836
5486593826445,39.363320612,52.83203,-74.21875,-263.76953
5486613876128,39.383370295,52.929688,-74.51172,-263.28125
5486633925811,39.403419978,52.734375,-74.02344,-263.28125
5486653975494,39.423469661,52.734375,-74.70703,-263.08594
5486674025178,39.443519345,52.83203,-74.609375,-263.1836
5486694074860,39.463569027,52.83203,-73.92578,-263.28125
5486714124543,39.48361871,52.539062,-74.21875,-263.57422
5486734174226,39.503668393,52.83203,-74.51172,-262.40234
5486754223909,39.523718076,52.539062,-73.53516,-263.08594
5486774273592,39.543767759,52.929688,-73.73047,-263.3789
5486794323274,39.563817441,52.83203,-73.828125,-262.98828
5486814372957,39.583867124,52.63672,-73.73047,-263.76953
5486834422641,39.603916808,52.83203,-74.02344,-263.28125
5486854472324,39.623966491,52.539062,-73.4375,-262.98828
5486874522007,39.644016174,52.734375,-74.02344,-263.67188
5486894571690,39.664065857,52.929688,-74.12109,-262.98828
5486914651890,39.684146057,52.929688,-74.02344,-262.79297
5486934701573,39.70419574,52.63672,-73.92578,-263.57422
5486954751256,39.724245423,53.027344,-74.02344,-263.1836
5486974800939,39.744295106,52.539062,-74.51172,-263.1836
5486994850621,39.764344788,52.83203,-74.21875,-263.28125
5487014900304,39.784394471,52.929688,-74.51172,-262.79297
5487034949987,39.804444154,52.63672,-74.41406,-263.28125
5487054999671,39.824493838,52.929688,-74.51172,-263.3789
5487075049354,39.844543521,52.83203,-74.609375,-262.59766
5487095099036,39.864593203,52.83203,-74.51172,-263.08594
5487115179236,39.884673403,52.83203,-74.41406,-262.98828
5487135228920,39.904723087,52.734375,-74.02344,-262.79297
5487155278603,39.92477277,52.734375,-74.41406,-263.57422
5487175328285,39.944822452,53.027344,-74.609375,-263.08594
5487195377968,39.964872135,52.734375,-74.21875,-262.79297
5487215427651,39.984921818,52.83203,-74.21875,-263.57422
5487235507851,40.005002018,52.734375,-73.828125,-262.79297
5487255557534,40.025051701,53.222656,-74.609375,-263.57422
5487275607217,40.045101384,53.125,-74.51172,-263.1836
5487295656900,40.065151067,52.441406,-73.828125,-262.79297
5487315706583,40.08520075,52.83203,-74.41406,-263.1836
5487335756266,40.105250433,52.734375,-74.12109,-263.08594
5487355805948,40.125300115,52.929688,-74.609375,-262.98828
5487375855632,40.145349799,52.734375,-74.21875,-263.28125
5487395905315,40.165399482,52.63672,-74.12109,-263.47656
5487415954998,40.185449165,53.222656,-74.21875,-262.98828
5487436004681,40.205498848,52.539062,-74.31641,-263.57422
5487456054364,40.225548531,52.929688,-74.51172,-263.76953
5487476104046,40.245598213,52.63672,-73.73047,-263.28125
5487496153729,40.265647896,53.027344,-74.31641,-263.3789
5487516203413,40.28569758,52.929688,-74.12109,-262.6953
5487536253096,40.305747263,52.929688,-74.80469,-262.6953
5487556302779,40.325796946,52.539062,-74.21875,-263.3789
5487576352462,40.345846629,52.83203,-74.41406,-263.8672
5487596432661,40.365926828,52.83203,-74.609375,-263.1836
5487616482345,40.385976512,52.63672,-74.31641,-263.47656
5487636532028,40.406026195,52.929688,-74.90234,-263.57422
5487656551193,40.42604536,52.539062,-74.31641,-263.28125
5487676631393,40.44612556,52.83203,-74.41406,-262.89062
5487696681076,40.466175243,52.929688,-74.21875,-263.1836
5487716730759,40.486224926,52.83203,-74.02344,-263.08594
5487736780442,40.506274609,53.027344,-74.31641,-263.1836
5487756830126,40.526324293,52.441406,-74.02344,-262.59766
5487776879808,40.546373975,52.441406,-73.33984,-262.98828
5487796960008,40.566454175,52.83203,-73.63281,-262.59766
5487816979174,40.586473341,52.734375,-74.02344,-263.76953
5487837059374,40.606553541,52.929688,-74.51172,-263.28125
5487857109057,40.626603224,52.63672,-74.31641,-263.08594
5487877158740,40.646652907,52.734375,-74.21875,-263.1836
5487897208423,40.66670259,53.222656,-74.31641,-263.57422
5487917258106,40.686752273,52.734375,-74.41406,-263.47656
5487937307789,40.706801956,52.734375,-73.92578,-263.1836
5487957357471,40.726851638,52.63672,-74.41406,-263.28125
5487977407154,40.746901321,52.63672,-74.51172,-262.59766
5487997456838,40.766951005,52.734375,-73.828125,-263.28125
5488017506521,40.787000688,53.027344,-74.70703,-263.08594
5488037556204,40.807050371,52.734375,-74.41406,-263.08594
5488057605887,40.827100054,52.734375,-74.12109,-263.3789
5488077655569,40.847149736,51.85547,-74.21875,-263.57422
5488097705252,40.867199419,52.734375,-74.21875,-262.6953
5488117754935,40.887249102,52.63672,-74.31641,-262.89062
5488137804619,40.907298786,52.734375,-74.609375,-263.47656
5488157854302,40.927348469,52.83203,-74.51172,-263.3789
5488177903985,40.947398152,52.929688,-74.02344,-262.79297
5488197953667,40.967447834,52.441406,-74.41406,-262.79297
5488217972834,40.987467001,52.63672,-74.12109,-262.79297
5488238022516,41.007516683,53.125,-74.41406,-263.28125
5488258072199,41.027566366,52.83203,-74.51172,-263.1836
5488278121882,41.047616049,52.929688,-74.70703,-262.98828
5488298141048,41.067635215,52.539062,-74.51172,-262.89062
5488318190731,41.087684898,52.441406,-74.21875,-262.98828
5488338240414,41.107734581,52.929688,-74.21875,-263.67188
5488358290097,41.127784264,52.63672,-74.609375,-263.28125
5488378339780,41.147833947,53.125,-74.12109,-262.89062
5488398389462,41.167883629,52.539062,-73.73047,-262.98828
5488418439146,41.187933313,52.63672,-74.31641,-262.98828
5488438488829,41.207982996,52.539062,-74.51172,-263.3789
5488458538512,41.228032679,52.734375,-74.609375,-262.98828
5488478588195,41.248082362,52.63672,-74.609375,-262.89062
5488498637878,41.268132045,52.734375,-74.31641,-262.6953
5488518687560,41.288181727,52.539062,-74.02344,-263.3789
5488538737243,41.30823141,52.63672,-74.51172,-263.8672
5488558786927,41.328281094,52.929688,-74.21875,-262.98828
5488578836610,41.348330777,52.63672,-74.21875,-262.79297
5488598886293,41.36838046,52.441406,-72.85156,-262.5
5488618935976,41.388430143,52.734375,-73.73047,-262.98828
5488638985658,41.408479825,52.734375,-73.92578,-263.3789
5488659035341,41.428529508,52.734375,-74.12109,-263.67188
5488679115542,41.448609709,52.63672,-74.31641,-263.28125
5488699134707,41.468628874,52.148438,-73.73047,-263.08594
5488719214907,41.488709074,52.734375,-73.63281,-262.98828
5488739234074,41.508728241,52.734375,-74.21875,-263.08594
5488759283756,41.528777923,52.929688,-73.33984,-263.57422
5488779333439,41.548827606,52.441406,-73.92578,-263.1836
5488799444156,41.568938323,53.027344,-73.046875,-263.3789
5488819524357,41.589018524,52.83203,-73.4375,-262.6953
5488839574039,41.609068206,52.83203,-74.21875,-263.96484
5488859623722,41.629117889,52.83203,-74.609375,-262.89062
5488879673405,41.649167572,52.83203,-74.51172,-263.76953
5488899723088,41.669217255,52.63672,-74.51172,-263.57422
5488919803288,41.689297455,52.441406,-74.21875,-263.1836
5488939852971,41.709347138,52.734375,-74.12109,-262.89062
5488959902654,41.729396821,52.539062,-73.828125,-263.08594
5488979952337,41.749446504,52.441406,-72.55859,-262.5
5489000002020,41.769496187,52.734375,-74.21875,-263.1836
5489020082220,41.789576387,52.539062,-74.51172,-263.08594
5489040131903,41.80962607,52.83203,-74.41406,-262.79297
5489060181586,41.829675753,52.83203,-73.828125,-263.47656
5489080231269,41.849725436,52.83203,-74.70703,-263.76953
5489100280951,41.869775118,53.125,-74.12109,-263.1836
5489120330634,41.889824801,53.125,-74.609375,-262.6953
5489140380318,41.909874485,52.929688,-74.70703,-263.67188
5489160460517,41.929954684,52.83203,-74.41406,-262.5
5489180510200,41.950004367,52.83203,-74.70703,-262.98828
5489200559883,41.97005405,53.027344,-74.70703,-263.28125
5489220609567,41.990103734,52.539062,-74.31641,-262.89062
5489240659250,42.010153417,52.929688,-74.21875,-262.89062
5489260708933,42.0302031,52.929688,-74.90234,-263.08594
5489280789132,42.050283299,52.83203,-74.41406,-262.89062
5489300838816,42.070332983,52.83203,-74.41406,-263.3789
5489320888499,42.090382666,52.734375,-74.21875,-263.3789
5489340938181,42.110432348,52.929688,-74.12109,-263.57422
5489360987864,42.130482031,52.83203,-73.63281,-263.76953
5489381037547,42.150531714,52.734375,-74.41406,-262.59766
5489401087230,42.170581397,52.929688,-74.41406,-263.08594
5489421136913,42.19063108,52.83203,-74.02344,-263.08594
5489441186597,42.210680764,52.734375,-74.21875,-262.98828
5489461236279,42.230730446,53.027344,-73.92578,-262.89062
5489481285962,42.250780129,52.929688,-74.609375,-262.98828
5489501335645,42.270829812,52.83203,-74.51172,-263.08594
5489521385328,42.290879495,52.83203,-74.02344,-263.28125
5489541435011,42.310929178,53.125,-74.51172,-263.47656
5489561484694,42.330978861,52.83203,-74.609375,-262.89062
5489581534376,42.351028543,52.83203,-74.609375,-263.47656
5489601614577,42.371108744,52.63672,-74.51172,-262.98828
5489621633743,42.39112791,52.734375,-74.12109,-263.3789
5489641683426,42.411177593,52.83203,-75.0,-263.96484
5489661733109,42.431227276,52.441406,-74.41406,-263.28125
5489681813309,42.451307476,52.441406,-74.02344,-263.08594
5489701862992,42.471357159,52.83203,-74.21875,-263.28125
5489721912675,42.491406842,52.734375,-74.41406,-263.1836
5489741962358,42.511456525,53.027344,-74.12109,-262.98828
5489762012040,42.531506207,53.41797,-74.02344,-262.79297
5489782061723,42.55155589,52.148438,-73.92578,-263.08594
5489802111406,42.571605573,52.441406,-73.63281,-263.28125
5489822161090,42.591655257,52.441406,-74.02344,-263.3789
5489842210773,42.61170494,52.83203,-74.609375,-263.8672
5489862260456,42.631754623,52.83203,-74.609375,-263.3789
5489882310138,42.651804305,52.734375,-74.21875,-263.08594
5489902359821,42.671853988,53.125,-73.828125,-263.47656
5489922409504,42.691903671,52.83203,-74.70703,-263.28125
5489942459187,42.711953354,53.027344,-73.73047,-263.57422
5489962539387,42.732033554,52.83203,-74.02344,-263.57422
5489982589070,42.752083237,53.125,-74.80469,-263.47656
5490002638753,42.77213292,52.929688,-74.31641,-263.28125
5490022688436,42.792182603,52.63672,-74.41406,-262.89062
5490042738119,42.812232286,52.734375,-74.21875,-263.1836
5490062787802,42.832281969,53.222656,-74.51172,-262.89062
5490082837485,42.852331652,52.83203,-74.41406,-263.08594
5490102887168,42.872381335,52.63672,-74.80469,-263.57422
5490122936851,42.892431018,52.734375,-74.12109,-264.16016
5490142986534,42.912480701,52.83203,-74.51172,-263.08594
5490163036217,42.932530384,52.63672,-74.41406,-263.1836
5490183085899,42.952580066,52.63672,-74.21875,-263.47656
5490203135583,42.97262975,52.83203,-74.41406,-263.47656
5490223185266,42.992679433,52.539062,-74.70703,-262.98828
5490243234949,43.012729116,52.83203,-73.63281,-262.98828
5490263284632,43.032778799,52.63672,-74.21875,-263.3789
5490283334315,43.052828482,53.027344,-75.0,-263.3789
5490303383997,43.072878164,52.34375,-74.12109,-263.28125
5490323433680,43.092927847,52.734375,-74.41406,-263.08594
5490343483363,43.11297753,53.125,-74.51172,-263.1836
5490363533047,43.133027214,52.83203,-74.51172,-263.57422
5490383582730,43.153076897,52.83203,-73.92578,-263.3789
5490403632412,43.173126579,52.539062,-74.31641,-263.47656
5490423682095,43.193176262,52.83203,-74.41406,-263.1836
5490443762296,43.213256463,52.734375,-74.31641,-263.1836
5490463811979,43.233306146,52.83203,-74.31641,-263.47656
5490483861661,43.253355828,52.63672,-74.41406,-263.1836
5490503911344,43.273405511,53.027344,-74.02344,-263.08594
5490523961027,43.293455194,52.63672,-74.41406,-264.2578
5490544010710,43.313504877,52.34375,-73.53516,-263.1836
5490564060393,43.33355456,53.027344,-73.828125,-263.47656
5490584110077,43.353604244,52.539062,-73.53516,-263.3789
5490604159759,43.373653926,52.63672,-74.21875,-263.47656
5490624209442,43.393703609,52.929688,-74.21875,-263.3789
5490644259125,43.413753292,52.83203,-74.41406,-263.3789
5490664308808,43.433802975,52.441406,-74.41406,-264.0625
5490684389008,43.453883175,52.539062,-74.12109,-263.1836
5490704438691,43.473932858,52.929688,-74.609375,-263.76953
5490724488374,43.493982541,52.83203,-74.12109,-262.98828
5490744538057,43.514032224,52.929688,-74.12109,-263.1836
5490764587740,43.534081907,52.83203,-74.12109,-263.1836
5490784637422,43.554131589,52.63672,-74.12109,-263.67188
5490804717623,43.57421179,52.63672,-73.63281,-262.89062
5490824797822,43.594291989,52.539062,-74.51172,-262.59766
5490844847506,43.614341673,52.929688,-74.31641,-263.47656
5490864897189,43.634391356,52.929688,-74.31641,-263.3789
5490884946872,43.654441039,52.929688,-74.02344,-263.08594
5490904996555,43.674490722,52.539062,-74.31641,-263.57422
5490925046237,43.694540404,52.734375,-74.31641,-263.1836
5490945126438,43.714620605,52.83203,-74.12109,-263.57422
5490965176121,43.734670288,52.63672,-74.51172,-263.1836
5490985225803,43.75471997,52.83203,-74.41406,-263.1836
5491005275486,43.774769653,53.027344,-74.31641,-263.67188
5491025325169,43.794819336,52.734375,-74.21875,-263.1836
5491045374852,43.814869019,52.929688,-74.609375,-263.1836
5491065455052,43.834949219,52.441406,-74.12109,-263.67188
5491085504735,43.854998902,52.929688,-73.63281,-263.47656
5491105554418,43.875048585,52.83203,-74.41406,-263.57422
5491125604101,43.895098268,52.83203,-74.41406,-263.47656
5491145653785,43.915147952,52.734375,-74.21875,-263.57422
5491165733984,43.935228151,52.63672,-74.02344,-263.08594
5491185783667,43.955277834,53.222656,-74.21875,-263.28125
5491205833350,43.975327517,52.929688,-74.70703,-263.08594
5491225883032,43.995377199,52.83203,-74.31641,-262.5
5491245932716,44.015426883,52.929688,-74.31641,-263.57422
5491265982399,44.035476566,52.83203,-74.51172,-263.1836
5491286032082,44.055526249,52.83203,-74.51172,-263.28125
5491306081765,44.075575932,52.929688,-74.41406,-263.47656
5491326131448,44.095625615,52.63672,-73.92578,-263.08594
5491346181130,44.115675297,53.027344,-74.21875,-263.08594
5491366261331,44.135755498,52.83203,-74.31641,-263.57422
5491386311014,44.155805181,52.83203,-74.41406,-263.1836
5491406360697,44.175854864,52.734375,-74.41406,-263.8672
5491426410379,44.195904546,52.734375,-74.41406,-263.57422
5491446460062,44.215954229,53.222656,-74.31641,-262.98828
5491466509746,44.236003913,52.34375,-73.92578,-262.59766
5491486589945,44.256084112,52.34375,-74.31641,-262.5
5491506639628,44.276133795,52.441406,-74.31641,-263.76953
5491526689311,44.296183478,53.222656,-74.31641,-263.28125
5491546738995,44.316233162,52.734375,-74.70703,-263.08594
5491566819194,44.336313361,52.929688,-74.609375,-264.0625
5491586868877,44.356363044,52.63672,-74.51172,-262.98828
5491606918560,44.376412727,52.83203,-74.51172,-263.3789
5491626968244,44.396462411,52.83203,-74.51172,-263.3789
5491647017927,44.416512094,52.83203,-74.51172,-263.96484
5491667098126,44.436592293,53.125,-74.70703,-262.89062
5491687208843,44.45670301,53.125,-74.21875,-262.79297
5491707258526,44.476752693,52.734375,-74.31641,-263.1836
5491727308210,44.496802377,53.027344,-74.609375,-263.67188
5491747357892,44.516852059,52.63672,-74.31641,-262.89062
5491767407575,44.536901742,52.734375,-73.33984,-263.1836
5491787457258,44.556951425,52.539062,-73.14453,-262.20703
5491807506941,44.577001108,52.63672,-74.31641,-262.89062
5491827556624,44.597050791,53.027344,-74.31641,-263.28125
5491847606307,44.617100474,52.63672,-74.41406,-262.98828
5491867655989,44.637150156,53.125,-74.80469,-263.47656
5491887705673,44.65719984,52.83203,-74.51172,-263.28125
5491907755356,44.677249523,52.929688,-74.21875,-262.79297
5491927805039,44.697299206,52.83203,-74.51172,-263.28125
5491947854722,44.717348889,52.734375,-74.21875,-263.96484
5491967934922,44.737429089,52.929688,-73.92578,-263.08594
5491987984605,44.757478772,53.027344,-74.21875,-263.1836
5492008034288,44.777528455,53.222656,-74.41406,-263.1836
5492028083971,44.797578138,52.441406,-74.51172,-263.28125
5492048133653,44.81762782,53.222656,-74.21875,-264.0625
5492068183336,44.837677503,52.539062,-74.31641,-263.08594
5492088233019,44.857727186,52.929688,-73.92578,-262.79297
5492108282703,44.87777687,53.027344,-73.828125,-263.67188
5492128362902,44.897857069,52.63672,-74.41406,-263.1836
5492148412585,44.917906752,52.929688,-74.41406,-262.6953
5492168462268,44.937956435,52.734375,-74.21875,-263.47656
5492188511951,44.958006118,52.441406,-74.12109,-263.76953
5492208561635,44.978055802,52.734375,-74.12109,-262.98828
5492228611318,44.998105485,52.734375,-73.92578,-263.08594
5492248661000,45.018155167,52.929688,-74.609375,-263.67188
5492268710683,45.03820485,52.83203,-74.51172,-263.57422
5492288760366,45.058254533,52.83203,-74.12109,-263.08594
5492308810049,45.078304216,52.734375,-74.21875,-262.98828
5492328859732,45.098353899,52.539062,-74.21875,-263.28125
5492348939932,45.118434099,53.125,-74.02344,-263.57422
5492368989615,45.138483782,52.539062,-74.51172,-263.08594
5492389039298,45.158533465,53.125,-73.24219,-263.08594
5492409088981,45.178583148,52.539062,-74.12109,-262.98828
5492429138664,45.198632831,52.83203,-74.12109,-262.79297
5492449188347,45.218682514,52.83203,-74.12109,-263.08594
5492469238030,45.238732197,52.246094,-74.21875,-263.57422
5492489318229,45.258812396,52.734375,-74.51172,-263.1836
5492509367913,45.27886208,52.83203,-74.31641,-263.28125
5492529417596,45.298911763,52.929688,-74.02344,-263.08594
5492549467279,45.318961446,52.929688,-74.21875,-262.6953
5492569516962,45.339011129,53.027344,-74.21875,-262.89062
5492589566645,45.359060812,52.929688,-74.41406,-263.08594
5492609616327,45.379110494,52.734375,-74.51172,-262.79297
5492629666010,45.399160177,53.027344,-74.31641,-263.08594
5492649715693,45.41920986,52.83203,-74.31641,-262.89062
5492669765377,45.439259544,53.027344,-74.41406,-263.1836
5492689815060,45.459309227,53.027344,-74.70703,-262.89062
5492709864743,45.47935891,52.734375,-74.12109,-263.08594
5492729914425,45.499408592,52.929688,-74.609375,-263.1836
5492749964108,45.519458275,52.63672,-73.828125,-263.3789
5492770013791,45.539507958,52.441406,-74.21875,-262.98828
5492790063474,45.559557641,52.539062,-73.63281,-262.40234
5492810113158,45.579607325,52.734375,-73.63281,-263.08594
5492830162841,45.599657008,52.734375,-74.31641,-262.98828
5492850212523,45.61970669,52.539062,-73.828125,-263.08594
5492870262206,45.639756373,52.734375,-74.12109,-263.76953
5492890311889,45.659806056,52.83203,-74.609375,-263.08594
5492910361572,45.679855739,52.83203,-74.41406,-262.98828
5492930411255,45.699905422,52.734375,-74.31641,-263.1836
5492950460937,45.719955104,52.734375,-74.02344,-262.79297
5492970510621,45.740004788,52.539062,-74.31641,-262.98828
5492990560304,45.760054471,53.125,-74.31641,-263.47656
5493010609987,45.780104154,52.63672,-74.02344,-262.98828
5493030659670,45.800153837,52.539062,-74.02344,-262.89062
5493050739870,45.820234037,52.734375,-74.21875,-263.3789
5493070789553,45.84028372,52.929688,-74.51172,-263.3789
5493090839236,45.860333403,52.83203,-74.02344,-263.76953
5493110888919,45.880383086,53.027344,-74.21875,-263.3789
5493130938602,45.900432769,52.539062,-74.51172,-263.08594
5493150988284,45.920482451,53.125,-74.51172,-263.08594
5493171007451,45.940501618,52.63672,-74.21875,-263.08594
5493191057133,45.9605513,53.027344,-74.609375,-263.96484
5493211106816,45.980600983,53.320312,-74.12109,-263.28125
5493231156499,46.000650666,52.734375,-74.51172,-263.08594
5493251206183,46.02070035,52.929688,-74.02344,-263.28125
5493271255866,46.040750033,52.734375,-74.31641,-263.08594
5493291305549,46.060799716,52.83203,-74.41406,-263.3789
5493311355231,46.080849398,52.63672,-73.828125,-263.47656
5493331404914,46.100899081,52.83203,-73.828125,-263.1836
5493351424080,46.120918247,53.027344,-74.31641,-262.98828
5493371473763,46.14096793,52.734375,-74.41406,-263.67188
5493391523446,46.161017613,53.027344,-73.73047,-263.08594
5493411573129,46.181067296,52.34375,-73.73047,-262.79297
5493431622812,46.201116979,52.83203,-73.046875,-262.59766
5493451672495,46.221166662,52.34375,-72.94922,-263.3789
5493471722178,46.241216345,52.539062,-72.55859,-262.5
5493491771861,46.261266028,52.63672,-72.85156,-263.1836
5493511821544,46.281315711,52.539062,-73.24219,-263.08594
5493531871227,46.301365394,52.734375,-74.31641,-263.3789
5493551920910,46.321415077,52.34375,-74.31641,-262.98828
5493571970593,46.34146476,52.83203,-74.21875,-263.3789
5493592020275,46.361514442,53.125,-74.70703,-263.1836
5493612069958,46.381564125,52.83203,-74.12109,-262.98828
5493632119642,46.401613809,52.83203,-74.12109,-262.79297
5493652169325,46.421663492,52.734375,-74.31641,-262.79297
5493672219008,46.441713175,52.734375,-74.02344,-263.67188
5493692268691,46.461762858,52.734375,-74.51172,-263.28125
5493712287857,46.481782024,52.539062,-73.92578,-262.10938
5493732337540,46.501831707,52.63672,-73.63281,-262.79297
5493752387222,46.521881389,52.441406,-73.14453,-263.47656
5493772528456,46.542022623,52.734375,-73.73047,-263.08594
5493792578140,46.562072307,52.83203,-74.02344,-262.89062
5493812627823,46.58212199,52.929688,-74.21875,-263.3789
5493832677506,46.602171673,52.63672,-74.41406,-262.98828
5493852727188,46.622221355,52.734375,-74.51172,-263.28125
5493872776871,46.642271038,52.83203,-74.51172,-263.47656
5493892826554,46.662320721,52.83203,-74.31641,-263.28125
5493912876237,46.682370404,52.929688,-74.51172,-263.1836
5493932925921,46.702420088,52.83203,-73.63281,-262.6953
5493952975603,46.72246977,52.929688,-73.53516,-263.1836
5493973025286,46.742519453,52.83203,-74.70703,-262.98828
5493993074969,46.762569136,52.441406,-72.85156,-263.57422
5494013124652,46.782618819,52.83203,-74.21875,-263.3789
5494033174335,46.802668502,53.027344,-74.41406,-263.1836
5494053224018,46.822718185,52.83203,-73.828125,-263.28125
5494073243184,46.842737351,52.83203,-74.02344,-263.1836
5494093292867,46.862787034,52.734375,-74.51172,-262.79297
5494113342550,46.882836717,52.148438,-74.12109,-262.89062
5494133392232,46.902886399,51.464844,-73.828125,-262.59766
5494153441916,46.922936083,52.734375,-73.63281,-263.76953
5494173491599,46.942985766,52.63672,-73.828125,-263.67188
5494193541282,46.963035449,52.929688,-74.12109,-263.47656
5494213590965,46.983085132,52.929688,-73.73047,-263.08594
5494233640647,47.003134814,52.734375,-73.828125,-263.1836
5494253690330,47.023184497,52.83203,-74.41406,-263.1836
5494273740013,47.04323418,52.83203,-73.4375,-262.89062
5494293789697,47.063283864,52.83203,-74.41406,-263.67188
5494313808862,47.083303029,52.734375,-74.21875,-263.1836
5494333858545,47.103352712,53.222656,-74.31641,-263.08594
5494353908228,47.123402395,52.63672,-74.21875,-262.98828
5494373957912,47.143452079,53.027344,-74.12109,-262.79297
5494394007595,47.163501762,52.83203,-74.70703,-263.57422
5494414057277,47.183551444,52.734375,-74.31641,-262.98828
5494434106960,47.203601127,52.734375,-74.21875,-263.57422
5494454156643,47.22365081,52.63672,-74.41406,-262.89062
5494474206326,47.243700493,52.441406,-74.12109,-263.08594
5494494256009,47.263750176,52.734375,-74.12109,-263.28125
5494514305693,47.28379986,52.734375,-74.21875,-262.79297
5494534355375,47.303849542,52.734375,-74.12109,-263.57422
5494554374541,47.323868708,52.539062,-74.41406,-263.08594
5494574454741,47.343948908,52.148438,-74.41406,-263.57422
5494594473907,47.363968074,52.63672,-74.21875,-263.28125
5494614523590,47.384017757,52.441406,-74.21875,-262.5
5494634573273,47.40406744,53.027344,-74.51172,-263.08594
5494654653472,47.424147639,52.83203,-74.31641,-263.1836
5494674672639,47.444166806,52.83203,-74.31641,-262.5
5494694722321,47.464216488,52.539062,-74.12109,-262.98828
5494714833038,47.484327205,52.83203,-74.41406,-263.3789
5494734882721,47.504376888,53.027344,-74.02344,-262.98828
5494754932405,47.524426572,52.441406,-74.51172,-263.28125
5494774982088,47.544476255,52.63672,-74.02344,-263.1836
5494795001253,47.56449542,52.34375,-73.63281,-262.79297
5494815050937,47.584545104,52.63672,-73.828125,-262.79297
5494835100620,47.604594787,52.63672,-74.51172,-262.79297
5494855150303,47.62464447,52.34375,-74.02344,-262.89062
5494875199985,47.644694152,52.929688,-74.51172,-262.6953
5494895249668,47.664743835,52.929688,-74.70703,-262.98828
5494915299351,47.684793518,52.929688,-74.21875,-263.08594
5494935349034,47.704843201,53.027344,-74.51172,-262.98828
5494955398718,47.724892885,52.34375,-74.31641,-263.28125
5494975448401,47.744942568,53.027344,-74.21875,-263.67188
5494995498083,47.76499225,52.734375,-74.609375,-263.28125
5495015547766,47.785041933,52.539062,-74.70703,-263.3789
5495035566932,47.805061099,53.027344,-74.21875,-263.1836
5495055647132,47.825141299,52.734375,-74.31641,-263.1836
5495075666298,47.845160465,52.929688,-74.609375,-262.79297
5495095715981,47.865210148,52.929688,-74.31641,-262.79297
5495115765664,47.885259831,52.734375,-74.21875,-263.28125
5495135815347,47.905309514,52.83203,-74.70703,-262.79297
5495155865029,47.925359196,52.539062,-73.92578,-262.40234
5495175914713,47.94540888,52.539062,-73.73047,-263.08594
5495195964396,47.965458563,52.83203,-74.12109,-262.98828
5495216014079,47.985508246,52.734375,-74.31641,-263.1836
5495236033245,48.005527412,52.83203,-74.90234,-262.89062
5495256082928,48.025577095,52.441406,-73.33984,-263.57422
5495276132611,48.045626778,52.929688,-74.51172,-262.98828
5495296182294,48.065676461,52.83203,-74.12109,-262.89062
5495316231976,48.085726143,52.63672,-74.31641,-262.89062
5495336281659,48.105775826,52.83203,-74.609375,-262.98828
5495356331342,48.125825509,52.63672,-74.51172,-263.1836
5495376381025,48.145875192,52.63672,-74.70703,-263.8672
5495396430709,48.165924876,52.441406,-74.41406,-262.98828
5495416480392,48.185974559,51.85547,-74.12109,-262.59766
5495436530074,48.206024241,53.222656,-74.609375,-262.89062
5495456579757,48.226073924,52.63672,-73.33984,-263.67188
5495476598924,48.246093091,52.539062,-73.828125,-263.28125
5495496648606,48.266142773,52.83203,-74.609375,-263.1836
5495516698289,48.286192456,52.83203,-74.41406,-263.08594
5495536747972,48.306242139,52.734375,-74.02344,-262.59766
5495556797655,48.326291822,52.734375,-74.21875,-262.98828
5495576847338,48.346341505,52.929688,-74.41406,-263.28125
5495596897020,48.366391187,52.734375,-74.90234,-263.57422
5495616946704,48.386440871,52.734375,-74.21875,-263.67188
5495636996387,48.406490554,53.222656,-74.80469,-262.40234
5495657046070,48.426540237,52.734375,-74.51172,-263.08594
5495677095753,48.44658992,52.929688,-74.12109,-262.6953
5495697145436,48.466639603,52.83203,-73.92578,-263.57422
5495717164602,48.486658769,52.734375,-74.12109,-263.3789
5495737305835,48.506800002,52.63672,-74.02344,-263.76953
5495757325002,48.526819169,52.83203,-73.828125,-263.28125
5495777374685,48.546868852,52.63672,-74.31641,-263.28125
5495797393851,48.566888018,52.734375,-74.21875,-263.3789
5495817443534,48.586937701,53.222656,-74.41406,-263.28125
5495837493216,48.606987383,52.734375,-74.31641,-263.1836
5495857542899,48.627037066,52.929688,-74.80469,-262.98828
5495877562066,48.647056233,52.734375,-74.41406,-262.98828
5495897611748,48.667105915,52.83203,-74.41406,-262.98828
5495917661431,48.687155598,53.222656,-74.31641,-263.1836
5495937711114,48.707205281,53.222656,-74.31641,-262.98828
5495957760797,48.727254964,52.63672,-74.70703,-263.1836
5495977810481,48.747304648,52.83203,-74.12109,-262.98828
5495997860163,48.76735433,52.929688,-74.02344,-263.3789
5496017909846,48.787404013,52.929688,-73.53516,-263.08594
5496037959529,48.807453696,53.027344,-74.02344,-262.79297
5496058009212,48.827503379,53.027344,-74.02344,-262.98828
5496078058895,48.847553062,52.83203,-73.92578,-263.1836
5496098108578,48.867602745,53.027344,-74.31641,-263.28125
5496118158261,48.887652428,52.734375,-74.12109,-262.5
5496138207944,48.907702111,52.63672,-73.92578,-263.1836
5496158257627,48.927751794,52.83203,-74.21875,-262.89062
5496178307310,48.947801477,52.83203,-73.53516,-262.89062
5496198356993,48.96785116,53.320312,-74.80469,-263.47656
5496218406676,48.987900843,52.734375,-74.31641,-263.08594
5496238456358,49.007950525,52.929688,-74.70703,-262.98828
5496258506041,49.028000208,52.539062,-74.609375,-263.47656
5496278555725,49.048049892,52.929688,-74.80469,-263.28125
5496298605408,49.068099575,52.63672,-74.02344,-263.28125
5496318655091,49.088149258,53.125,-74.51172,-263.08594
5496338704774,49.108198941,52.34375,-74.51172,-262.6953
5496358754456,49.128248623,53.027344,-74.51172,-263.1836
5496378804139,49.148298306,52.83203,-74.70703,-263.67188
5496398853822,49.168347989,52.734375,-74.51172,-263.08594
5496418872988,49.188367155,52.539062,-74.02344,-262.79297
5496438922671,49.208416838,52.63672,-74.41406,-263.28125
5496458972354,49.228466521,53.125,-73.92578,-263.1836
5496479022038,49.248516205,52.539062,-74.51172,-263.1836
5496499071721,49.268565888,52.63672,-74.31641,-263.1836
5496519121403,49.28861557,52.83203,-74.02344,-262.98828
5496539171086,49.308665253,52.63672,-73.828125,-263.8672
5496559190253,49.32868442,52.63672,-74.70703,-262.89062
5496579239935,49.348734102,52.734375,-74.609375,-263.57422
5496599289618,49.368783785,52.929688,-74.70703,-263.1836
5496619339301,49.388833468,52.539062,-74.02344,-263.76953
5496639388984,49.408883151,52.734375,-74.12109,-263.1836
5496659438667,49.428932834,52.734375,-74.12109,-263.3789
5496679457833,49.448952,52.441406,-74.41406,-262.98828
5496699507516,49.469001683,52.63672,-74.41406,-262.79297
5496719557199,49.489051366,52.441406,-74.51172,-263.08594
5496739698433,49.5091926,53.027344,-74.21875,-263.28125
5496759717598,49.529211765,52.929688,-73.4375,-262.98828
5496779767282,49.549261449,52.929688,-74.21875,-263.96484
5496799847482,49.569341649,52.148438,-74.02344,-263.47656
5496819897164,49.589391331,52.734375,-74.51172,-262.79297
5496839946847,49.609441014,52.734375,-74.21875,-263.57422
5496859996531,49.629490698,52.734375,-74.51172,-263.08594
5496880046214,49.649540381,52.83203,-74.70703,-263.08594
5496900126413,49.66962058,52.929688,-74.70703,-262.6953
5496920176096,49.689670263,52.734375,-74.02344,-263.47656
5496940225779,49.709719946,52.929688,-74.70703,-262.98828
5496960275463,49.72976963,52.539062,-74.51172,-263.08594
5496980325146,49.749819313,52.83203,-74.41406,-263.28125
5497000374828,49.769868995,53.027344,-73.92578,-263.1836
5497020424511,49.789918678,52.734375,-74.02344,-263.47656
5497040474194,49.809968361,52.734375,-74.51172,-263.47656
5497060523877,49.830018044,52.734375,-74.21875,-263.96484
5497080573560,49.850067727,52.734375,-74.12109,-263.08594
5497100623244,49.870117411,52.63672,-73.92578,-262.98828
5497120642409,49.890136576,52.83203,-74.21875,-262.89062
5497140692092,49.910186259,52.83203,-74.41406,-263.57422
5497160741776,49.930235943,52.83203,-74.41406,-263.3789
5497180791458,49.950285625,52.83203,-74.31641,-262.98828
5497200841141,49.970335308,52.83203,-74.31641,-263.3789
5497220890824,49.990384991,52.83203,-74.609375,-263.1836
5497240940507,50.010434674,52.63672,-74.21875,-263.28125
5497260990190,50.030484357,52.734375,-74.70703,-263.28125
5497281039872,50.050534039,52.734375,-74.609375,-262.98828
5497301089555,50.070583722,52.734375,-74.02344,-262.98828
5497321139239,50.090633406,52.929688,-74.31641,-263.08594
5497341188922,50.110683089,52.83203,-74.12109,-263.47656
5497361208087,50.130702254,52.34375,-74.31641,-263.47656
5497381257771,50.150751938,52.441406,-74.31641,-263.76953
5497401307454,50.170801621,52.83203,-74.12109,-263.28125
5497421357137,50.190851304,52.539062,-74.21875,-263.47656
5497441406820,50.210900987,52.929688,-74.51172,-263.47656
5497461456502,50.230950669,52.539062,-74.51172,-263.1836
5497481506185,50.251000352,52.83203,-74.70703,-263.28125
5497501555868,50.271050035,53.027344,-74.51172,-263.8672
5497521575034,50.291069201,52.929688,-74.51172,-263.67188
5497541624717,50.311118884,53.027344,-74.41406,-263.1836
5497561674400,50.331168567,52.929688,-74.41406,-263.1836
5497581724083,50.35121825,52.246094,-74.51172,-262.98828
5497601773767,50.371267934,52.83203,-74.609375,-263.47656
5497621823449,50.391317616,52.441406,-73.92578,-263.47656
5497641842615,50.411336782,52.246094,-74.02344,-263.47656
5497661892298,50.431386465,52.734375,-74.31641,-262.59766
5497681941981,50.451436148,52.83203,-74.31641,-263.28125
5497701991664,50.471485831,52.83203,-74.02344,-262.79297
5497722041347,50.491535514,52.929688,-74.41406,-263.1836
5497742121547,50.511615714,52.34375,-72.16797,-263.08594
5497762171230,50.531665397,52.246094,-69.53125,-261.8164
5497782220913,50.55171508,51.85547,-68.94531,-262.10938
5497802240079,50.571734246,52.246094,-71.28906,-263.28125
5497822289762,50.591783929,52.63672,-70.703125,-262.79297
5497842339445,50.611833612,52.34375,-70.89844,-262.5
5497862389128,50.631883295,52.539062,-70.703125,-263.08594
5497882438811,50.651932978,52.148438,-70.3125,-263.3789
5497902488493,50.67198266,52.83203,-71.38672,-263.28125
5497922538176,50.692032343,52.05078,-69.04297,-262.10938
5497942587859,50.712082026,51.953125,-70.21484,-262.10938
5497962637543,50.73213171,52.734375,-69.921875,-263.47656
5497982687226,50.752181393,52.05078,-71.67969,-262.79297
5498002706391,50.772200558,52.539062,-71.28906,-262.10938
5498022756075,50.792250242,52.148438,-71.38672,-263.67188
5498042805758,50.812299925,52.63672,-74.51172,-263.3789
5498062855440,50.832349607,52.539062,-73.828125,-263.67188
5498082874607,50.852368774,53.027344,-74.90234,-263.08594
5498102924290,50.872418457,52.929688,-74.41406,-263.28125
5498122973972,50.892468139,52.83203,-74.51172,-263.28125
5498143023655,50.912517822,52.539062,-74.80469,-263.28125
5498163042821,50.932536988,52.83203,-74.41406,-263.1836
5498183092504,50.952586671,53.222656,-74.51172,-263.1836
5498203142187,50.972636354,52.734375,-74.70703,-262.89062
5498223161353,50.99265552,52.441406,-73.73047,-263.28125
5498243211036,51.012705203,52.734375,-73.92578,-263.47656
5498263260719,51.032754886,52.63672,-74.609375,-263.1836
5498283310402,51.052804569,52.734375,-74.12109,-263.47656
5498303360085,51.072854252,52.929688,-74.51172,-263.1836
5498323409767,51.092903934,52.63672,-74.41406,-262.89062
5498343459450,51.112953617,52.929688,-74.51172,-262.79297
5498363478617,51.132972784,53.027344,-74.80469,-262.98828
5498383528299,51.153022466,52.83203,-74.51172,-263.1836
5498403577982,51.173072149,52.63672,-74.51172,-263.3789
5498423627665,51.193121832,52.734375,-74.21875,-263.1836
5498443677349,51.213171516,52.83203,-74.70703,-262.89062
5498463727032,51.233221199,52.63672,-74.12109,-262.59766
5498483746197,51.253240364,52.539062,-74.31641,-263.57422
5498503795881,51.273290048,52.63672,-74.31641,-263.67188
5498523845564,51.293339731,52.441406,-74.02344,-263.08594
5498543895246,51.313389413,52.63672,-74.21875,-263.1836
5498563944929,51.333439096,52.734375,-74.41406,-262.79297
5498583994612,51.353488779,52.929688,-74.31641,-263.08594
5498604044295,51.373538462,52.539062,-74.02344,-263.1836
5498624093978,51.393588145,52.929688,-73.828125,-263.08594
5498644113144,51.413607311,52.734375,-74.02344,-263.08594
5498664162827,51.433656994,52.83203,-74.21875,-263.96484
5498684212510,51.453706677,53.125,-74.51172,-263.1836
5498704262192,51.473756359,52.83203,-74.609375,-263.47656
5498724311876,51.493806043,52.929688,-74.51172,-263.67188
5498744361559,51.513855726,52.539062,-74.41406,-263.57422
5498764411242,51.533905409,53.027344,-73.828125,-262.98828
5498784460925,51.553955092,52.734375,-74.31641,-263.57422
5498804480091,51.573974258,53.125,-74.41406,-263.28125
5498824529774,51.594023941,53.125,-73.63281,-263.1836
5498844579457,51.614073624,52.83203,-74.02344,-263.3789
5498864629140,51.634123307,52.929688,-74.41406,-263.1836
5498884678822,51.654172989,53.125,-74.02344,-262.98828
5498904728505,51.674222672,52.83203,-74.80469,-262.40234
5498924778188,51.694272355,52.34375,-74.70703,-262.79297
5498944797354,51.714291521,52.63672,-74.609375,-262.79297
5498964847037,51.734341204,52.63672,-74.21875,-263.3789
5498984896720,51.754390887,52.734375,-74.31641,-263.28125
5499004946404,51.774440571,52.929688,-74.80469,-263.76953
5499024996087,51.794490254,52.734375,-74.70703,-263.08594
5499045015252,51.814509419,53.125,-74.21875,-262.59766
5499065064936,51.834559103,52.734375,-74.41406,-263.1836
5499085114618,51.854608785,52.929688,-74.90234,-262.89062
5499105164301,51.874658468,53.125,-74.51172,-263.08594
5499125213984,51.894708151,52.83203,-74.41406,-263.3789
5499145263667,51.914757834,53.027344,-74.02344,-263.28125
5499165313350,51.934807517,52.63672,-74.41406,-263.28125
5499185363033,51.9548572,52.441406,-74.31641,-262.98828
5499205382199,51.974876366,52.929688,-74.90234,-263.1836
5499225431882,51.994926049,52.539062,-74.609375,-263.1836
5499245481565,52.014975732,52.734375,-74.31641,-262.89062
5499265531247,52.035025414,52.441406,-74.41406,-262.6953
5499285580931,52.055075098,53.027344,-74.609375,-263.3789
5499305630614,52.075124781,52.83203,-74.12109,-263.67188
5499325680297,52.095174464,52.734375,-74.12109,-263.47656
5499345699463,52.11519363,52.539062,-74.51172,-262.89062
5499365749146,52.135243313,52.734375,-74.41406,-263.3789
5499385798829,52.155292996,52.734375,-74.31641,-263.28125
5499405848512,52.175342679,52.63672,-74.51172,-263.3789
5499425898194,52.195392361,52.83203,-74.41406,-263.08594
5499445947877,52.215442044,52.83203,-73.92578,-263.08594
5499465997560,52.235491727,52.929688,-74.12109,-263.28125
5499486077760,52.255571927,52.929688,-74.80469,-263.47656
5499506127443,52.27562161,53.41797,-73.92578,-263.67188
5499526146610,52.295640777,52.734375,-74.51172,-263.28125
5499546196292,52.315690459,52.734375,-74.12109,-262.6953
5499566245975,52.335740142,52.63672,-74.70703,-263.76953
5499586295658,52.355789825,53.027344,-74.609375,-263.28125
5499606345341,52.375839508,52.734375,-74.80469,-262.89062
5499626425541,52.395919708,53.125,-74.41406,-262.98828
5499646475224,52.415969391,52.441406,-74.31641,-263.1836
5499666524907,52.436019074,52.734375,-73.63281,-263.08594
5499686574590,52.456068757,52.63672,-73.92578,-263.3789
5499706624273,52.47611844,53.027344,-74.21875,-263.3789
5499726673956,52.496168123,52.63672,-74.02344,-263.1836
5499746723639,52.516217806,52.63672,-73.828125,-262.6953
5499766773322,52.536267489,53.027344,-73.63281,-262.6953
5499786823005,52.556317172,52.63672,-73.828125,-263.28125
5499806872688,52.576366855,53.027344,-73.73047,-263.47656
5499826983405,52.596477572,52.83203,-73.92578,-263.47656
5499847033088,52.616527255,52.929688,-73.33984,-262.98828
5499867113288,52.636607455,52.83203,-73.73047,-263.28125
5499887162971,52.656657138,53.125,-74.02344,-262.89062
5499907212654,52.676706821,52.734375,-74.21875,-262.98828
5499927262336,52.696756503,52.734375,-74.31641,-263.08594
5499947312019,52.716806186,52.929688,-74.51172,-263.67188
5499967361702,52.736855869,52.83203,-74.80469,-263.3789
5499987411386,52.756905553,52.83203,-74.02344,-263.08594
5500007461069,52.776955236,52.734375,-74.41406,-262.59766
5500027480234,52.796974401,52.83203,-74.80469,-263.57422
5500047529918,52.817024085,52.83203,-74.41406,-263.28125
5500067579601,52.837073768,52.539062,-74.12109,-263.3789
5500087629283,52.85712345,52.734375,-74.02344,-262.6953
5500107678966,52.877173133,52.83203,-74.41406,-263.1836
5500127728649,52.897222816,52.734375,-74.51172,-263.3789
5500147778332,52.917272499,52.441406,-74.21875,-263.1836
5500167828015,52.937322182,52.63672,-74.609375,-263.3789
5500187877699,52.957371866,53.222656,-74.609375,-262.98828
5500207927381,52.977421548,52.83203,-74.609375,-263.1836
5500227977064,52.997471231,52.83203,-74.41406,-263.28125
5500248026747,53.017520914,52.539062,-74.80469,-263.3789
5500268076430,53.037570597,52.734375,-74.21875,-263.67188
5500288126113,53.05762028,52.734375,-74.51172,-263.57422
5500308175796,53.077669963,52.539062,-73.92578,-263.47656
5500328225478,53.097719645,53.027344,-73.92578,-262.98828
5500348275162,53.117769329,52.929688,-74.609375,-263.08594
5500368324845,53.137819012,52.34375,-74.02344,-263.08594
5500388405044,53.157899211,52.63672,-73.92578,-263.28125
5500408424211,53.177918378,52.83203,-74.41406,-262.98828
5500428504411,53.197998578,52.929688,-74.12109,-263.57422
5500448523576,53.218017743,52.34375,-74.41406,-263.76953
5500468573259,53.238067426,52.34375,-74.31641,-262.89062
5500488622943,53.25811711,52.734375,-74.80469,-263.67188
5500508672626,53.278166793,52.539062,-74.02344,-263.1836
5500528722309,53.298216476,52.441406,-74.12109,-262.79297
5500548771992,53.318266159,52.929688,-74.70703,-263.28125
5500568821674,53.338315841,52.734375,-74.41406,-262.98828
5500588871357,53.358365524,52.441406,-74.41406,-263.3789
5500608921040,53.378415207,52.734375,-74.31641,-262.6953
5500628970723,53.39846489,52.34375,-74.41406,-262.98828
5500649020407,53.418514574,52.83203,-74.51172,-263.57422
5500669070089,53.438564256,52.929688,-74.21875,-263.28125
5500689119772,53.458613939,52.539062,-74.12109,-263.1836
5500709169455,53.478663622,53.125,-74.12109,-262.3047
5500729219138,53.498713305,53.222656,-74.51172,-262.98828
5500749268821,53.518762988,52.734375,-73.828125,-262.98828
5500769318504,53.538812671,52.63672,-73.828125,-263.28125
5500789398704,53.558892871,52.539062,-73.14453,-263.08594
5500809509421,53.579003588,52.929688,-74.02344,-263.28125
5500829528587,53.599022754,52.83203,-74.41406,-262.98828
5500849578270,53.619072437,52.734375,-74.41406,-262.79297
5500869627953,53.63912212,53.125,-74.609375,-263.08594
5500889677636,53.659171803,53.222656,-74.51172,-263.67188
5500909727319,53.679221486,52.441406,-74.02344,-263.57422
5500929777001,53.699271168,52.734375,-74.02344,-263.57422
5500949826685,53.719320852,52.63672,-74.02344,-262.98828
5500969876368,53.739370535,52.83203,-74.41406,-263.8672
5500989926051,53.759420218,52.539062,-74.41406,-262.89062
5501009975734,53.779469901,52.63672,-74.02344,-262.89062
5501030025417,53.799519584,52.441406,-74.41406,-263.47656
5501050075099,53.819569266,52.929688,-74.02344,-264.0625
5501070124782,53.839618949,52.83203,-74.31641,-262.79297
5501090174465,53.859668632,52.539062,-74.31641,-263.3789
5501110224149,53.879718316,52.929688,-74.51172,-263.1836
5501130243314,53.899737481,52.929688,-74.12109,-263.57422
5501150292997,53.919787164,52.83203,-74.70703,-262.98828
5501170342681,53.939836848,53.41797,-74.41406,-263.57422
5501190392364,53.959886531,52.734375,-74.41406,-263.3789
5501210442046,53.979936213,52.441406,-74.21875,-262.98828
5501230491729,53.999985896,52.929688,-74.12109,-263.28125
5501250541412,54.020035579,52.34375,-74.02344,-263.28125
5501270591095,54.040085262,53.125,-74.41406,-263.67188
5501290640778,54.060134945,52.929688,-73.53516,-262.89062
5501310690462,54.080184629,52.734375,-74.21875,-263.57422
5501330740144,54.100234311,52.734375,-74.41406,-263.3789
5501350789827,54.120283994,52.734375,-74.21875,-263.47656
5501370839510,54.140333677,52.929688,-74.31641,-263.57422
5501390889193,54.16038336,53.027344,-74.51172,-263.3789
5501410938876,54.180433043,52.441406,-74.12109,-263.1836
5501430988559,54.200482726,52.539062,-74.70703,-263.28125
5501451038241,54.220532408,52.734375,-74.21875,-263.28125
5501471087925,54.240582092,53.027344,-74.31641,-263.1836
5501491107090,54.260601257,52.734375,-74.41406,-263.08594
5501511156773,54.28065094,52.441406,-74.31641,-263.1836
5501531206457,54.300700624,53.125,-74.31641,-263.28125
5501551256140,54.320750307,52.63672,-73.828125,-263.28125
5501571305823,54.34079999,52.63672,-73.92578,-263.08594
5501591355506,54.360849673,53.320312,-74.12109,-263.57422
5501611405188,54.380899355,52.63672,-73.92578,-262.98828
5501631454871,54.400949038,52.539062,-73.63281,-262.98828
5501651504554,54.420998721,53.222656,-73.92578,-263.28125
5501671554237,54.441048404,52.83203,-74.12109,-263.3789
5501691603921,54.461098088,53.320312,-73.92578,-263.3789
5501711653604,54.481147771,52.83203,-74.21875,-263.08594
5501731703286,54.501197453,52.929688,-74.12109,-263.3789
5501751752969,54.521247136,52.734375,-74.21875,-263.67188
5501771772135,54.541266302,52.539062,-73.63281,-262.98828
5501791821818,54.561315985,52.929688,-74.31641,-262.6953
5501811932535,54.581426702,53.027344,-73.63281,-262.59766
5501831951702,54.601445869,52.83203,-74.51172,-262.98828
5501852001384,54.621495551,52.929688,-74.02344,-262.98828
5501872051067,54.641545234,52.63672,-74.80469,-263.28125
5501892100750,54.661594917,53.222656,-74.12109,-262.59766
5501912150433,54.6816446,52.734375,-74.21875,-263.3789
5501932200116,54.701694283,52.83203,-74.51172,-262.89062
5501952249798,54.721743965,52.83203,-74.21875,-263.3789
5501972299482,54.741793649,52.83203,-74.31641,-263.28125
5501992349165,54.761843332,52.63672,-74.70703,-263.28125
5502012398848,54.781893015,52.734375,-74.02344,-262.98828
5502032448531,54.801942698,52.734375,-74.21875,-263.28125
5502052498214,54.821992381,52.734375,-74.51172,-262.98828
5502072547896,54.842042063,52.929688,-74.41406,-262.79297
5502092597579,54.862091746,52.83203,-74.51172,-262.98828
5502112647262,54.882141429,52.929688,-74.51172,-263.67188
5502132696946,54.902191113,52.63672,-74.51172,-263.08594
5502152746629,54.922240796,52.83203,-74.609375,-263.28125
5502172796312,54.942290479,53.222656,-74.31641,-262.6953
5502192845994,54.962340161,52.83203,-74.41406,-262.98828
5502212865161,54.982359328,52.83203,-74.21875,-263.28125
5502232914844,55.002409011,52.63672,-73.4375,-262.6953
5502252964526,55.022458693,53.125,-74.02344,-263.28125
5502273014209,55.042508376,53.320312,-74.609375,-262.79297
5502293063892,55.062558059,52.83203,-74.12109,-263.3789
5502313113575,55.082607742,52.83203,-74.12109,-263.67188
5502333163258,55.102657425,52.734375,-74.609375,-263.28125
5502353212941,55.122707108,53.027344,-74.51172,-263.3789
5502373262624,55.142756791,52.63672,-74.51172,-263.67188
5502393312307,55.162806474,52.929688,-74.51172,-263.1836
5502413361990,55.182856157,52.63672,-74.51172,-262.79297
5502433442190,55.202936357,52.83203,-74.12109,-263.8672
5502453461356,55.222955523,53.125,-74.31641,-263.08594
5502473511038,55.243005205,52.929688,-73.828125,-263.57422
5502493560722,55.263054889,52.734375,-74.51172,-263.1836
5502513640922,55.283135089,52.929688,-74.02344,-262.98828
5502533690605,55.303184772,52.929688,-74.21875,-263.08594
5502553740287,55.323234454,52.734375,-74.31641,-263.28125
5502573759454,55.343253621,53.222656,-74.02344,-263.28125
5502593839654,55.363333821,52.83203,-74.51172,-263.1836
5502613889337,55.383383504,53.125,-74.41406,-262.89062
5502633939020,55.403433187,52.929688,-74.80469,-262.98828
5502653988702,55.423482869,52.929688,-73.92578,-262.89062
5502674038385,55.443532552,52.539062,-74.21875,-263.1836
5502694088068,55.463582235,52.83203,-74.609375,-263.3789
5502714107234,55.483601401,52.83203,-73.73047,-262.89062
5502734156917,55.503651084,52.83203,-74.31641,-263.8672
5502754206600,55.523700767,52.83203,-74.21875,-262.98828
5502774256283,55.54375045,52.63672,-73.73047,-263.28125
5502794336483,55.56383065,52.63672,-73.73047,-262.98828
5502814386166,55.583880333,52.83203,-74.21875,-262.20703
5502834435849,55.603930016,52.929688,-74.51172,-263.08594
5502854485532,55.623979699,52.929688,-74.41406,-263.28125
5502874535216,55.644029383,52.929688,-74.90234,-263.1836
5502894584898,55.664079065,52.63672,-74.21875,-263.28125
5502914634581,55.684128748,52.734375,-74.21875,-263.47656
5502934684264,55.704178431,52.83203,-74.51172,-262.98828
5502954733947,55.724228114,52.83203,-74.21875,-263.47656
5502974783630,55.744277797,52.734375,-74.41406,-263.3789
5502994833313,55.76432748,52.83203,-74.41406,-263.67188
5503014882995,55.784377162,52.539062,-74.21875,-262.98828
5503034932679,55.804426846,52.34375,-74.02344,-262.98828
5503054982362,55.824476529,52.63672,-74.31641,-262.98828
5503075032045,55.844526212,52.83203,-74.41406,-263.1836
5503095081728,55.864575895,51.85547,-73.92578,-261.8164
5503115100894,55.884595061,52.63672,-74.609375,-263.1836
5503135150577,55.904644744,51.85547,-73.73047,-262.6953
5503155230776,55.924724943,52.63672,-74.31641,-262.89062
5503175280460,55.944774627,52.246094,-74.80469,-262.5
5503195330143,55.96482431,52.63672,-74.41406,-262.59766
5503215379826,55.984873993,52.734375,-74.21875,-263.1836
5503235429508,56.004923675,52.734375,-74.21875,-263.96484
5503255479191,56.024973358,52.83203,-74.51172,-263.08594
5503275528874,56.045023041,52.734375,-74.21875,-263.28125
5503295578557,56.065072724,52.83203,-74.51172,-263.1836
5503315628241,56.085122408,52.734375,-74.21875,-263.47656
5503335677924,56.105172091,52.441406,-74.41406,-263.57422
5503355727606,56.125221773,52.929688,-74.21875,-263.47656
5503375807806,56.145301973,52.539062,-73.828125,-263.47656
5503395857489,56.165351656,53.027344,-74.31641,-263.28125
5503415907173,56.18540134,52.734375,-74.41406,-262.79297
5503435956855,56.205451022,52.63672,-73.53516,-262.98828
5503456006538,56.225500705,52.539062,-74.12109,-263.8672
5503476056221,56.245550388,52.63672,-74.02344,-262.89062
5503496136421,56.265630588,53.125,-73.73047,-263.08594
5503516186104,56.285680271,52.539062,-73.73047,-263.1836
5503536235787,56.305729954,52.83203,-74.02344,-262.40234
5503556285470,56.325779637,52.929688,-74.80469,-262.6953
5503576335153,56.34582932,52.63672,-75.0,-263.8672
5503596384836,56.365879003,52.539062,-74.02344,-262.89062
5503616434518,56.385928685,52.63672,-74.31641,-262.89062
5503636484202,56.405978369,52.929688,-75.29297,-263.47656
5503656564402,56.426058569,52.83203,-74.12109,-263.8672
5503676614084,56.446108251,52.734375,-74.80469,-263.28125
5503696663767,56.466157934,52.734375,-74.41406,-263.47656
5503716713451,56.486207618,52.83203,-74.31641,-263.57422
5503736763134,56.506257301,53.027344,-73.73047,-263.67188
5503756812817,56.526306984,52.63672,-73.828125,-263.3789
5503776862500,56.546356667,52.63672,-73.828125,-262.98828
5503796942700,56.566436867,52.83203,-73.828125,-263.1836
5503817022899,56.586517066,52.734375,-74.12109,-263.67188
5503837103100,56.606597267,52.539062,-74.02344,-263.57422
5503857152783,56.62664695,52.734375,-74.609375,-263.08594
5503877232982,56.646727149,52.929688,-74.41406,-262.98828
5503897282666,56.666776833,53.027344,-75.0,-263.08594
5503917332349,56.686826516,52.734375,-74.31641,-263.28125
5503937382032,56.706876199,52.83203,-74.12109,-262.89062
5503957462231,56.726956398,52.929688,-74.41406,-263.1836
5503977511914,56.747006081,53.125,-73.92578,-263.3789
5503997561598,56.767055765,52.83203,-74.21875,-263.1836
5504017611280,56.787105447,52.539062,-74.12109,-263.28125
5504037660963,56.80715513,52.734375,-74.31641,-263.1836
5504057741163,56.82723533,52.83203,-73.73047,-262.89062
5504077790846,56.847285013,52.63672,-74.41406,-263.08594
5504097840529,56.867334696,53.027344,-74.21875,-263.57422
5504117890212,56.887384379,52.63672,-74.12109,-263.47656
5504137939895,56.907434062,52.83203,-74.12109,-262.89062
5504157989578,56.927483745,53.125,-74.21875,-263.28125
5504178039261,56.947533428,52.539062,-74.31641,-262.79297
5504198088943,56.96758311,52.734375,-74.31641,-262.89062
5504218138627,56.987632794,52.539062,-74.31641,-262.79297
5504238188310,57.007682477,52.929688,-74.21875,-263.47656
5504258237993,57.02773216,52.63672,-74.31641,-263.08594
5504278287676,57.047781843,52.83203,-74.41406,-263.28125
5504298337359,57.067831526,52.83203,-74.80469,-263.28125
5504318387041,57.087881208,52.63672,-74.609375,-263.1836
5504338436724,57.107930891,52.734375,-74.31641,-263.1836
5504358486407,57.127980574,53.222656,-73.828125,-262.98828
5504378536091,57.148030258,51.953125,-73.92578,-262.6953
5504398585774,57.168079941,52.441406,-73.92578,-263.1836
5504418635457,57.188129624,53.125,-74.21875,-263.3789
5504438685139,57.208179306,52.83203,-74.41406,-263.28125
5504458734822,57.228228989,52.63672,-74.31641,-262.98828
5504478784505,57.248278672,52.734375,-74.21875,-263.1836
5504498834188,57.268328355,52.734375,-74.609375,-263.3789
5504518883872,57.288378039,52.83203,-74.02344,-262.98828
5504538933555,57.308427722,52.929688,-74.70703,-263.1836
5504558983237,57.328477404,52.63672,-74.70703,-262.98828
5504579032920,57.348527087,52.734375,-74.51172,-262.89062
5504599082603,57.36857677,52.539062,-73.73047,-263.1836
5504619132286,57.388626453,52.441406,-74.41406,-262.79297
5504639181969,57.408676136,52.734375,-74.609375,-263.8672
5504659201135,57.428695302,53.222656,-74.609375,-262.98828
5504679281335,57.448775502,52.34375,-74.21875,-263.1836
5504699300501,57.468794668,53.027344,-73.73047,-263.1836
5504719350183,57.48884435,52.83203,-74.609375,-263.08594
5504739399867,57.508894034,52.83203,-74.51172,-262.6953
5504759449550,57.528943717,52.539062,-73.73047,-262.6953
5504779499233,57.5489934,52.539062,-74.12109,-263.67188
5504799609950,57.569104117,52.539062,-73.63281,-262.20703
5504819659633,57.5891538,52.83203,-74.12109,-263.3789
5504839709316,57.609203483,53.125,-74.21875,-262.89062
5504859758998,57.629253165,52.83203,-74.41406,-263.08594
5504879808681,57.649302848,52.34375,-73.828125,-262.98828
5504899858365,57.669352532,52.929688,-74.31641,-263.08594
5504919908048,57.689402215,52.734375,-74.31641,-262.6953
5504939988247,57.709482414,52.929688,-74.12109,-263.3789
5504960037930,57.729532097,52.83203,-74.609375,-263.28125
5504980087614,57.749581781,52.734375,-74.31641,-263.47656
5505000137297,57.769631464,52.34375,-73.92578,-263.47656
5505020186980,57.789681147,52.539062,-74.02344,-263.3789
5505040267179,57.809761346,52.734375,-74.31641,-263.08594
5505060316863,57.82981103,52.734375,-74.02344,-263.67188
5505080366546,57.849860713,53.515625,-74.21875,-263.1836
5505100416228,57.869910395,52.83203,-74.31641,-263.08594
5505120465911,57.889960078,52.539062,-74.21875,-263.3789
5505140515594,57.910009761,53.027344,-74.31641,-263.57422
5505160565277,57.930059444,52.63672,-74.609375,-263.47656
5505180614960,57.950109127,52.83203,-74.609375,-263.3789
5505200664643,57.97015881,52.734375,-74.12109,-263.3789
5505220714326,57.990208493,52.734375,-73.63281,-262.98828
5505240764009,58.010258176,53.027344,-73.828125,-263.1836
5505260813692,58.030307859,52.83203,-74.02344,-263.1836
5505280863375,58.050357542,52.63672,-73.73047,-263.28125
5505300913058,58.070407225,52.83203,-74.12109,-263.28125
5505320962741,58.090456908,52.929688,-74.21875,-263.3789
5505341012423,58.11050659,52.734375,-74.21875,-262.98828
5505361062107,58.130556274,52.734375,-74.21875,-263.08594
5505381142307,58.150636474,53.125,-74.31641,-262.98828
5505401191989,58.170686156,52.539062,-74.02344,-263.76953
5505421241672,58.190735839,53.125,-74.31641,-262.79297
5505441291356,58.210785523,52.734375,-74.21875,-263.1836
5505461341039,58.230835206,52.83203,-74.21875,-262.5
5505481390722,58.250884889,53.027344,-74.12109,-263.28125
5505501409887,58.270904054,53.222656,-74.609375,-263.1836
5505521459571,58.290953738,52.83203,-74.609375,-263.76953
5505541509254,58.311003421,52.929688,-74.31641,-262.89062
5505561558936,58.331053103,52.929688,-74.41406,-263.8672
5505581608619,58.351102786,52.929688,-74.21875,-263.3789
5505601658302,58.371152469,52.83203,-74.21875,-263.1836
5505621707985,58.391202152,52.734375,-74.31641,-262.98828
5505641757668,58.411251835,52.929688,-74.41406,-262.98828
5505661807352,58.431301519,52.734375,-73.92578,-263.28125
5505681857034,58.451351201,52.63672,-74.41406,-263.67188
5505701906717,58.471400884,53.027344,-74.609375,-263.57422
5505721986917,58.491481084,52.929688,-74.41406,-263.76953
5505742036601,58.511530768,52.83203,-74.12109,-262.5
5505762086283,58.53158045,52.63672,-73.4375,-263.28125
5505781827032,58.551321199,52.148438,-70.80078,-263.08594
5505801907232,58.571401399,53.222656,-73.53516,-262.6953
5505821987432,58.591481599,52.83203,-74.12109,-263.57422
5505842037114,58.611531281,52.734375,-74.41406,-263.08594
5505862086798,58.631580965,52.734375,-74.12109,-263.28125
5505882136481,58.651630648,52.929688,-74.609375,-263.47656
5505902186164,58.671680331,52.539062,-74.21875,-263.08594
5505922235847,58.691730014,52.929688,-74.02344,-263.28125
5505942285530,58.711779697,52.734375,-74.02344,-262.79297
5505962365730,58.731859897,52.734375,-74.21875,-263.57422
5505982415413,58.75190958,52.83203,-74.12109,-262.79297
5506002465096,58.771959263,52.83203,-74.51172,-262.98828
5506022514778,58.792008945,52.734375,-74.609375,-263.08594
5506042564461,58.812058628,53.222656,-74.41406,-263.28125
5506062614144,58.832108311,52.83203,-74.41406,-263.08594
5506082663827,58.852157994,52.929688,-74.80469,-263.1836
5506102713511,58.872207678,52.539062,-74.41406,-263.47656
5506122793710,58.892287877,52.929688,-74.51172,-263.3789
5506142843393,58.91233756,52.539062,-74.609375,-262.5
5506162893076,58.932387243,52.83203,-74.31641,-262.89062
5506182942760,58.952436927,52.929688,-74.80469,-263.96484
5506202992442,58.972486609,52.63672,-74.02344,-263.08594
5506223072642,58.992566809,52.441406,-74.02344,-263.28125
5506243122325,59.012616492,52.734375,-74.31641,-263.1836
5506263172009,59.032666176,52.63672,-74.02344,-262.40234
5506283221691,59.052715858,52.63672,-74.12109,-262.89062
5506303271374,59.072765541,52.734375,-74.02344,-263.57422
5506323321057,59.092815224,52.734375,-74.12109,-263.47656
5506343370740,59.112864907,52.441406,-74.41406,-263.08594
5506363420423,59.13291459,52.83203,-74.31641,-263.47656
5506383470105,59.152964272,52.929688,-74.90234,-263.08594
5506403519788,59.173013955,53.515625,-74.12109,-263.08594
5506423569472,59.193063639,52.63672,-73.92578,-263.1836
5506443619155,59.213113322,52.83203,-74.41406,-262.98828
5506463668838,59.233163005,52.734375,-74.31641,-263.08594
5506483718521,59.253212688,52.539062,-74.70703,-263.1836
5506503768203,59.27326237,52.441406,-74.41406,-262.89062
5506523848404,59.293342571,53.125,-74.12109,-262.98828
5506543898087,59.313392254,52.734375,-74.12109,-262.98828
5506563947770,59.333441937,52.63672,-74.609375,-263.1836
5506583966936,59.353461103,52.63672,-74.31641,-262.98828
5506604047135,59.373541302,52.63672,-74.02344,-263.28125
5506624096818,59.393590985,52.63672,-74.51172,-263.57422
5506644146502,59.413640669,52.734375,-74.41406,-263.1836
5506664196185,59.433690352,52.63672,-74.51172,-263.28125
5506684245867,59.453740034,52.734375,-74.31641,-262.89062
5506704295550,59.473789717,52.63672,-74.51172,-263.67188
5506724345233,59.4938394,53.222656,-74.21875,-263.1836
5506744394916,59.513889083,53.125,-74.31641,-262.3047
5506764444599,59.533938766,52.929688,-74.609375,-263.3789
5506784555316,59.554049483,52.441406,-74.02344,-263.47656
5506804605000,59.574099167,52.734375,-74.12109,-262.98828
5506824685199,59.594179366,52.63672,-74.02344,-263.28125
5506844765399,59.614259566,52.83203,-73.828125,-263.08594
5506864815082,59.634309249,53.320312,-74.80469,-263.57422
5506884864765,59.654358932,52.539062,-74.609375,-262.79297
5506904914448,59.674408615,53.027344,-74.51172,-263.47656
5506924964131,59.694458298,52.734375,-75.0,-263.76953
5506945013814,59.714507981,52.34375,-74.609375,-263.67188
5506965063496,59.734557663,52.83203,-74.41406,-263.47656
5506985113180,59.754607347,52.83203,-74.41406,-263.3789
5507005193380,59.774687547,53.027344,-74.51172,-262.98828
5507025243062,59.794737229,53.125,-74.12109,-263.1836
5507045292745,59.814786912,52.83203,-74.51172,-263.28125
5507065342429,59.834836596,52.734375,-73.92578,-263.3789
5507085392112,59.854886279,52.83203,-73.828125,-263.1836
5507105441795,59.874935962,52.734375,-73.92578,-263.57422
5507125521994,59.895016161,52.734375,-74.12109,-263.28125
5507145571678,59.915065845,52.63672,-73.828125,-262.98828
5507165621361,59.935115528,52.63672,-73.828125,-262.89062
5507185671044,59.955165211,52.83203,-73.63281,-262.6953
5507205720726,59.975214893,52.63672,-74.02344,-262.89062
5507225770409,59.995264576,53.222656,-74.41406,-262.98828
5507245850610,60.015344777,52.83203,-74.12109,-262.98828
5507265900293,60.03539446,53.320312,-74.21875,-263.96484
5507285949975,60.055444142,53.125,-74.609375,-263.57422
5507305999658,60.075493825,52.83203,-74.609375,-262.79297
5507326049341,60.095543508,52.734375,-74.51172,-262.59766
5507346099024,60.115593191,52.34375,-74.41406,-263.3789
5507366148707,60.135642874,52.539062,-74.31641,-262.79297
5507386198391,60.155692558,52.734375,-74.31641,-263.57422
5507406278590,60.175772757,52.734375,-74.31641,-263.28125
5507426328273,60.19582244,53.027344,-74.12109,-262.89062
5507446377956,60.215872123,52.34375,-74.31641,-263.28125
5507466427639,60.235921806,52.83203,-74.12109,-262.98828
5507486477322,60.255971489,52.734375,-74.70703,-263.28125
5507506527005,60.276021172,52.539062,-74.02344,-263.28125
5507526576688,60.296070855,52.929688,-74.21875,-263.3789
5507546626371,60.316120538,52.734375,-74.31641,-263.28125
5507566676054,60.336170221,52.929688,-74.41406,-263.08594
5507586725736,60.356219903,53.027344,-73.92578,-263.67188
5507606775420,60.376269587,52.734375,-74.609375,-263.08594
5507626825103,60.39631927,52.929688,-74.41406,-262.6953
5507646905302,60.416399469,52.83203,-74.609375,-263.3789
5507666954985,60.436449152,52.734375,-74.51172,-263.28125
5507687004669,60.456498836,52.734375,-74.80469,-263.28125
5507707054352,60.476548519,52.734375,-74.31641,-262.59766
5507727104035,60.496598202,53.027344,-74.41406,-263.28125
5507747153718,60.516647885,52.539062,-73.4375,-263.28125
5507767203400,60.536697567,52.734375,-73.63281,-262.98828
5507787253083,60.55674725,52.929688,-74.02344,-263.1836
5507807302766,60.576796933,52.539062,-73.63281,-263.28125
5507827352449,60.596846616,52.83203,-74.12109,-263.08594
5507847402133,60.6168963,52.734375,-73.828125,-263.1836
5507867451816,60.636945983,53.027344,-73.828125,-263.47656
5507887501498,60.656995665,52.83203,-74.41406,-263.47656
5507907551181,60.677045348,52.83203,-74.31641,-263.08594
5507927600864,60.697095031,53.027344,-74.51172,-263.1836
5507947650547,60.717144714,52.929688,-74.31641,-263.57422
5507967700230,60.737194397,52.83203,-74.31641,-263.28125
5507987749914,60.757244081,52.63672,-74.02344,-263.1836
5508007799596,60.777293763,52.734375,-74.41406,-263.28125
5508027849279,60.797343446,52.34375,-74.609375,-263.67188
5508047898962,60.817393129,52.83203,-73.92578,-262.79297
5508067948645,60.837442812,52.83203,-74.21875,-262.98828
5508087998328,60.857492495,52.734375,-74.21875,-262.79297
5508108048010,60.877542177,52.63672,-74.31641,-263.08594
5508128128211,60.897622378,52.929688,-74.21875,-263.1836
5508148177894,60.917672061,52.734375,-74.609375,-262.98828
5508168227577,60.937721744,52.34375,-74.41406,-263.47656
5508188277259,60.957771426,52.63672,-74.02344,-263.08594
5508208357460,60.977851627,52.929688,-75.0,-263.1836
5508228407143,60.99790131,52.441406,-74.51172,-263.1836
5508248456825,61.017950992,52.929688,-74.70703,-263.57422
5508268506508,61.038000675,52.83203,-74.51172,-263.08594
5508288556191,61.058050358,52.734375,-74.31641,-262.79297
5508308605875,61.078100042,52.246094,-74.70703,-263.3789
5508328655558,61.098149725,52.83203,-74.02344,-263.57422
5508348705241,61.118199408,52.734375,-74.21875,-263.67188
5508368785440,61.138279607,52.539062,-74.41406,-263.3789
5508388835124,61.158329291,52.63672,-74.31641,-262.59766
5508408884807,61.178378974,52.539062,-74.21875,-263.76953
5508428934489,61.198428656,52.734375,-74.31641,-262.89062
5508448984172,61.218478339,52.734375,-74.51172,-263.3789
5508469033855,61.238528022,52.83203,-74.90234,-263.1836
5508489083538,61.258577705,53.027344,-74.609375,-263.28125
5508509133221,61.278627388,52.83203,-74.51172,-263.1836
5508529182905,61.298677072,52.83203,-74.51172,-262.89062
5508549232587,61.318726754,53.027344,-74.609375,-262.59766
5508569282270,61.338776437,52.539062,-74.41406,-262.59766
5508589331953,61.35882612,52.83203,-74.70703,-262.89062
5508609412153,61.37890632,53.320312,-74.41406,-262.5
5508629431319,61.398925486,52.539062,-74.31641,-262.89062
5508649481002,61.418975169,52.929688,-74.609375,-262.89062
5508669530684,61.439024851,52.83203,-74.12109,-262.79297
5508689610885,61.459105052,53.027344,-74.12109,-263.1836
5508709660568,61.479154735,52.83203,-74.70703,-263.28125
5508729710250,61.499204417,52.63672,-74.12109,-262.6953
5508749759933,61.5192541,53.027344,-73.73047,-263.28125
5508769809617,61.539303784,53.027344,-73.828125,-262.79297
5508789859300,61.559353467,52.734375,-73.73047,-263.47656
5508809878465,61.579372632,52.83203,-74.12109,-263.57422
5508829928149,61.599422316,52.734375,-73.92578,-263.47656
5508850038866,61.619533033,52.63672,-74.21875,-263.67188
5508870088549,61.639582716,52.63672,-73.73047,-263.8672
5508890138232,61.659632399,52.734375,-74.12109,-263.47656
5508910187915,61.679682082,52.441406,-73.92578,-262.6953
5508930237597,61.699731764,52.734375,-74.02344,-262.6953
5508950287280,61.719781447,52.63672,-73.73047,-263.47656
5508970367481,61.739861648,52.929688,-73.4375,-263.08594
5508990417163,61.75991133,52.441406,-73.33984,-263.28125
5509010466846,61.779961013,53.320312,-74.02344,-263.67188
5509030516529,61.800010696,52.539062,-74.02344,-263.76953
5509050566212,61.820060379,52.246094,-74.02344,-263.08594
5509070615895,61.840110062,53.125,-74.02344,-263.1836
5509090665579,61.860159746,52.734375,-74.21875,-262.98828
5509110715261,61.880209428,53.027344,-74.51172,-263.67188
5509130764944,61.900259111,52.83203,-74.51172,-262.98828
5509150814627,61.920308794,52.734375,-74.80469,-263.28125
5509170864310,61.940358477,52.539062,-74.41406,-263.3789
5509190944510,61.960438677,52.83203,-74.31641,-262.89062
5509210994193,61.98048836,52.63672,-74.21875,-263.08594
5509231043876,62.000538043,52.83203,-74.80469,-263.3789
5509251093559,62.020587726,52.929688,-74.21875,-263.08594
5509271143242,62.040637409,52.63672,-74.02344,-262.5
5509291192924,62.060687091,52.05078,-74.21875,-263.1836
5509311242608,62.080736775,52.83203,-74.51172,-263.28125
5509331292291,62.100786458,52.83203,-74.31641,-263.3789
5509351341974,62.120836141,52.441406,-74.41406,-263.28125
5509371391657,62.140885824,52.734375,-74.41406,-262.6953
5509391441340,62.160935507,52.83203,-74.31641,-263.1836
5509411491022,62.180985189,52.83203,-74.609375,-263.1836
5509431540705,62.201034872,52.83203,-74.31641,-262.89062
5509451590388,62.221084555,52.734375,-74.21875,-263.76953
5509471640072,62.241134239,52.929688,-73.92578,-263.08594
5509491689755,62.261183922,52.246094,-73.73047,-262.3047
5509511739438,62.281233605,52.83203,-74.12109,-262.5
5509531789120,62.301283287,52.929688,-74.70703,-263.28125
5509551838803,62.32133297,52.734375,-74.90234,-264.0625
5509571888486,62.341382653,52.83203,-74.70703,-262.98828
5509591938169,62.361432336,53.027344,-74.41406,-262.98828
5509611987853,62.38148202,53.320312,-74.41406,-263.8672
5509632037535,62.401531702,52.929688,-74.02344,-263.28125
5509652087218,62.421581385,52.929688,-74.41406,-263.47656
5509672136901,62.441631068,53.027344,-74.51172,-263.3789
5509692186584,62.461680751,53.027344,-74.12109,-262.6953
5509712236267,62.481730434,52.734375,-74.12109,-262.89062
5509732285950,62.501780117,52.83203,-73.92578,-263.1836
5509752366150,62.521860317,52.734375,-73.73047,-263.08594
5509772415833,62.54191,52.734375,-73.92578,-262.89062
5509792465516,62.561959683,52.83203,-72.85156,-262.89062
5509812515199,62.582009366,52.83203,-73.24219,-263.1836
5509832564881,62.602059048,52.734375,-74.21875,-263.57422
5509852645082,62.622139249,52.34375,-74.21875,-263.1836
5509872694765,62.642188932,52.83203,-73.33984,-262.98828
5509892744447,62.662238614,52.539062,-73.046875,-263.1836
5509912794130,62.682288297,53.027344,-73.33984,-262.98828
5509932843814,62.702337981,52.441406,-74.21875,-263.3789
5509952893497,62.722387664,52.734375,-74.51172,-263.57422
5509972943180,62.742437347,53.027344,-74.51172,-263.08594
5509992992863,62.76248703,53.125,-74.12109,-263.67188
5510013042545,62.782536712,52.63672,-74.21875,-263.47656
5510033092228,62.802586395,53.125,-74.51172,-263.1836
5510053141911,62.822636078,52.441406,-74.609375,-263.28125
5510073191595,62.842685762,52.83203,-74.21875,-263.47656
5510093241278,62.862735445,52.929688,-74.51172,-262.89062
5510113290961,62.882785128,52.63672,-74.12109,-262.59766
5510133340643,62.90283481,52.63672,-74.51172,-262.98828
5510153390326,62.922884493,52.441406,-73.63281,-263.47656
5510173440009,62.942934176,52.441406,-74.12109,-263.1836
5510193489692,62.962983859,52.63672,-73.92578,-263.47656
5510213539375,62.983033542,52.539062,-74.41406,-262.98828
5510233589058,63.003083225,52.441406,-74.41406,-262.6953
5510253638741,63.023132908,52.63672,-74.41406,-264.0625
5510273688424,63.043182591,52.83203,-74.41406,-262.98828
5510293738107,63.063232274,52.63672,-74.31641,-262.98828
5510313787790,63.083281957,53.027344,-74.609375,-263.08594
5510333837473,63.10333164,53.125,-74.51172,-263.28125
5510353887155,63.123381322,52.734375,-74.02344,-263.3789
5510373936839,63.143431006,52.83203,-74.31641,-263.47656
5510393986522,63.163480689,53.125,-74.609375,-263.96484
5510414036205,63.183530372,53.027344,-74.51172,-262.79297
5510434085888,63.203580055,52.63672,-74.41406,-263.1836
5510454166088,63.223660255,52.929688,-74.12109,-263.3789
5510474185253,63.24367942,52.734375,-75.0,-263.28125
5510494265454,63.263759621,53.222656,-74.41406,-263.1836
5510514315137,63.283809304,52.63672,-74.31641,-263.08594
5510534364819,63.303858986,52.734375,-74.31641,-263.3789
5510554414502,63.323908669,52.734375,-74.609375,-262.59766
5510574464185,63.343958352,53.125,-74.31641,-263.96484
5510594513868,63.364008035,52.83203,-74.609375,-263.1836
5510614563552,63.384057719,52.83203,-74.31641,-263.08594
5510634613235,63.404107402,52.539062,-74.51172,-263.28125
5510654662917,63.424157084,52.539062,-74.12109,-263.08594
5510674712600,63.444206767,52.734375,-74.21875,-263.57422
5510694792801,63.464286968,52.83203,-74.609375,-263.67188
5510714842484,63.484336651,52.63672,-74.02344,-263.76953
5510734892166,63.504386333,52.83203,-73.63281,-263.57422
5510754941849,63.524436016,52.63672,-73.63281,-263.28125
5510774991532,63.544485699,51.85547,-73.33984,-262.01172
5510795102249,63.564596416,52.63672,-73.828125,-263.1836
5510815182449,63.584676616,52.734375,-73.92578,-263.28125
5510835232132,63.604726299,52.83203,-73.53516,-263.67188
5510855251298,63.624745465,52.734375,-73.92578,-263.57422
5510875300981,63.644795148,52.929688,-74.02344,-263.1836
5510895350664,63.664844831,52.83203,-74.21875,-262.89062
5510915430864,63.684925031,52.734375,-74.02344,-263.67188
5510935480547,63.704974714,53.320312,-74.21875,-262.89062
5510955530230,63.725024397,52.929688,-74.90234,-263.08594
5510975579913,63.74507408,53.320312,-74.12109,-262.89062
5510995629596,63.765123763,52.83203,-74.609375,-263.47656
5511015679279,63.785173446,52.734375,-74.51172,-262.79297
5511035728961,63.805223128,52.83203,-74.70703,-263.3789
5511055778644,63.825272811,52.63672,-74.21875,-263.3789
5511075858845,63.845353012,52.83203,-74.12109,-263.3789
5511095908528,63.865402695,52.734375,-74.21875,-262.79297
5511115958210,63.885452377,52.734375,-74.31641,-262.89062
5511136007893,63.90550206,52.734375,-74.12109,-262.98828
5511156057576,63.925551743,52.734375,-74.21875,-263.1836
5511176107260,63.945601427,52.63672,-74.41406,-262.79297
5511196156943,63.96565111,53.125,-74.51172,-263.47656
5511216206626,63.985700793,52.929688,-74.51172,-263.47656
5511236256308,64.005750475,53.41797,-74.51172,-263.57422
5511256305991,64.025800158,53.027344,-74.12109,-263.47656
5511276355674,64.045849841,52.83203,-74.609375,-263.28125
5511296405357,64.065899524,52.246094,-74.02344,-263.76953
5511316455041,64.085949208,52.63672,-73.828125,-262.98828
5511336504723,64.10599889,52.734375,-74.21875,-263.08594
5511356584923,64.12607909,52.734375,-74.02344,-262.5
5511376634606,64.146128773,52.441406,-74.609375,-263.57422
5511396684290,64.166178457,52.34375,-74.51172,-263.3789
5511416733972,64.186228139,52.539062,-74.31641,-263.28125
5511436783655,64.206277822,52.83203,-74.12109,-263.76953
5511456833338,64.226327505,52.734375,-74.21875,-263.28125
5511476913537,64.246407704,53.027344,-73.92578,-263.1836
5511496963221,64.266457388,52.63672,-74.02344,-263.3789
5511517012904,64.286507071,53.027344,-73.92578,-263.3789
5511537062587,64.306556754,53.125,-74.31641,-262.98828
5511557112270,64.326606437,52.63672,-73.92578,-262.98828
5511577161953,64.34665612,52.83203,-74.51172,-263.28125
5511597211635,64.366705802,52.63672,-74.51172,-263.3789
5511617261318,64.386755485,53.320312,-74.31641,-263.08594
5511637311002,64.406805169,52.734375,-74.21875,-262.98828
5511657391201,64.426885368,52.734375,-74.31641,-262.89062
5511677440884,64.446935051,52.734375,-74.21875,-263.57422
5511697490567,64.466984734,52.83203,-74.609375,-262.89062
5511717509733,64.4870039,52.539062,-74.609375,-263.1836
5511737589934,64.507084101,52.83203,-73.92578,-263.08594
5511757639617,64.527133784,52.929688,-74.02344,-263.47656
5511777689299,64.547183466,52.734375,-74.31641,-262.40234
5511797738982,64.567233149,52.539062,-73.63281,-263.08594
5511817788665,64.587282832,52.441406,-74.12109,-263.1836
5511837838348,64.607332515,52.539062,-74.12109,-263.1836
5511857888031,64.627382198,52.539062,-73.92578,-262.89062
5511877998749,64.647492916,52.246094,-74.41406,-263.47656
5511898048432,64.667542599,53.027344,-74.51172,-263.8672
5511918098114,64.687592281,52.63672,-74.70703,-263.08594
5511938147797,64.707641964,52.441406,-74.12109,-262.98828
5511958197480,64.727691647,52.63672,-74.12109,-263.1836
5511978247163,64.74774133,52.734375,-74.609375,-263.57422
5511998296846,64.767791013,52.929688,-74.41406,-263.1836
5512018346529,64.787840696,52.734375,-74.21875,-263.1836
5512038396212,64.807890379,52.734375,-73.92578,-262.5
5512058445895,64.827940062,52.63672,-74.31641,-263.08594
5512078495578,64.847989745,52.83203,-74.609375,-262.79297
5512098545261,64.868039428,52.83203,-74.41406,-263.28125
5512118594944,64.888089111,52.929688,-74.31641,-263.3789
5512138644627,64.908138794,52.734375,-74.31641,-262.6953
5512158694309,64.928188476,52.83203,-74.609375,-262.98828
5512178743993,64.94823816,52.83203,-74.609375,-262.79297
5512198793676,64.968287843,52.83203,-74.51172,-262.89062
5512218843359,64.988337526,52.63672,-74.21875,-262.6953
5512238893042,65.008387209,53.027344,-74.31641,-263.3789
5512258942724,65.028436891,52.83203,-74.02344,-263.57422
5512278992407,65.048486574,53.027344,-74.02344,-263.3789
5512299072608,65.068566775,52.734375,-74.51172,-262.98828
5512319122291,65.088616458,52.63672,-74.609375,-263.08594
5512339171973,65.10866614,52.34375,-74.21875,-262.98828
5512359221656,65.128715823,52.63672,-74.12109,-263.3789
5512379271339,65.148765506,52.83203,-74.51172,-262.6953
5512399321022,65.168815189,52.929688,-74.31641,-263.47656
5512419370706,65.188864873,52.83203,-73.92578,-263.28125
5512439420389,65.208914556,52.83203,-74.41406,-263.67188
5512459470071,65.228964238,52.734375,-74.70703,-263.1836
5512479519754,65.249013921,53.027344,-74.31641,-263.28125
5512499569437,65.269063604,53.027344,-74.41406,-262.79297
5512519619120,65.289113287,52.83203,-74.31641,-262.89062
5512539699320,65.309193487,52.734375,-74.12109,-263.57422
5512559749003,65.32924317,52.83203,-73.92578,-262.79297
5512579798686,65.349292853,52.539062,-73.92578,-263.1836
5512599848369,65.369342536,52.83203,-74.41406,-263.08594
5512619898052,65.389392219,52.83203,-74.02344,-263.3789
5512639947735,65.409441902,52.734375,-74.12109,-263.47656
5512659997418,65.429491585,52.34375,-73.828125,-263.1836
5512680047101,65.449541268,52.83203,-73.92578,-263.57422
5512700096784,65.469590951,53.027344,-74.41406,-263.28125
5512720146467,65.489640634,53.027344,-74.02344,-263.3789
5512740226667,65.509720834,53.125,-73.63281,-263.1836
5512760276350,65.529770517,53.222656,-73.828125,-263.1836
5512780326033,65.5498202,53.027344,-73.4375,-262.98828
5512800375716,65.569869883,52.441406,-73.63281,-263.67188
5512820425398,65.589919565,52.929688,-73.92578,-263.1836
5512840475081,65.609969248,52.63672,-74.12109,-263.76953
5512860524764,65.630018931,53.125,-74.41406,-262.89062
5512880574448,65.650068615,52.734375,-74.21875,-263.1836
5512900624131,65.670118298,52.929688,-74.51172,-263.47656
5512920673814,65.690167981,52.734375,-74.12109,-263.3789
5512940723496,65.710217663,53.125,-74.21875,-263.08594
5512960773179,65.730267346,53.027344,-73.828125,-262.89062
5512980822862,65.750317029,52.83203,-74.41406,-263.08594
5513000872545,65.770366712,53.027344,-74.31641,-263.67188
5513020952745,65.790446912,53.125,-74.51172,-263.67188
5513041002428,65.810496595,52.63672,-73.828125,-263.28125
5513061052111,65.830546278,52.539062,-73.53516,-263.28125
5513081132311,65.850626478,52.63672,-74.41406,-262.98828
5513101181994,65.870676161,52.734375,-74.12109,-263.1836
5513121231677,65.890725844,52.83203,-73.92578,-262.79297
5513141281360,65.910775527,52.63672,-74.90234,-263.57422
5513161331043,65.93082521,53.027344,-74.41406,-263.47656
5513181411243,65.95090541,52.63672,-74.70703,-262.79297
5513201460926,65.970955093,52.83203,-74.51172,-263.96484
5513221510609,65.991004776,52.734375,-74.609375,-263.47656
5513241560292,66.011054459,52.441406,-74.31641,-263.1836
5513261609974,66.031104141,52.83203,-74.41406,-263.1836
5513281690175,66.051184342,52.734375,-74.31641,-263.3789
5513301739858,66.071234025,53.320312,-74.21875,-263.08594
5513321789540,66.091283707,52.734375,-74.609375,-263.3789
5513341839223,66.11133339,52.929688,-74.21875,-263.76953
5513361888907,66.131383074,52.734375,-74.51172,-263.08594
5513381938590,66.151432757,52.734375,-74.31641,-263.28125
5513401988273,66.17148244,52.929688,-74.12109,-263.1836
5513422068472,66.191562639,52.83203,-74.31641,-262.98828
5513442118156,66.211612323,52.539062,-74.21875,-263.3789
5513462167839,66.231662006,52.929688,-74.609375,-263.28125
5513482217522,66.251711689,52.63672,-74.41406,-263.08594
5513502267204,66.271761371,52.83203,-74.02344,-263.1836
5513522316887,66.291811054,52.539062,-74.31641,-262.6953
5513542366570,66.311860737,52.63672,-74.12109,-262.79297
5513562416253,66.33191042,52.734375,-74.21875,-262.5
5513582465936,66.351960103,52.441406,-73.828125,-262.59766
5513602515620,66.372009787,52.83203,-73.92578,-263.08594
5513622565302,66.392059469,52.929688,-74.12109,-262.98828
5513642614985,66.412109152,52.63672,-73.046875,-263.08594
5513662664668,66.432158835,52.441406,-71.58203,-262.59766
5513682714351,66.452208518,52.05078,-72.07031,-263.28125
5513702764034,66.472258201,52.83203,-74.21875,-263.1836
5513722813717,66.492307884,53.125,-73.92578,-262.89062
5513742863400,66.512357567,52.83203,-74.609375,-263.1836
5513762943600,66.532437767,52.539062,-73.4375,-262.79297
5513782962766,66.552456933,52.539062,-74.21875,-262.98828
5513803012449,66.572506616,52.63672,-74.51172,-263.3789
5513823092649,66.592586816,52.34375,-74.12109,-262.89062
5513843142332,66.612636499,52.63672,-74.21875,-262.79297
5513863192015,66.632686182,52.83203,-74.609375,-263.1836
5513883241698,66.652735865,52.83203,-73.046875,-262.79297
5513903321898,66.672816065,52.539062,-70.41016,-262.59766
5513923371581,66.692865748,52.83203,-73.24219,-262.79297
5513943421264,66.712915431,52.539062,-73.4375,-262.5
5513963470947,66.732965114,52.34375,-71.28906,-262.98828
5513983520629,66.753014796,52.441406,-73.53516,-262.59766
5514003570312,66.773064479,52.34375,-73.046875,-262.89062
5514023619995,66.793114162,52.539062,-73.046875,-262.79297
5514043669678,66.813163845,52.734375,-73.4375,-262.5
5514063719362,66.833213529,52.83203,-73.63281,-262.89062
5514083769045,66.853263212,52.734375,-73.92578,-263.28125
5514103818727,66.873312894,52.441406,-73.53516,-262.79297
5514123868410,66.893362577,52.539062,-73.828125,-262.98828
5514143918093,66.91341226,52.929688,-74.12109,-262.6953
5514163967776,66.933461943,52.539062,-73.63281,-262.98828
5514184017459,66.953511626,52.34375,-70.01953,-262.89062
5514204067143,66.97356131,53.125,-74.31641,-263.08594
5514224116825,66.993610992,52.539062,-74.31641,-263.08594
5514244166508,67.013660675,52.83203,-74.70703,-263.1836
5514264246708,67.033740875,52.539062,-74.02344,-263.3789
5514284265874,67.053760041,53.125,-74.609375,-263.1836
5514304346074,67.073840241,52.929688,-74.12109,-263.57422
5514324395757,67.093889924,52.63672,-74.31641,-262.98828
5514344445440,67.113939607,52.929688,-74.51172,-262.98828
5514364495123,67.13398929,52.83203,-74.70703,-263.67188
5514384544806,67.154038973,52.929688,-74.609375,-263.8672
5514404594488,67.174088655,53.125,-73.92578,-263.57422
5514424644171,67.194138338,52.734375,-74.21875,-263.57422
5514444724372,67.214218539,52.929688,-74.12109,-263.1836
5514464774055,67.234268222,52.83203,-74.02344,-263.67188
5514484823737,67.254317904,52.83203,-73.73047,-263.28125
5514504873420,67.274367587,52.734375,-73.92578,-262.98828
5514524953621,67.294447788,53.125,-73.92578,-263.47656
5514545003303,67.31449747,52.83203,-73.828125,-263.08594
5514565052986,67.334547153,52.734375,-74.12109,-263.47656
5514585133187,67.354627354,52.63672,-74.12109,-263.3789
5514605182869,67.374677036,52.441406,-74.31641,-263.08594
5514625232552,67.394726719,52.63672,-74.41406,-263.28125
5514645312753,67.41480692,52.83203,-74.21875,-263.57422
5514665362436,67.434856603,52.83203,-74.21875,-263.3789
5514685412118,67.454906285,52.929688,-74.51172,-262.79297
5514705461801,67.474955968,52.83203,-74.41406,-263.1836
5514725511484,67.495005651,52.441406,-74.70703,-262.59766
5514745561167,67.515055334,52.83203,-74.02344,-262.98828
5514765610851,67.535105018,52.83203,-74.31641,-263.1836
5514785691050,67.555185217,52.83203,-73.63281,-263.3789
5514805771250,67.575265417,53.125,-74.02344,-263.08594
5514825820933,67.5953151,52.539062,-73.92578,-263.08594
5514845870616,67.615364783,52.929688,-74.02344,-263.08594
5514865950817,67.635444984,52.63672,-74.51172,-263.1836
5514886000499,67.655494666,52.83203,-74.12109,-262.79297
5514906080699,67.675574866,52.734375,-74.41406,-263.1836
5514926130382,67.695624549,52.83203,-74.41406,-264.0625
5514946180065,67.715674232,52.929688,-74.31641,-263.28125
5514966229748,67.735723915,52.83203,-74.31641,-263.28125
5514986279431,67.755773598,52.734375,-74.80469,-263.08594
5515006329114,67.775823281,52.83203,-74.41406,-263.1836
5515026378797,67.795872964,52.83203,-74.12109,-262.79297
5515046428480,67.815922647,53.125,-74.51172,-263.08594
5515066478162,67.835972329,52.34375,-74.21875,-262.98828
5515086527845,67.856022012,52.441406,-74.02344,-263.47656
5515106577529,67.876071696,52.539062,-74.31641,-263.08594
5515126627212,67.896121379,52.539062,-74.12109,-263.3789
5515146707411,67.916201578,52.34375,-74.609375,-263.28125
5515166757094,67.936251261,52.441406,-74.31641,-262.98828
5515186806778,67.956300945,52.05078,-73.63281,-263.3789
5515206856461,67.976350628,52.34375,-74.51172,-263.28125
5515226906144,67.996400311,52.246094,-74.21875,-263.47656
5515246955826,68.016449993,52.83203,-74.31641,-263.1836
5515267036027,68.036530194,52.34375,-74.31641,-263.76953
5515287085710,68.056579877,52.734375,-74.41406,-262.79297
5515307135392,68.076629559,52.929688,-74.31641,-263.28125
5515327185075,68.096679242,52.34375,-74.21875,-263.47656
5515347265276,68.116759443,52.539062,-74.51172,-262.79297
5515367314959,68.136809126,51.953125,-74.31641,-263.28125
5515387364641,68.156858808,52.05078,-74.51172,-263.3789
5515407414324,68.176908491,52.63672,-74.21875,-262.79297
5515427464007,68.196958174,51.757812,-74.12109,-263.47656
5515447544207,68.217038374,52.539062,-74.12109,-262.89062
5515467593890,68.237088057,52.148438,-74.21875,-263.47656
5515487643573,68.25713774,52.05078,-74.31641,-263.1836
5515507723773,68.27721794,52.539062,-74.609375,-263.3789
5515527773456,68.297267623,52.83203,-74.41406,-263.28125
5515547823139,68.317317306,52.246094,-74.21875,-263.47656
5515567872822,68.337366989,52.441406,-74.609375,-263.8672
5515587953021,68.357447188,52.246094,-74.31641,-263.28125
5515608002705,68.377496872,52.83203,-74.609375,-263.28125
5515628052388,68.397546555,52.148438,-74.80469,-263.28125
5515648132587,68.417626754,52.441406,-74.51172,-262.98828
5515668182270,68.437676437,52.34375,-74.41406,-262.98828
5515688262471,68.457756638,52.734375,-74.90234,-262.79297
5515708312154,68.477806321,52.148438,-74.41406,-263.1836
5515728361836,68.497856003,52.148438,-73.92578,-263.28125
5515748442037,68.517936204,52.539062,-73.828125,-263.1836
5515768491720,68.537985887,52.148438,-73.53516,-262.6953
5515788541402,68.558035569,52.539062,-73.92578,-263.08594
5515808560569,68.578054736,52.148438,-72.94922,-263.1836
5515828610251,68.598104418,52.148438,-74.31641,-263.1836
5515848690452,68.618184619,52.539062,-74.41406,-263.1836
5515868740135,68.638234302,52.734375,-74.609375,-263.47656
5515888789818,68.658283985,51.953125,-74.609375,-263.28125
5515908839500,68.678333667,52.441406,-74.31641,-263.28125
5515928889183,68.69838335,52.539062,-74.609375,-263.76953
5515948938866,68.718433033,52.539062,-74.609375,-263.57422
5515969019066,68.738513233,52.539062,-74.31641,-263.3789
5515989068749,68.758562916,52.83203,-74.41406,-263.3789
5516009118432,68.778612599,52.83203,-74.31641,-263.28125
5516029168115,68.798662282,52.05078,-74.12109,-263.28125
5516049248315,68.818742482,51.660156,-74.31641,-263.1836
5516069297998,68.838792165,52.63672,-74.51172,-263.47656
5516089347681,68.858841848,52.34375,-74.41406,-263.57422
5516109427881,68.878922048,52.148438,-74.12109,-262.98828
5516129477564,68.898971731,52.734375,-74.21875,-263.28125
5516149527247,68.919021414,52.539062,-74.21875,-262.98828
5516169576930,68.939071097,52.148438,-74.21875,-262.6953
5516189657130,68.959151297,52.63672,-74.31641,-263.08594
5516209706813,68.97920098,52.441406,-74.02344,-262.89062
5516229756496,68.999250663,52.539062,-74.21875,-263.08594
5516249806179,69.019300346,52.63672,-73.92578,-263.47656
5516269886379,69.039380546,52.05078,-74.21875,-263.3789
5516289936062,69.059430229,52.246094,-73.63281,-263.1836
5516309985745,69.079479912,52.05078,-74.02344,-262.89062
5516330065944,69.099560111,52.441406,-73.63281,-262.5
5516350115628,69.119609795,52.441406,-74.21875,-263.28125
5516370165311,69.139659478,52.441406,-74.12109,-263.08594
5516390245510,69.159739677,52.246094,-74.02344,-263.67188
5516410295193,69.17978936,52.63672,-74.12109,-263.08594
5516430344877,69.199839044,52.441406,-74.21875,-263.28125
5516450394560,69.219888727,52.539062,-74.609375,-263.3789
5516470474759,69.239968926,52.148438,-74.31641,-263.47656
5516490524442,69.260018609,52.34375,-74.21875,-263.08594
5516510604642,69.280098809,52.63672,-74.70703,-262.79297
5516530654325,69.300148492,52.246094,-74.609375,-263.3789
5516550704008,69.320198175,52.246094,-74.21875,-263.3789
5516570784208,69.340278375,52.734375,-74.31641,-263.08594
5516590833891,69.360328058,52.441406,-74.70703,-262.98828
5516610883574,69.380377741,52.734375,-74.31641,-262.89062
5516630963775,69.400457942,52.441406,-74.609375,-263.67188
5516651013457,69.420507624,52.34375,-74.41406,-263.08594
5516671063140,69.440557307,52.441406,-74.21875,-263.57422
5516691112823,69.46060699,52.83203,-74.41406,-263.76953
5516711193023,69.48068719,52.539062,-74.70703,-262.98828
5516731242706,69.500736873,52.929688,-74.70703,-264.0625
5516751292389,69.520786556,52.34375,-74.21875,-263.3789
5516771372590,69.540866757,52.148438,-73.63281,-263.28125
5516791422272,69.560916439,52.05078,-74.02344,-263.28125
5516811532989,69.581027156,52.441406,-74.02344,-262.40234
5516831582672,69.601076839,52.539062,-74.41406,-262.5
5516851632355,69.621126522,52.63672,-74.609375,-262.98828
5516871682038,69.641176205,52.34375,-73.73047,-263.08594
5516891762238,69.661256405,52.539062,-74.51172,-263.28125
5516911842438,69.681336605,52.34375,-74.609375,-263.08594
5516931922638,69.701416805,52.34375,-74.70703,-263.3789
5516951972321,69.721466488,52.63672,-73.828125,-263.28125
5516972022004,69.741516171,52.34375,-74.31641,-263.28125
5516992071687,69.761565854,52.734375,-73.14453,-263.28125
5517012121369,69.781615536,52.148438,-74.21875,-263.67188
5517032171052,69.801665219,51.953125,-74.02344,-262.89062
5517052220736,69.821714903,52.441406,-73.14453,-263.76953
5517072300935,69.841795102,52.246094,-74.51172,-263.3789
5517092350618,69.861844785,52.441406,-74.02344,-262.98828
5517112400301,69.881894468,52.34375,-74.51172,-263.1836
5517132449985,69.901944152,52.148438,-74.12109,-263.28125
5517152499668,69.921993835,52.734375,-74.31641,-263.28125
5517172549351,69.942043518,52.05078,-73.92578,-262.40234
5517192599033,69.9620932,52.34375,-74.21875,-263.1836
5517212648716,69.982142883,52.539062,-74.31641,-262.98828
5517232698399,70.002192566,52.734375,-74.02344,-263.67188
5517252717565,70.022211732,52.539062,-74.12109,-263.8672
5517272797766,70.042291933,52.929688,-74.51172,-262.98828
5517292816931,70.062311098,52.246094,-74.609375,-263.47656
5517312866614,70.082360781,52.34375,-74.51172,-263.76953
5517332916297,70.102410464,51.660156,-74.21875,-263.08594
5517352965980,70.122460147,52.441406,-74.12109,-262.98828
5517373015663,70.14250983,52.63672,-74.02344,-263.1836
5517393065346,70.162559513,52.539062,-74.80469,-262.98828
5517413084512,70.182578679,52.05078,-74.21875,-263.3789
5517433134195,70.202628362,52.148438,-74.21875,-262.3047
5517453183878,70.222678045,52.734375,-74.51172,-263.57422
5517473233561,70.242727728,52.441406,-74.31641,-263.28125
5517493283244,70.262777411,52.83203,-74.41406,-263.3789
5517513332926,70.282827093,52.539062,-74.609375,-263.47656
5517533382609,70.302876776,52.441406,-74.80469,-263.67188
5517553432293,70.32292646,52.539062,-74.12109,-262.79297
5517573481976,70.342976143,52.246094,-74.21875,-263.1836
5517593531659,70.363025826,52.441406,-74.02344,-262.89062
5517613581342,70.383075509,52.539062,-74.41406,-263.57422
5517633631024,70.403125191,52.246094,-74.31641,-262.89062
5517653650191,70.423144358,51.757812,-74.31641,-263.47656
5517673699874,70.443194041,52.05078,-74.609375,-262.89062
5517693749556,70.463243723,52.63672,-74.12109,-264.16016
5517713799239,70.483293406,52.148438,-74.41406,-263.3789
5517733848922,70.503343089,52.734375,-74.31641,-263.08594
5517753898605,70.523392772,52.441406,-74.21875,-263.47656
5517773948289,70.543442456,52.148438,-73.92578,-263.3789
5517793997971,70.563492138,52.34375,-74.02344,-263.47656
5517814108688,70.583602855,52.539062,-74.02344,-262.89062
5517834158371,70.603652538,52.441406,-73.73047,-263.3789
5517854208054,70.623702221,52.539062,-74.41406,-263.57422
5517874227220,70.643721387,52.148438,-74.02344,-263.28125
5517894276903,70.66377107,52.441406,-74.21875,-263.28125
5517914357103,70.68385127,52.539062,-74.12109,-262.98828
5517934406786,70.703900953,52.05078,-74.21875,-263.3789
5517954456469,70.723950636,52.539062,-74.12109,-263.1836
5517974506152,70.744000319,52.441406,-73.828125,-263.08594
5517994555835,70.764050002,52.63672,-74.51172,-263.28125
5518014575001,70.784069168,52.83203,-74.51172,-263.76953
5518034624684,70.804118851,52.539062,-74.41406,-263.67188
5518054674367,70.824168534,52.63672,-74.70703,-263.08594
5518074754566,70.844248733,52.734375,-74.51172,-263.28125
5518094804250,70.864298417,52.539062,-73.828125,-263.28125
5518114823415,70.884317582,52.148438,-74.31641,-263.08594
5518134873098,70.904367265,52.148438,-74.12109,-263.28125
5518154922782,70.924416949,52.246094,-74.90234,-262.79297
5518174972465,70.944466632,52.34375,-73.33984,-262.89062
5518195022148,70.964516315,52.148438,-73.63281,-263.28125
5518215071830,70.984565997,52.441406,-74.21875,-262.79297
5518235121513,71.00461568,52.05078,-74.12109,-263.47656
5518255171196,71.024665363,52.441406,-74.12109,-262.59766
5518275220879,71.044715046,52.246094,-73.92578,-263.28125
5518295270563,71.06476473,52.34375,-74.21875,-262.89062
5518315320246,71.084814413,52.148438,-74.31641,-263.28125
5518335339411,71.104833578,52.05078,-74.609375,-263.3789
5518355389094,71.124883261,52.63672,-74.51172,-263.28125
5518375438777,71.144932944,52.246094,-74.51172,-263.1836
5518395488460,71.164982627,52.63672,-74.51172,-263.28125
5518415538143,71.18503231,52.441406,-74.41406,-262.98828
5518435587826,71.205081993,52.441406,-74.31641,-263.08594
5518455606992,71.225101159,51.464844,-74.21875,-262.89062
5518475656675,71.245150842,52.63672,-74.21875,-263.76953
5518495706358,71.265200525,52.246094,-73.53516,-263.47656
5518515756041,71.285250208,52.34375,-74.70703,-262.79297
5518535805724,71.305299891,52.441406,-74.12109,-263.28125
5518555855406,71.325349573,52.734375,-74.21875,-263.08594
5518575874573,71.34536874,52.34375,-74.609375,-262.79297
5518595924255,71.365418422,52.34375,-74.12109,-263.1836
5518615973938,71.385468105,52.539062,-74.21875,-263.08594
5518636054139,71.405548306,52.63672,-74.609375,-263.3789
5518656103822,71.425597989,52.246094,-74.41406,-263.57422
5518676153504,71.445647671,52.246094,-74.609375,-263.57422
5518696203187,71.465697354,52.734375,-74.21875,-263.1836
5518716252870,71.485747037,52.83203,-74.12109,-263.47656
5518736302554,71.505796721,52.441406,-74.21875,-263.28125
5518756352237,71.525846404,52.63672,-74.41406,-263.28125
5518776401919,71.545896086,52.83203,-73.92578,-263.67188
5518796451602,71.565945769,52.63672,-73.828125,-263.08594
5518816562319,71.586056486,52.734375,-74.21875,-262.6953
5518836612002,71.606106169,52.441406,-73.92578,-263.57422
5518856661685,71.626155852,52.929688,-74.51172,-263.3789
5518876711368,71.646205535,52.734375,-73.92578,-262.89062
5518896761052,71.666255219,52.63672,-73.4375,-263.47656
5518916810734,71.686304901,52.734375,-74.41406,-262.89062
5518936860417,71.706354584,52.63672,-74.12109,-262.79297
5518956940617,71.726434784,52.539062,-74.12109,-263.1836
5518976990300,71.746484467,52.734375,-74.21875,-262.6953
5518997039983,71.76653415,52.734375,-74.609375,-262.5
5519017089666,71.786583833,52.929688,-74.51172,-263.1836
5519037139349,71.806633516,52.929688,-74.31641,-263.08594
5519057189032,71.826683199,52.929688,-74.21875,-263.57422
5519077238715,71.846732882,52.63672,-74.70703,-263.08594
5519097318915,71.866813082,52.539062,-74.12109,-263.28125
5519117368598,71.886862765,52.441406,-73.828125,-263.1836
5519137418281,71.906912448,53.125,-74.41406,-262.5
5519157467964,71.926962131,52.63672,-74.90234,-262.98828
5519177517646,71.947011813,52.83203,-74.31641,-262.98828
5519197597847,71.967092014,52.929688,-74.21875,-263.47656
5519217647530,71.987141697,52.539062,-74.70703,-262.6953
5519237697212,72.007191379,52.63672,-74.12109,-262.98828
5519257746895,72.027241062,52.734375,-74.21875,-263.08594
5519277796578,72.047290745,52.83203,-74.51172,-263.3789
5519297876778,72.067370945,52.83203,-74.41406,-263.3789
5519317926461,72.087420628,52.441406,-74.80469,-263.3789
5519337976144,72.107470311,52.734375,-74.12109,-262.98828
5519358025827,72.127519994,53.125,-74.12109,-262.98828
5519378075511,72.147569678,53.125,-74.609375,-263.1836
5519398125194,72.167619361,52.539062,-74.21875,-262.98828
5519418174876,72.187669043,52.63672,-74.31641,-263.57422
5519438255076,72.207749243,52.63672,-74.02344,-263.67188
5519458304760,72.227798927,52.441406,-73.828125,-263.1836
5519478354443,72.24784861,52.734375,-74.31641,-263.28125
5519498404125,72.267898292,52.83203,-74.21875,-262.89062
5519518453808,72.287947975,52.83203,-74.31641,-263.57422
5519538503491,72.307997658,52.441406,-74.41406,-262.98828
5519558553174,72.328047341,52.734375,-74.12109,-263.3789
5519578602857,72.348097024,52.734375,-74.21875,-263.1836
5519598652539,72.368146706,52.929688,-74.21875,-263.28125
5519618702223,72.38819639,52.63672,-74.41406,-262.98828
5519638751906,72.408246073,52.83203,-74.41406,-262.6953
5519658801589,72.428295756,52.929688,-74.70703,-263.1836
5519678851272,72.448345439,52.441406,-74.12109,-263.28125
5519698900955,72.468395122,52.929688,-74.51172,-263.1836
5519718950637,72.488444804,52.63672,-74.12109,-263.47656
5519739000320,72.508494487,52.929688,-74.70703,-262.89062
5519759050004,72.528544171,52.929688,-73.92578,-262.79297
5519779099687,72.548593854,52.63672,-73.73047,-263.57422
5519799149370,72.568643537,52.441406,-73.14453,-263.08594
5519819199053,72.58869322,52.734375,-74.609375,-263.08594
5519839248735,72.608742902,52.83203,-74.51172,-263.08594
5519859298418,72.628792585,53.125,-74.41406,-263.28125
5519879348101,72.648842268,52.929688,-74.02344,-263.1836
5519899397784,72.668891951,52.63672,-74.02344,-263.28125
5519919447468,72.688941635,52.734375,-74.31641,-263.1836
5519939497151,72.708991318,52.539062,-73.828125,-263.1836
5519959546833,72.729041,52.929688,-74.02344,-262.6953
5519979596516,72.749090683,53.222656,-74.21875,-263.3789
5519999646199,72.769140366,52.63672,-73.92578,-263.28125
5520019695882,72.789190049,53.027344,-73.828125,-263.1836
5520039745565,72.809239732,52.734375,-73.828125,-263.28125
5520059795249,72.829289416,52.929688,-74.609375,-263.08594
5520079875448,72.849369615,53.125,-74.21875,-263.57422
5520099925131,72.869419298,52.734375,-74.02344,-263.57422
5520119974814,72.889468981,52.929688,-73.92578,-262.6953
5520140024497,72.909518664,52.734375,-74.70703,-263.28125
5520160104697,72.929598864,52.734375,-74.51172,-262.6953
5520180154380,72.949648547,52.83203,-74.41406,-263.3789
5520200204062,72.969698229,52.63672,-74.31641,-263.1836
5520220253746,72.989747913,53.125,-74.51172,-262.89062
5520240303429,73.009797596,52.83203,-74.80469,-263.76953
5520260353112,73.029847279,53.027344,-74.31641,-263.1836
5520280402795,73.049896962,53.125,-74.21875,-263.3789
5520300452478,73.069946645,52.539062,-74.51172,-263.3789
5520320502160,73.089996327,52.734375,-73.92578,-263.1836
5520340582361,73.110076528,52.63672,-74.02344,-263.1836
5520360632044,73.130126211,53.125,-74.51172,-262.6953
5520380681727,73.150175894,52.83203,-74.12109,-263.1836
5520400731409,73.170225576,52.734375,-74.02344,-263.3789
5520420811610,73.190305777,52.539062,-74.609375,-262.59766
5520440861293,73.21035546,52.734375,-74.609375,-263.3789
5520460910975,73.230405142,52.734375,-74.31641,-263.3789
5520480960658,73.250454825,53.222656,-74.12109,-263.3789
5520501010341,73.270504508,52.63672,-74.51172,-263.8672
5520521060024,73.290554191,52.83203,-74.21875,-263.67188
5520541109708,73.310603875,52.929688,-74.21875,-263.1836
5520561189907,73.330684074,52.734375,-74.21875,-263.08594
5520581239590,73.350733757,52.734375,-74.21875,-263.28125
5520601289273,73.37078344,52.734375,-74.31641,-262.89062
5520621338957,73.390833124,52.63672,-74.31641,-262.98828
5520641388639,73.410882806,52.63672,-74.12109,-263.28125
5520661438322,73.430932489,52.734375,-74.21875,-263.1836
5520681518522,73.451012689,52.63672,-74.70703,-263.3789
5520701568205,73.471062372,52.734375,-74.41406,-262.89062
5520721617888,73.491112055,52.539062,-74.21875,-263.57422
5520741667571,73.511161738,53.222656,-74.41406,-263.47656
5520761717254,73.531211421,52.63672,-74.02344,-262.79297
5520781766937,73.551261104,53.027344,-74.609375,-263.08594
5520801816620,73.571310787,52.63672,-73.4375,-262.6953
5520821866302,73.591360469,52.83203,-74.51172,-263.57422
5520841915985,73.611410152,53.41797,-74.51172,-262.79297
5520861965669,73.631459836,52.734375,-74.21875,-263.67188
5520882045869,73.651540036,52.929688,-74.70703,-263.28125
5520902095551,73.671589718,52.929688,-74.51172,-262.98828
5520922145234,73.691639401,52.734375,-74.21875,-263.3789
5520942133884,73.711628051,52.83203,-74.21875,-263.3789
5520962183567,73.731677734,52.83203,-74.609375,-262.98828
5520982263766,73.751757933,52.34375,-74.02344,-263.3789
5521002313450,73.771807617,52.929688,-75.0,-262.89062
5521022363133,73.7918573,52.34375,-73.73047,-263.08594
5521042412816,73.811906983,52.929688,-74.12109,-262.3047
5521062462498,73.831956665,52.441406,-74.12109,-262.3047
5521082512181,73.852006348,52.734375,-74.12109,-263.08594
5521102561864,73.872056031,52.148438,-74.31641,-263.28125
5521122642064,73.892136231,52.441406,-73.92578,-262.98828
5521142661230,73.912155397,51.953125,-73.4375,-263.08594
5521162710914,73.932205081,51.757812,-72.94922,-262.59766
5521182760596,73.952254763,51.757812,-72.55859,-262.59766
5521202840796,73.972334963,51.171875,-72.46094,-262.6953
5521222890479,73.992384646,50.29297,-71.67969,-262.20703
5521242940162,74.012434329,50.195312,-71.19141,-261.91406
5521262989845,74.032484012,49.609375,-70.703125,-262.20703
5521283039528,74.052533695,47.94922,-71.67969,-262.20703
5521303089211,74.072583378,46.679688,-71.38672,-262.10938
5521323138894,74.092633061,45.117188,-73.14453,-262.79297
5521343188577,74.112682744,43.945312,-75.390625,-264.2578
5521363238259,74.132732426,43.066406,-77.14844,-265.4297
5521383287943,74.15278211,41.992188,-79.10156,-266.01562
5521403337626,74.172831793,41.69922,-80.37109,-266.69922
5521423387309,74.192881476,41.503906,-80.859375,-267.57812
5521443436992,74.212931159,41.89453,-81.83594,-267.8711
5521463486675,74.232980842,42.67578,-82.22656,-269.23828
5521483536357,74.253030524,42.871094,-83.30078,-269.92188
5521503555524,74.273049691,41.40625,-83.88672,-270.70312
5521523635723,74.29312989,40.039062,-85.15625,-270.80078
5521543685407,74.313179574,38.964844,-85.546875,-271.28906
5521563735090,74.333229257,38.085938,-86.91406,-271.6797
5521583784773,74.35327894,37.695312,-88.28125,-272.65625
5521603834455,74.373328622,37.402344,-88.28125,-271.97266
5521623884138,74.393378305,37.304688,-89.0625,-272.46094
5521643933821,74.413427988,37.695312,-89.74609,-273.14453
5521663983504,74.433477671,38.57422,-89.74609,-273.33984
5521684033188,74.453527355,39.84375,-90.52734,-274.21875
5521704082870,74.473577037,41.69922,-90.625,-274.02344
5521724132553,74.49362672,42.773438,-91.11328,-274.21875
5521744182236,74.513676403,44.140625,-90.82031,-274.51172
5521764231919,74.533726086,44.23828,-89.94141,-274.41406
5521784281602,74.553775769,44.726562,-88.86719,-274.3164
5521804392319,74.573886486,42.96875,-86.71875,-275.09766
5521824442002,74.593936169,44.04297,-86.328125,-275.09766
5521844522202,74.614016369,45.60547,-86.81641,-275.78125
5521864571885,74.634066052,47.36328,-87.109375,-275.78125
5521884621568,74.654115735,48.046875,-86.81641,-275.58594
5521904671250,74.674165417,48.535156,-86.328125,-275.1953
5521924720934,74.694215101,49.51172,-87.20703,-275.0
5521944770617,74.714264784,51.171875,-89.0625,-275.09766
5521964820300,74.734314467,51.5625,-91.015625,-275.1953
5521984869983,74.75436415,50.29297,-94.43359,-274.02344
5522004919666,74.774413833,49.70703,-95.703125,-273.4375
5522024969348,74.794463515,49.51172,-95.89844,-273.14453
5522045019031,74.814513198,50.0,-94.82422,-272.46094
5522065068714,74.834562881,51.757812,-92.48047,-272.36328
5522085118398,74.854612565,53.222656,-90.52734,-271.77734
5522105168081,74.874662248,54.98047,-88.08594,-270.9961
5522125217764,74.894711931,55.859375,-87.59766,-270.3125
5522145267446,74.914761613,56.054688,-86.91406,-270.21484
5522165317129,74.934811296,56.347656,-87.01172,-269.53125
5522185366812,74.954860979,56.347656,-88.18359,-269.04297
5522205416495,74.974910662,55.76172,-89.16016,-268.5547
5522225466179,74.994960346,55.371094,-90.234375,-268.75
5522245515862,75.015010029,55.17578,-91.11328,-268.75
5522265565544,75.035059711,54.785156,-90.52734,-268.45703
5522285615227,75.055109394,53.320312,-90.03906,-268.0664
5522305664910,75.075159077,52.734375,-90.52734,-268.35938
5522325714593,75.09520876,52.05078,-89.55078,-268.0664
5522345764276,75.115258443,51.757812,-88.76953,-268.16406
5522365813959,75.135308126,51.464844,-87.890625,-267.57812
5522385863642,75.155357809,51.07422,-86.71875,-266.9922
5522405913325,75.175407492,50.976562,-86.03516,-267.28516
5522425963008,75.195457175,50.29297,-86.328125,-267.1875
5522446012691,75.215506858,50.0,-86.81641,-266.9922
5522466062374,75.235556541,49.414062,-87.40234,-266.79688
5522486112057,75.255606224,49.609375,-86.91406,-267.08984
5522506161739,75.275655906,50.585938,-88.08594,-266.9922
5522526211423,75.29570559,51.464844,-88.18359,-266.60156
5522546261106,75.315755273,52.05078,-88.57422,-266.69922
5522566310789,75.335804956,50.683594,-87.890625,-266.89453
5522586360472,75.355854639,50.0,-86.62109,-266.40625
5522606410154,75.375904321,48.828125,-85.44922,-265.625
5522626459837,75.395954004,50.48828,-84.17969,-265.03906
5522646509520,75.416003687,51.5625,-82.12891,-264.55078
5522666559203,75.43605337,51.367188,-81.73828,-264.45312
5522686608887,75.456103054,50.976562,-81.15234,-264.2578
5522706658570,75.476152737,49.609375,-80.56641,-264.2578
5522726708252,75.496202419,48.92578,-80.56641,-263.3789
5522746757935,75.516252102,49.121094,-80.37109,-263.47656
5522766807618,75.536301785,48.632812,-80.859375,-263.57422
5522786857301,75.556351468,47.753906,-80.859375,-263.3789
5522806906984,75.576401151,47.36328,-80.46875,-263.08594
5522826956668,75.596450835,46.972656,-81.54297,-263.67188
5522846975833,75.61647,46.09375,-81.83594,-263.3789
5522867025516,75.636519683,46.38672,-82.03125,-263.67188
5522887075199,75.656569366,45.996094,-82.12891,-263.1836
5522907124882,75.676619049,45.3125,-82.12891,-263.08594
5522927174565,75.696668732,44.82422,-82.51953,-262.40234
5522947224248,75.716718415,45.214844,-82.32422,-262.5
5522967304447,75.736798614,45.214844,-79.78516,-261.52344
5522987354131,75.756848298,44.140625,-82.12891,-261.03516
5523007403814,75.776897981,44.433594,-81.34766,-259.47266
5523027453497,75.796947664,46.679688,-81.73828,-258.0078
5523047503180,75.816997347,49.21875,-82.12891,-256.54297
5523067552863,75.83704703,51.464844,-83.78906,-254.10156
5523087602545,75.857096712,51.660156,-82.91016,-252.05078
5523107682746,75.877176913,52.246094,-82.71484,-249.70703
5523127732429,75.897226596,52.05078,-79.39453,-247.94922
5523147782111,75.917276278,51.85547,-79.6875,-249.80469
5523167831794,75.937325961,51.26953,-78.515625,-251.85547
5523187881477,75.957375644,50.878906,-77.34375,-250.78125
5523207900643,75.97739481,52.246094,-80.859375,-252.34375
5523227950326,75.997444493,52.734375,-77.34375,-254.39453
5523248000009,76.017494176,52.929688,-72.85156,-254.29688
5523268019175,76.037513342,53.027344,-71.58203,-254.49219
5523288068858,76.057563025,52.929688,-69.140625,-254.88281
5523308118541,76.077612708,52.05078,-67.38281,-256.25
5523328168224,76.097662391,52.734375,-66.89453,-256.54297
5523348187390,76.117681557,52.441406,-66.015625,-256.15234
5523368237073,76.13773124,52.441406,-65.72266,-257.71484
5523388286756,76.157780923,52.929688,-64.84375,-256.9336
5523408336439,76.177830606,53.710938,-64.94141,-257.6172
5523428386122,76.197880289,53.61328,-64.0625,-258.39844
5523448435805,76.217929972,54.6875,-62.98828,-258.4961
5523468454971,76.237949138,55.76172,-63.476562,-258.4961
5523488504654,76.257998821,55.859375,-61.71875,-258.39844
5523508554337,76.278048504,54.98047,-63.085938,-258.20312
5523528573502,76.298067669,54.19922,-64.0625,-260.35156
5523548623186,76.318117353,53.41797,-66.015625,-260.83984
5523568672869,76.338167036,52.34375,-66.50391,-260.9375
5523588692034,76.358186201,52.83203,-67.38281,-260.7422
5523608741718,76.378235885,55.46875,-68.359375,-260.9375
5523628760883,76.39825505,58.691406,-68.75,-259.47266
5523648810566,76.418304733,59.765625,-66.015625,-259.1797
5523668860250,76.438354417,59.08203,-65.13672,-258.30078
5523688879415,76.458373582,57.421875,-63.378906,-258.78906
5523708929098,76.478423265,56.933594,-65.13672,-259.96094
5523728978782,76.498472949,55.273438,-66.60156,-260.35156
5523748997947,76.518492114,55.273438,-67.08984,-260.83984
5523769047630,76.538541797,56.835938,-67.38281,-260.35156
5523789066796,76.558560963,57.714844,-68.94531,-261.6211
5523809116479,76.578610646,57.714844,-68.65234,-260.15625
5523829166162,76.598660329,57.421875,-68.16406,-261.1328
5523849185328,76.618679495,57.51953,-66.015625,-260.83984
5523869235011,76.638729178,58.10547,-66.69922,-260.7422
5523889254177,76.658748344,58.691406,-64.16016,-260.54688
5523909303860,76.678798027,58.203125,-63.76953,-259.5703
5523929353543,76.69884771,59.375,-61.914062,-260.83984
5523949372709,76.718866876,60.546875,-64.453125,-260.44922
5523969483426,76.738977593,62.304688,-62.597656,-259.76562
5523989533109,76.759027276,63.28125,-63.378906,-260.83984
5524009552275,76.779046442,63.57422,-63.476562,-260.0586
5524029601958,76.799096125,62.79297,-61.23047,-259.27734
5524049621123,76.81911529,64.16016,-63.476562,-259.86328
5524069670807,76.839164974,64.453125,-64.453125,-259.76562
5524089720490,76.859214657,7.7148438,10.3515625,7.1289062
5524109739655,76.879233822,7.7148438,12.988281,7.8125
5524129789339,76.899283506,7.9101562,12.402344,6.9335938
5524149808504,76.919302671,8.691406,11.816406,6.25
5524169858187,76.939352354,8.691406,12.207031,7.2265625
5524189877353,76.95937152,9.082031,12.792969,7.03125
5524209927036,76.979421203,8.691406,11.621094,6.1523438
5524229946202,76.999440369,9.082031,11.425781,5.6640625
5524249995885,77.019490052,9.1796875,9.472656,6.3476562
5524270045568,77.039539735,9.9609375,7.7148438,3.8085938
5524290064734,77.059558901,10.839844,5.46875,3.4179688
5524310083900,77.079578067,11.9140625,3.4179688,3.4179688
5524330133583,77.09962775,10.839844,2.6367188,3.8085938
5524350152749,77.119646916,13.671875,0.0,3.515625
5524370202431,77.139696598,13.769531,-1.0742188,2.4414062
5524390221598,77.159715765,13.964844,-1.4648438,1.6601562
5524410271280,77.179765447,12.792969,-2.6367188,1.6601562
5524430290447,77.199784614,13.28125,-4.8828125,1.8554688
5524450309613,77.21980378,13.378906,-5.3710938,1.0742188
5524470359296,77.239853463,13.28125,-6.640625,0.48828125
5524490378462,77.259872629,14.160156,-8.300781,-0.1953125
5524510428145,77.279922312,12.5,-8.496094,0.9765625
5524530447310,77.299941477,12.207031,-10.15625,-0.78125
5524550466476,77.319960643,11.816406,-11.425781,-0.390625
5524570516159,77.340010326,11.9140625,-13.183594,-0.48828125
5524590535325,77.360029492,10.449219,-12.5,-0.87890625
5524610585008,77.380079175,11.328125,-12.988281,-1.0742188
5524630604175,77.400098342,11.71875,-14.0625,-1.2695312
5524650623340,77.420117507,11.5234375,-17.773438,-0.1953125
5524670673024,77.440167191,11.71875,-18.359375,-0.390625
5524690692189,77.460186356,67.1875,-96.38672,-268.65234
5524710711355,77.480205522,66.50391,-96.28906,-268.75
5524730761038,77.500255205,66.015625,-98.33984,-268.5547
5524750780204,77.520274371,65.42969,-98.92578,-267.8711
5524770799369,77.540293536,64.64844,-96.09375,-268.9453
5524790879570,77.560373737,64.55078,-99.70703,-266.79688
5524810898736,77.580392903,63.57422,-102.734375,-267.77344
5524830948419,77.600442586,62.20703,-102.34375,-266.69922
5524850967585,77.620461752,62.20703,-105.37109,-268.0664
5524870986750,77.640480917,61.71875,-105.76172,-267.67578
5524891036433,77.6605306,61.621094,-109.08203,-267.48047
5524911055599,77.680549766,60.546875,-109.86328,-267.57812
5524931074766,77.700568933,60.058594,-110.64453,-266.5039
5524951124449,77.720618616,60.058594,-110.64453,-267.08984
5524971143615,77.740637782,59.08203,-111.23047,-266.60156
5524991162780,77.760656947,58.30078,-111.42578,-267.1875
5525011181946,77.780676113,57.32422,-112.109375,-266.5039
5525031231629,77.800725796,57.226562,-112.109375,-266.5039
5525051250795,77.820744962,56.445312,-112.109375,-266.60156
5525071300478,77.840794645,55.859375,-112.01172,-266.69922
5525091319644,77.860813811,55.17578,-111.91406,-266.5039
5525111338810,77.880832977,54.98047,-111.91406,-265.91797
5525131388493,77.90088266,55.078125,-111.91406,-266.21094
5525151407659,77.920901826,53.61328,-110.44922,-265.03906
5525171457342,77.940951509,54.19922,-110.9375,-266.01562
5525191476508,77.960970675,53.90625,-108.88672,-266.3086
5525211526191,77.981020358,54.785156,-110.15625,-266.11328
5525231545357,78.001039524,54.296875,-109.27734,-266.9922
5525251595040,78.021089207,54.98047,-108.59375,-266.40625
5525271614206,78.041108373,54.785156,-109.17969,-266.21094
5525291663889,78.061158056,54.19922,-108.984375,-267.28516
5525311683054,78.081177221,54.6875,-109.08203,-267.48047
5525331732738,78.101226905,54.98047,-108.59375,-267.28516
5525351751903,78.12124607,54.589844,-109.08203,-267.48047
5525371801586,78.141295753,55.17578,-108.203125,-267.3828
5525391820752,78.161314919,54.589844,-108.30078,-267.48047
5525411870435,78.181364602,54.6875,-108.00781,-267.67578
5525431889601,78.201383768,54.492188,-107.22656,-267.57812
5525451939284,78.221433451,54.882812,-107.32422,-267.96875
5525471958450,78.241452617,53.808594,-105.078125,-267.1875
5525492008133,78.2615023,54.101562,-104.296875,-267.3828
5525512027299,78.281521466,53.808594,-104.10156,-266.40625
5525532076982,78.301571149,53.61328,-104.78516,-267.08984
5525552126665,78.321620832,54.101562,-104.19922,-266.9922
5525572176348,78.341670515,53.808594,-104.6875,-267.08984
5525592195514,78.361689681,54.98047,-104.6875,-267.3828
5525612245197,78.381739364,54.492188,-103.71094,-266.89453
5525632294880,78.401789047,55.17578,-102.83203,-267.67578
5525652314046,78.421808213,55.17578,-102.14844,-267.57812
5525672363729,78.441857896,56.152344,-100.97656,-267.1875
5525692413412,78.461907579,56.054688,-100.48828,-267.08984
5525712432578,78.481926745,56.347656,-99.41406,-267.28516
5525732482261,78.501976428,56.25,-98.92578,-266.79688
5525752501426,78.521995593,56.54297,-98.73047,-266.89453
5525772551110,78.542045277,56.54297,-98.24219,-267.57812
5525792570275,78.562064442,56.152344,-97.46094,-266.40625
5525812589441,78.582083608,57.617188,-97.265625,-267.48047
5525832639124,78.602133291,57.32422,-96.19141,-266.79688
5525852658291,78.622152458,58.203125,-95.703125,-267.3828
5525872707973,78.64220214,57.226562,-93.65234,-266.01562
5525892727140,78.662221307,57.421875,-92.87109,-266.79688
5525912776822,78.682270989,56.835938,-91.69922,-266.11328
5525932826505,78.702320672,57.32422,-91.30859,-266.21094
5525952845672,78.722339839,57.226562,-90.13672,-266.60156
5525972895354,78.742389521,56.933594,-88.76953,-266.01562
5525993006071,78.762500238,56.73828,-87.79297,-265.13672
5526013025237,78.782519404,56.25,-86.42578,-265.13672
5526033074919,78.802569086,55.664062,-84.47266,-265.33203
5526053124603,78.82261877,55.566406,-83.88672,-264.55078
5526073143768,78.842637935,54.589844,-81.54297,-264.2578
5526093193451,78.862687618,53.61328,-79.10156,-262.10938
5526113243135,78.882737302,-28.613281,25.195312,-75.78125
5526133262300,78.902756467,-30.273438,24.707031,-75.78125
5526153311983,78.92280615,-29.882812,24.902344,-77.24609
5526173361667,78.942855834,-30.957031,24.707031,-78.61328
5526193411350,78.962905517,-32.226562,26.953125,-76.953125
5526213430515,78.982924682,-33.59375,28.320312,-77.44141
5526233480199,79.002974366,-34.472656,29.003906,-75.87891
5526253529882,79.023024049,-35.253906,30.664062,-75.97656
5526273549047,79.043043214,-36.816406,30.175781,-74.90234
5526293598730,79.063092897,42.96875,-70.80078,-260.9375
5526313648414,79.083142581,41.11328,-70.80078,-261.23047
5526333698097,79.103192264,38.085938,-71.19141,-261.52344
5526353717262,79.123211429,35.839844,-70.11719,-260.54688
5526373766946,79.143261113,34.472656,-71.77734,-260.7422
5526393816628,79.163310795,32.32422,-71.77734,-260.64453
5526413835794,79.183329961,31.152344,-73.73047,-259.47266
5526433885477,79.203379644,28.125,-73.14453,-257.51953
5526453935160,79.223429327,26.367188,-75.68359,-256.54297
5526473954326,79.243448493,25.0,-76.85547,-254.88281
5526494004008,79.263498175,24.609375,-78.41797,-254.88281
5526514053692,79.283547859,23.4375,-79.58984,-253.22266
5526534072857,79.303567024,22.753906,-80.859375,-252.53906
5526554122540,79.323616707,21.679688,-82.51953,-250.8789
5526574172224,79.343666391,21.09375,-83.984375,-250.39062
5526594191389,79.363685556,21.09375,-85.35156,-249.41406
5526614241072,79.383735239,20.898438,-87.59766,-248.82812
5526634260238,79.403754405,20.898438,-89.55078,-247.65625
5526654309921,79.423804088,20.898438,-90.91797,-246.77734
5526674329088,79.443823255,21.386719,-92.87109,-246.28906
5526694378770,79.463872937,21.289062,-94.72656,-245.60547
5526714428453,79.48392262,22.070312,-96.19141,-244.6289
5526734447619,79.503941786,22.851562,-97.46094,-244.23828
5526754497302,79.523991469,23.144531,-98.4375,-242.28516
5526774546985,79.544041152,24.804688,-100.68359,-242.08984
5526794627186,79.564121353,28.222656,-103.22266,-243.0664
5526814676868,79.584171035,30.566406,-104.00391,-242.67578
5526834696035,79.604190202,-9.667969,-28.027344,-15.917969
5526854745717,79.624239884,-6.25,-33.398438,-16.113281
5526874764883,79.64425905,-3.3203125,-34.179688,-17.480469
5526894814566,79.664308733,3.4179688,-17.480469,11.71875
5526914864249,79.684358416,6.25,-17.480469,12.207031
5526934883415,79.704377582,9.472656,-18.554688,11.9140625
5526954933097,79.724427264,12.109375,-18.164062,10.546875
5526974982781,79.744476948,12.207031,-18.066406,9.667969
5526995001946,79.764496113,14.84375,-18.066406,9.082031
5527015051629,79.784545796,17.1875,-17.285156,8.3984375
5527035070796,79.804564963,18.164062,-15.625,7.8125
5527055120478,79.824614645,20.3125,-15.0390625,7.421875
5527075170161,79.844664328,20.507812,-14.453125,7.03125
5527095189327,79.864683494,22.167969,-10.839844,12.011719
5527115239010,79.884733177,23.632812,-9.375,10.839844
5527135288693,79.90478286,24.316406,-8.59375,10.3515625
5527155338376,79.924832543,24.804688,-8.59375,8.3984375
5527175357542,79.944851709,26.074219,-7.421875,8.496094
5527195407225,79.964901392,26.953125,-7.1289062,7.5195312
5527215456908,79.984951075,28.515625,-6.640625,7.1289062
5527235506592,80.005000759,29.6875,-5.9570312,7.7148438
5527255556275,80.025050442,27.832031,-6.0546875,6.4453125
5527275575440,80.045069607,28.320312,-5.6640625,6.640625
5527295625124,80.065119291,29.003906,-4.9804688,6.0546875
5527315674806,80.085168973,28.710938,-3.90625,4.7851562
5527335724489,80.105218656,28.222656,-3.3203125,3.8085938
5527355774172,80.125268339,27.929688,-2.9296875,2.6367188
5527375823855,80.145318022,27.929688,-2.4414062,3.0273438
5527395873538,80.165367705,26.757812,-0.68359375,3.6132812
5527415892704,80.185386871,26.953125,-0.29296875,3.90625
5527435942387,80.205436554,28.90625,-0.48828125,2.0507812
5527455992070,80.225486237,29.394531,0.48828125,1.8554688
5527476041752,80.245535919,29.6875,1.5625,1.953125
5527496091435,80.265585602,27.929688,-0.09765625,-2.6367188
5527516141119,80.285635286,28.125,-0.09765625,-2.2460938
5527536160284,80.305654451,27.929688,0.48828125,-2.4414062
5527556209967,80.325704134,28.125,1.171875,-3.4179688
5527576259651,80.345753818,27.34375,1.5625,-3.0273438
5527596309334,80.365803501,26.855469,1.6601562,-3.7109375
5527616359017,80.385853184,26.5625,1.8554688,-4.3945312
5527636408700,80.405902867,26.269531,2.734375,-4.5898438
5527656427866,80.425922033,26.171875,3.4179688,-5.3710938
5527676477549,80.445971716,25.976562,3.125,-5.3710938
5527696527231,80.466021398,25.878906,3.3203125,-5.6640625
5527716576914,80.486071081,24.414062,4.296875,-4.9804688
5527736626597,80.506120764,25.195312,5.46875,-5.2734375
5527756645763,80.52613993,25.195312,5.7617188,-6.1523438
5527776695446,80.546189613,25.488281,6.3476562,-4.8828125
5527796806163,80.56630033,25.488281,7.6171875,-5.1757812
5527815848785,80.585342952,25.390625,7.9101562,-4.7851562
5527835898468,80.605392635,22.558594,4.296875,-14.746094
5527855948151,80.625442318,22.265625,5.3710938,-16.015625
5527875997833,80.645492,20.507812,6.0546875,-16.699219
5527896017000,80.665511167,19.042969,6.3476562,-17.1875
5527916066682,80.685560849,18.652344,6.25,-17.871094
5527936116365,80.705610532,17.382812,5.46875,-18.75
5527956166048,80.725660215,15.917969,7.03125,-17.871094
5527976215731,80.745709898,17.578125,5.6640625,-19.628906
5527996234897,80.765729064,15.917969,6.5429688,-17.480469
5528016284580,80.785778747,17.1875,6.7382812,-17.382812
5528036334263,80.80582843,18.261719,5.2734375,-18.652344
5528056353429,80.825847596,18.359375,6.1523438,-19.238281
5528076403112,80.845897279,17.871094,6.4453125,-19.140625
5528096452795,80.865946962,17.285156,6.7382812,-19.140625
5528116502478,80.885996645,16.40625,7.1289062,-19.53125
5528136521644,80.906015811,15.722656,6.7382812,-20.019531
5528156571327,80.926065494,15.722656,7.1289062,-20.019531
5528176621009,80.946115176,14.355469,7.6171875,-20.410156
5528196670692,80.966164859,14.746094,8.300781,-19.433594
5528216689859,80.986184026,13.769531,8.59375,-19.335938
5528236739541,81.006233708,14.2578125,8.7890625,-19.921875
5528256789224,81.026283391,13.8671875,8.886719,-19.042969
5528276838907,81.046333074,14.746094,9.1796875,-18.359375
5528296888591,81.066382758,13.964844,9.863281,-19.53125
5528316907756,81.086401923,15.0390625,10.546875,-18.554688
5528336957439,81.106451606,15.0390625,10.449219,-17.96875
5528357007123,81.12650129,13.8671875,11.621094,-17.480469
5528377056806,81.146550973,14.453125,11.425781,-17.675781
5528397106488,81.166600655,14.355469,12.207031,-17.480469
5528417125654,81.186619821,14.0625,12.597656,-17.773438
5528437175338,81.206669505,13.769531,13.4765625,-17.578125
5528457225020,81.226719187,13.183594,14.0625,-17.382812
5528477244186,81.246738353,13.28125,14.355469,-17.773438
5528497293869,81.266788036,13.183594,14.2578125,-17.382812
5528517343552,81.286837719,13.4765625,13.964844,-18.066406
5528537393235,81.306887402,14.453125,12.5,-18.066406
5528557412401,81.326906568,14.941406,12.109375,-18.554688
5528577462084,81.346956251,14.84375,11.71875,-18.261719
5528597511767,81.367005934,15.4296875,11.230469,-18.359375
5528617561450,81.387055617,15.332031,10.546875,-19.238281
5528637580616,81.407074783,15.722656,9.765625,-19.042969
5528657630299,81.427124466,15.136719,9.375,-19.433594
5528677679982,81.447174149,14.0625,10.058594,-19.53125
5528697729665,81.467223832,13.769531,8.7890625,-20.800781
5528717779347,81.487273514,13.8671875,8.300781,-20.898438
5528737829030,81.507323197,13.574219,7.7148438,-20.898438
5528757848196,81.527342363,12.5,8.0078125,-21.679688
5528777897879,81.547392046,12.3046875,8.105469,-21.875
5528797917046,81.567411213,11.5234375,7.7148438,-22.558594
5528817966728,81.587460895,11.035156,8.300781,-22.460938
5528838016411,81.607510578,10.7421875,7.7148438,-22.265625
5528858035577,81.627529744,10.839844,8.984375,-22.949219
5528878085260,81.647579427,11.328125,9.472656,-22.65625
5528898134943,81.66762911,11.425781,11.1328125,-24.609375
5528918184626,81.687678793,12.792969,9.667969,-23.046875
5528938234309,81.707728476,13.378906,10.15625,-22.949219
5528958283992,81.727778159,14.355469,9.9609375,-23.925781
5528978333675,81.747827842,14.453125,9.472656,-23.4375
5528998352841,81.767847008,12.890625,11.5234375,-22.753906
5529018402523,81.78789669,13.671875,12.3046875,-22.363281
5529038452207,81.807946374,16.113281,11.71875,-24.804688
5529058501890,81.827996057,16.503906,11.816406,-25.585938
5529078521055,81.848015222,16.699219,13.0859375,-26.074219
5529098570738,81.868064905,16.699219,13.0859375,-27.148438
5529118620422,81.888114589,16.40625,13.378906,-27.929688
5529138670105,81.908164272,22.949219,26.660156,-4.1015625
5529158719788,81.928213955,24.121094,27.441406,-4.7851562
5529178769471,81.948263638,26.074219,27.539062,-4.7851562
5529198819153,81.96831332,28.222656,28.027344,-4.6875
5529218868836,81.988363003,30.371094,27.734375,-4.7851562
5529238918519,82.008412686,32.617188,27.246094,-4.5898438
5529258968203,82.02846237,36.23047,31.542969,6.7382812
5529279017886,82.048512053,38.57422,31.25,6.3476562
5529299067568,82.068561735,40.625,30.078125,7.8125
5529319117251,82.088611418,41.210938,29.882812,7.3242188
5529339166934,82.108661101,43.45703,28.222656,8.7890625
5529359216617,82.128710784,43.066406,26.171875,10.644531
5529379235783,82.14872995,45.80078,24.21875,10.546875
5529399285466,82.168779633,47.558594,22.851562,11.9140625
5529419335149,82.188829316,48.828125,20.410156,13.378906
5529439384832,82.208878999,46.484375,16.894531,12.792969
5529459434515,82.228928682,47.36328,14.550781,13.574219
5529479484198,82.248978365,47.94922,11.9140625,15.332031
5529499533881,82.269028048,48.339844,9.863281,15.917969
5529519553046,82.289047213,47.851562,10.7421875,21.09375
5529539602730,82.309096897,47.36328,8.203125,22.265625
5529559652413,82.32914658,46.484375,6.0546875,23.4375
5529579702096,82.349196263,46.38672,4.296875,24.316406
5529599751779,82.369245946,45.3125,2.5390625,24.707031
5529619801462,82.389295629,46.191406,7.1289062,32.128906
5529639851144,82.409345311,44.23828,5.46875,34.277344
5529659900827,82.429394994,43.75,5.1757812,34.86328
5529679950511,82.449444678,43.945312,3.125,34.277344
5529700000194,82.469494361,42.871094,1.953125,34.472656
5529720019359,82.489513526,42.1875,1.0742188,36.035156
5529740069042,82.509563209,40.91797,0.29296875,36.035156
5529760118726,82.529612893,40.039062,-0.29296875,36.035156
5529780168409,82.549662576,38.964844,-1.3671875,35.9375
5529800218091,82.569712258,37.890625,-3.125,36.328125
5529820267774,82.589761941,36.621094,-2.8320312,37.695312
5529840317457,82.609811624,35.742188,-5.46875,37.890625
5529860367140,82.629861307,34.66797,-6.0546875,37.98828
5529880416823,82.64991099,33.398438,-6.640625,38.378906
5529900466507,82.669960674,29.980469,-11.9140625,33.496094
5529920516189,82.690010356,28.808594,-12.597656,33.10547
5529940565872,82.710060039,27.929688,-12.988281,33.789062
5529960615555,82.730109722,26.367188,-12.988281,34.08203
5529980634721,82.750128888,25.78125,-13.964844,33.88672
5530000684404,82.770178571,25.097656,-13.964844,33.30078
5530020795121,82.790289288,23.730469,-14.355469,33.30078
5530040814286,82.810308453,23.046875,-14.453125,33.691406
5530060863970,82.830358137,22.558594,-14.6484375,33.203125
5530080913653,82.85040782,21.679688,-14.550781,33.984375
5530100963336,82.870457503,21.386719,-14.550781,34.08203
5530121013019,82.890507186,20.703125,-14.746094,33.007812
5530141062702,82.910556869,17.480469,-20.507812,24.902344
5530161112384,82.930606551,16.894531,-19.726562,24.902344
5530181162067,82.950656234,17.96875,-19.433594,24.902344
5530201211751,82.970705918,18.066406,-18.945312,25.195312
5530221261434,82.990755601,18.066406,-18.945312,25.488281
5530241311117,83.010805284,18.066406,-18.457031,25.195312
5530261360800,83.030854967,17.480469,-18.359375,25.097656
5530281410482,83.050904649,17.1875,-17.578125,26.074219
5530301460165,83.070954332,18.359375,-17.1875,24.609375
5530321509848,83.091004015,18.652344,-16.894531,24.023438
5530341559532,83.111053699,19.042969,-17.285156,24.609375
5530361609215,83.131103382,19.335938,-16.40625,24.511719
5530381628380,83.151122547,19.53125,-16.210938,24.707031
5530401678063,83.17117223,19.824219,-15.625,24.21875
5530421727747,83.191221914,20.507812,-15.625,24.804688
5530441777429,83.211271596,20.800781,-15.0390625,24.21875
5530461827112,83.231321279,21.777344,-14.941406,24.316406
5530481876795,83.251370962,21.191406,-14.453125,24.316406
5530501926478,83.271420645,21.386719,-13.8671875,24.21875
5530521976161,83.291470328,21.679688,-13.28125,23.144531
5530542025844,83.311520011,21.191406,-13.183594,23.535156
5530562045010,83.331539177,22.167969,-12.402344,23.046875
5530582094693,83.35158886,20.507812,-12.109375,23.339844
5530602174893,83.37166906,20.996094,-11.71875,23.144531
5530622224576,83.391718743,20.507812,-10.3515625,24.414062
5530642274259,83.411768426,22.460938,-10.058594,22.363281
5530662323941,83.431818108,22.753906,-10.058594,21.875
5530682373624,83.451867791,22.851562,-9.9609375,22.460938
5530702423307,83.471917474,22.949219,-10.058594,22.65625
5530722472991,83.491967158,23.144531,-9.472656,22.851562
5530742522674,83.512016841,23.828125,-8.886719,23.632812
5530762572357,83.532066524,23.632812,-8.3984375,23.730469
5530782622039,83.552116206,23.925781,-8.105469,23.4375
5530802702240,83.572196407,24.609375,-8.300781,24.21875
5530822751923,83.59224609,24.121094,-7.9101562,24.21875
5530842801606,83.612295773,23.925781,-8.203125,24.121094
5530862851288,83.632345455,24.609375,-7.9101562,23.730469
5530882900971,83.652395138,74.31641,-109.765625,-257.03125
5530902950654,83.672444821,73.53516,-108.78906,-256.4453
5530923000337,83.692494504,73.046875,-108.78906,-256.64062
5530943050021,83.712544188,73.4375,-108.49609,-256.25
5530963099703,83.73259387,73.53516,-108.69141,-256.15234
5530983149386,83.752643553,74.80469,-108.69141,-255.85938
5531003199069,83.772693236,74.80469,-108.78906,-255.76172
5531023187718,83.792681885,73.4375,-108.78906,-255.95703
5531043237401,83.812731568,73.33984,-109.27734,-255.3711
5531063287083,83.83278125,72.94922,-109.47266,-255.46875
5531083336767,83.852830934,72.94922,-109.765625,-255.85938
5531103386450,83.872880617,72.46094,-109.66797,-255.5664
5531123436133,83.8929303,71.28906,-110.15625,-255.76172
5531143485816,83.912979983,71.484375,-110.35156,-256.0547
5531163535499,83.933029666,70.99609,-110.74219,-255.3711
5531183585181,83.953079348,70.50781,-110.9375,-254.98047
5531203634864,83.973129031,70.11719,-111.23047,-254.78516
5531223715065,83.993209232,69.23828,-110.64453,-254.49219
5531243764748,84.013258915,68.26172,-110.35156,-253.125
5531263814430,84.033308597,69.140625,-111.03516,-255.17578
5531283864113,84.05335828,68.75,-110.44922,-255.66406
5531303913797,84.073407964,68.75,-110.25391,-255.66406
5531323963480,84.093457647,68.45703,-110.05859,-255.5664
5531344013163,84.11350733,67.77344,-110.05859,-255.5664
5531364062845,84.133557012,67.38281,-110.15625,-255.66406
5531384112528,84.153606695,67.67578,-109.765625,-255.07812
5531404162211,84.173656378,67.38281,-109.765625,-255.66406
5531424211894,84.193706061,67.578125,-109.765625,-255.5664
5531444261577,84.213755744,67.48047,-109.08203,-255.5664
5531464311261,84.233805428,68.16406,-108.88672,-254.88281
5531484360943,84.25385511,67.96875,-108.49609,-254.6875
5531504410626,84.273904793,67.48047,-107.12891,-254.98047
5531524460309,84.293954476,67.67578,-107.32422,-255.3711
5531544509992,84.314004159,66.60156,-106.93359,-254.6875
5531564559675,84.334053842,65.82031,-106.25,-253.61328
5531584609358,84.354103525,67.38281,-107.71484,-253.41797
5531604659041,84.374153208,67.77344,-107.71484,-253.61328
5531624708724,84.394202891,66.11328,-107.91016,-252.05078
5531644758407,84.414252574,65.625,-108.59375,-250.97656
5531664808090,84.434302257,67.77344,-109.17969,-251.85547
5531684857773,84.45435194,67.28516,-109.765625,-251.85547
5531704907456,84.474401623,67.87109,-109.96094,-252.05078
5531724957138,84.494451305,68.16406,-110.05859,-251.46484
5531745006821,84.514500988,68.26172,-109.66797,-251.36719
5531765056505,84.534550672,68.65234,-109.66797,-251.5625
5531785106188,84.554600355,68.359375,-109.375,-250.48828
5531805216905,84.574711072,68.359375,-110.15625,-251.66016
5531825266588,84.594760755,68.06641,-109.66797,-250.19531
5531845316271,84.614810438,68.65234,-110.35156,-250.58594
5531865396471,84.634890638,68.75,-110.74219,-249.70703
5531885446154,84.654940321,69.33594,-111.328125,-249.70703
5531905495837,84.674990004,68.55469,-110.05859,-249.21875
5531925545519,84.695039686,69.53125,-112.01172,-249.21875
5531945595202,84.715089369,70.3125,-112.69531,-248.14453
5531965614368,84.735108535,70.3125,-112.40234,-246.97266
5531985664051,84.755158218,71.28906,-113.28125,-246.58203
5532005713734,84.775207901,71.77734,-113.47656,-246.09375
5532025824451,84.795318618,72.07031,-114.64844,-244.82422
5532045874134,84.815368301,71.97266,-113.671875,-243.94531
5532065923817,84.835417984,72.07031,-113.96484,-244.92188
5532085973501,84.855467668,71.484375,-114.94141,-245.41016
5532106023183,84.87551735,71.67969,-114.25781,-245.3125
5532126072866,84.895567033,71.67969,-114.94141,-244.82422
5532146122549,84.915616716,71.67969,-116.11328,-244.6289
5532166172232,84.935666399,72.36328,-116.60156,-243.75
5532186221915,84.955716082,71.484375,-115.625,-242.08984
5532206271598,84.975765765,72.16797,-115.625,-243.16406
5532226321280,84.995815447,71.67969,-116.015625,-243.16406
5532246370964,85.015865131,71.38672,-115.91797,-242.67578
5532266420647,85.035914814,70.99609,-115.52734,-242.67578
5532286470330,85.055964497,70.50781,-116.11328,-243.75
5532306520013,85.07601418,70.21484,-116.21094,-243.94531
5532326569696,85.096063863,70.41016,-116.015625,-245.11719
5532346619378,85.116113545,70.21484,-114.84375,-244.33594
5532366669061,85.136163228,69.62891,-115.72266,-246.38672
5532386718745,85.156212912,69.62891,-116.015625,-246.77734
5532406798944,85.176293111,69.140625,-114.55078,-246.77734
5532426848627,85.196342794,68.94531,-114.25781,-247.16797
5532446898310,85.216392477,68.84766,-114.84375,-248.92578
5532466947994,85.236442161,68.45703,-114.453125,-248.33984
5532486997677,85.256491844,68.359375,-114.35547,-248.73047
5532507047360,85.276541527,67.38281,-113.86719,-248.53516
5532527097042,85.296591209,67.1875,-114.35547,-249.02344
5532547146725,85.316640892,68.26172,-114.453125,-249.41406
5532567196408,85.336690575,68.16406,-114.0625,-249.41406
5532587246091,85.356740258,68.16406,-114.35547,-249.3164
5532607295774,85.376789941,67.87109,-114.35547,-249.70703
5532627345458,85.396839625,67.48047,-113.28125,-249.1211
5532647364623,85.41685879,67.28516,-113.86719,-250.6836
5532667414306,85.436908473,67.08984,-114.25781,-250.48828
5532687463989,85.456958156,66.40625,-114.64844,-250.19531
5532707513672,85.477007839,66.30859,-114.55078,-249.70703
5532727563355,85.497057522,66.50391,-115.234375,-251.36719
5532747613038,85.517107205,66.796875,-114.35547,-248.92578
5532767662721,85.537156888,67.28516,-114.25781,-248.63281
5532787773438,85.557267605,66.99219,-115.625,-249.60938
5532807823121,85.577317288,67.38281,-115.52734,-249.60938
5532827872803,85.59736697,65.82031,-115.625,-249.1211
5532847922487,85.617416654,65.625,-114.25781,-249.60938
5532867972170,85.637466337,65.234375,-114.16016,-250.48828
5532888021853,85.65751602,66.40625,-115.42969,-252.63672
5532908071536,85.677565703,65.91797,-114.84375,-251.95312
5532928121219,85.697615386,66.11328,-115.13672,-252.14844
5532948170901,85.717665068,65.91797,-115.42969,-252.63672
5532968190068,85.737684235,65.82031,-115.625,-251.95312
5532988239750,85.757733917,66.21094,-115.234375,-252.53906
5533008289433,85.7777836,65.82031,-115.42969,-252.92969
5533028339116,85.797833283,65.33203,-116.21094,-253.71094
5533048419317,85.817913484,65.03906,-116.015625,-253.51562
5533068468999,85.837963166,64.35547,-115.72266,-253.22266
5533088518682,85.858012849,65.03906,-117.578125,-253.8086
5533108568365,85.878062532,64.0625,-117.48047,-254.10156
5533128587531,85.898081698,64.16016,-117.38281,-253.71094
5533148637214,85.918131381,63.085938,-117.28516,-253.125
5533168717414,85.938211581,63.378906,-118.06641,-254.10156
5533188767097,85.958261264,63.476562,-118.84766,-254.58984
5533208816780,85.978310947,63.476562,-118.26172,-254.6875
5533228866463,85.99836063,62.20703,-118.75,-255.17578
5533248916146,86.018410313,62.109375,-119.72656,-255.3711
5533268965829,86.038459996,61.71875,-120.01953,-255.76172
5533289015512,86.058509679,61.523438,-120.50781,-255.5664
5533309065195,86.078559362,61.42578,-121.97266,-254.98047
5533329084361,86.098578528,62.01172,-122.85156,-254.98047
5533349134043,86.11862821,61.71875,-123.53516,-254.49219
5533369183727,86.138677894,61.621094,-123.63281,-254.6875
5533389263927,86.158758094,61.132812,-124.02344,-254.49219
5533409283093,86.17877726,61.328125,-124.02344,-254.49219
5533429332776,86.198826943,60.839844,-124.80469,-253.90625
5533449382458,86.218876625,60.15625,-125.68359,-254.58984
5533469462659,86.238956826,59.277344,-125.390625,-253.61328
5533489481824,86.258975991,59.765625,-126.07422,-254.6875
5533509531508,86.279025675,59.86328,-126.5625,-255.07812
5533529581191,86.299075358,59.86328,-127.34375,-255.17578
5533549630874,86.319125041,59.472656,-126.26953,-254.6875
5533569680556,86.339174723,59.375,-125.87891,-256.34766
5533589699723,86.35919389,58.88672,-126.171875,-257.22656
5533609749406,86.379243573,58.30078,-125.48828,-258.6914
