time,seconds_elapsed,qw,qx,qy,qz
5447271397345,0.040891512,0.9933673,0.04536183,-0.0017648964,0.105644636
5447291447027,0.060941194,0.99361265,0.040038154,0.0040791985,0.10542447
5447311527228,0.081021395,0.9940344,0.027444942,9.985431E-4,0.10555274
5447331576911,0.101071078,0.99426425,0.017150184,0.00211091,0.10554708
5447351596077,0.121090244,0.9943125,0.012749087,5.012992E-4,0.10573446
5447371645760,0.141139927,0.9943119,0.014452467,0.0018665073,0.10550664
5447391756477,0.161250644,0.9943031,0.015927382,0.0039596027,0.10531871
5447411806159,0.181300326,0.99433964,0.012664545,0.0020447564,0.105470665
5447431825326,0.201319493,0.99437064,0.008652548,0.0016054021,0.1055925
5447451875009,0.221369176,0.99435645,0.008992338,0.0015869315,0.10569751
5447471924691,0.241418858,0.9943512,0.010988452,0.002305254,0.105544545
5447491943858,0.261438025,0.99435663,0.010680539,0.0014747627,0.105540305
5447511993540,0.281487707,0.99436533,0.008355347,9.7552274E-4,0.10567329
5447532043223,0.30153739,0.99436337,0.00824233,0.0013732554,0.1056958
5447552062390,0.321556557,0.99436486,0.009325726,0.0016087085,0.105588995
5447572112072,0.341606239,0.9943636,0.009517854,0.0016300622,0.10558338
5447592131238,0.361625405,0.99436325,0.008723338,0.0014268495,0.105657876
5447612180921,0.381675088,0.9943638,0.00872164,0.0014428002,0.10565271
5447632200087,0.401694254,0.9943642,0.009280692,0.0015974132,0.10559954
5447652249770,0.421743937,0.9943633,0.009138163,0.0015782245,0.105620906
5447672299453,0.44179362,0.9943621,0.008768412,0.0015130593,0.105663694
5447692318619,0.461812786,0.9943622,0.009007457,0.0015899147,0.105642475
5447712368301,0.481862468,0.9943631,0.00920729,0.0016415789,0.105615854
5447732417985,0.501912152,0.99436265,0.008949425,0.0015924618,0.10564262
5447752437150,0.521931317,0.9943625,0.008900697,0.0015997348,0.105648085
5447772486833,0.541981,0.99436194,0.009134736,0.0016704183,0.105632156
5447792536516,0.562030683,0.99436194,0.009070411,0.0016760956,0.105637655
5447812586200,0.582080367,0.9943614,0.008949449,0.0016523581,0.10565369
5447832635883,0.60213005,0.9943613,0.009079537,0.0016895992,0.10564303
5447852685566,0.622179733,0.99436015,0.00913754,0.0017031857,0.105648264
5447872704732,0.642198899,0.9943607,0.009021537,0.0016865784,0.10565372
5447892754415,0.662248582,0.9943609,0.009051509,0.0017136008,0.10564853
5447912804098,0.682298265,0.99436134,0.009125001,0.0017410836,0.1056379
5447932823264,0.702317431,0.99436194,0.009061852,0.0017290054,0.10563796
5447952872947,0.722367114,0.99436307,0.00906065,0.001735788,0.10562739
5447972922629,0.742416796,0.9943635,0.009122089,0.0017638904,0.10561684
5447992972312,0.762466479,0.99436265,0.0090891225,0.0017710282,0.10562761
5448012991479,0.782485646,0.99436235,0.009056712,0.001772905,0.10563303
5448033041161,0.802535328,0.9943629,0.009118619,0.0017956637,0.105622455
5448053090844,0.822585011,0.9943623,0.009121078,0.0018034958,0.10562778
5448073140527,0.842634694,0.99436164,0.009065127,0.0018045183,0.105638534
5448093190210,0.862684377,0.99436176,0.00911121,0.0018255716,0.10563328
5448113239893,0.88273406,0.99436146,0.009134937,0.001854939,0.105633475
5448133289575,0.902783742,0.99436086,0.009075425,0.001859256,0.1056443
5448153339259,0.922833426,0.9943602,0.009085489,0.0018656452,0.105649635
5448173358425,0.942852592,0.9943597,0.009137944,0.0018894597,0.10564966
5448193408107,0.962902274,0.9943594,0.009111447,0.0018865947,0.10565501
5448213457791,0.982951958,0.99435914,0.009074291,0.001882597,0.10566039
5448233507474,1.003001641,0.99435955,0.009136855,0.0019000827,0.10564973
5448253557157,1.023051324,0.99436,0.009156955,0.0019130071,0.105644494
5448273576322,1.043070489,0.9943599,0.00910918,0.0019078813,0.105649896
5448293626006,1.063120173,0.99436074,0.0091245,0.0019149694,0.105639294
5448313706205,1.083200372,0.9943617,0.009154645,0.0019343798,0.10562877
5448333725372,1.103219539,0.9943607,0.009128077,0.0019314573,0.10563944
5448353775054,1.123269221,0.99436027,0.00911162,0.0019350204,0.10564482
5448373824737,1.143318904,0.99436057,0.009149206,0.0019511614,0.10563954
5448393874420,1.163368587,0.99436164,0.009149033,0.0019687247,0.10562905
5448413893586,1.183387753,0.99436176,0.00913254,0.0019723421,0.10562913
5448433943269,1.203437436,0.9943616,0.009139201,0.002010578,0.10562945
5448453992952,1.223487119,0.99436146,0.0091422545,0.0020323799,0.10562964
5448474012118,1.243506285,0.9943611,0.009124646,0.0020465676,0.105635144
5448494061801,1.263555968,0.99436045,0.009124656,0.0020465187,0.105640434
5448514111484,1.283605651,0.9943603,0.009134711,0.0020529563,0.10564046
5448534161167,1.303655334,0.99435973,0.009134158,0.0020582168,0.10564582
5448554210850,1.323705017,0.9943604,0.009122964,0.002062447,0.10564058
5448574230016,1.343724183,0.9943611,0.009117644,0.0020619319,0.1056353
5448594279699,1.363773866,0.9943621,0.009128225,0.0020631554,0.105624676
5448614329381,1.383823548,0.9943615,0.009127108,0.0020737255,0.105630085
5448634379065,1.403873232,0.99436206,0.009125969,0.002084393,0.10562487
5448654398231,1.423892398,0.9943615,0.009118415,0.0021050181,0.10563038
5448674447913,1.44394208,0.9943613,0.009127328,0.0021220483,0.105630495
5448694497597,1.463991764,0.9943618,0.009125625,0.0021380254,0.10562533
5448714547280,1.484041447,0.99436134,0.009114454,0.002142158,0.10563071
5448734566445,1.504060612,0.9943607,0.00912452,0.002148547,0.105636045
5448754616129,1.524110296,0.99435997,0.009139872,0.0021554893,0.10564136
5448774665812,1.544159979,0.9943594,0.009145193,0.0021560045,0.105646655
5448794684977,1.564179144,0.9943583,0.009133468,0.0021653976,0.10565739
5448814734660,1.584228827,0.99435824,0.009138206,0.0021712622,0.10565743
5448834784344,1.604278511,0.9943582,0.0091435155,0.0021718263,0.10565741
5448854803509,1.624297676,0.9943576,0.009141834,0.0021877058,0.10566287
5448874853192,1.644347359,0.9943577,0.009134844,0.0022030468,0.10566304
5448894902876,1.664397043,0.9943569,0.009143781,0.0022200544,0.105668455
5448914952559,1.684446726,0.99435794,0.009147938,0.002231335,0.10565792
5448935002241,1.704496408,0.99435914,0.009134475,0.0022568516,0.10564757
5448955021408,1.724515575,0.99435955,0.009149827,0.0022639022,0.105642274
5448975071090,1.744565257,0.99435997,0.009158165,0.0022862828,0.10563714
5448995120773,1.76461494,0.99435943,0.009158177,0.002286234,0.10564245
5449015139939,1.784634106,0.9943594,0.009152867,0.0022856696,0.10564245
5449035189622,1.804683789,0.99435943,0.009158169,0.002286233,0.10564245
5449055239305,1.824733472,0.99435985,0.009163465,0.0022868458,0.10563712
5449075258470,1.844752637,0.9943594,0.0091682235,0.0022926705,0.10564248
5449095308154,1.864802321,0.9943593,0.009163484,0.0022868058,0.10564243
5449115357837,1.884852004,0.99435925,0.009167101,0.002303298,0.105642565
5449135377002,1.904871169,0.99435866,0.009171858,0.0023091226,0.105647914
5449155426686,1.924920853,0.9943587,0.009165994,0.0023138607,0.10564797
5449175476369,1.944970536,0.99435806,0.009169623,0.0023303041,0.10565342
5449195526052,1.965020219,0.9943579,0.009184423,0.0023426155,0.10565348
5449215545217,1.985039384,0.99435896,0.009188579,0.0023538966,0.105642945
5449235594901,2.005089068,0.99435717,0.009192792,0.0023649156,0.10565893
5449255644584,2.025138751,0.9943566,0.00919224,0.002370176,0.10566429
5449275663749,2.045157916,0.9943566,0.009188742,0.002379152,0.1056644
5449295713433,2.0652076,0.99435604,0.009179519,0.0023870033,0.105669826
5449315732598,2.085226765,0.99435484,0.009184853,0.0023874694,0.105680436
5449335782281,2.105276448,0.99435383,0.009181353,0.0023970222,0.10569116
5449355831965,2.125326132,0.99435323,0.0091784755,0.0024011673,0.10569652
5449375851130,2.145345297,0.9943532,0.009172601,0.0024059121,0.10569657
5449395900813,2.16539498,0.99435383,0.00916988,0.0024149455,0.105691396
5449415950497,2.185444664,0.99435383,0.009169316,0.002420255,0.10569145
5449435969662,2.205463829,0.9943532,0.00917351,0.0024313892,0.10569684
5449456019345,2.225513512,0.9943526,0.009172959,0.0024366416,0.10570219
5449476038511,2.245532678,0.9943537,0.009173498,0.0024314302,0.10569152
5449496088194,2.265582361,0.9943531,0.009178248,0.002437246,0.10569686
5449516137877,2.285632044,0.9943542,0.009172912,0.0024367794,0.10568624
5449536157043,2.30565121,0.99435425,0.009178222,0.002437344,0.10568624
5449556206726,2.325700893,0.99435353,0.009193576,0.0024442868,0.10569155
5449576256409,2.345750576,0.9943541,0.009187689,0.002449081,0.10568631
5449596306091,2.365800258,0.99435455,0.009197166,0.0024608776,0.10568107
5449616325258,2.385819425,0.9943539,0.009201924,0.0024667021,0.10568641
5449636374940,2.405869107,0.99435383,0.009207225,0.0024672656,0.1056864
5449656424623,2.42591879,0.9943544,0.009207777,0.0024620052,0.10568104
5449676474306,2.445968473,0.99435455,0.009198941,0.0024703904,0.10568118
5449696493472,2.465987639,0.9943544,0.009191938,0.0024857542,0.10568133
5449716543155,2.486037322,0.9943545,0.009186637,0.0024851908,0.105681345
5449736592838,2.506087005,0.9943539,0.009185521,0.0024957606,0.105686754
5449756642522,2.526136689,0.9943544,0.009183815,0.0025117379,0.10568159
5449776692205,2.546186372,0.99435335,0.009177968,0.002516385,0.105692275
5449796741888,2.566236055,0.9943516,0.009177444,0.0025215473,0.10570825
5449816791570,2.586285737,0.99435055,0.009175778,0.0025373776,0.10571903
5449836810737,2.606304904,0.99434996,0.009175227,0.002542638,0.10572439
5449856860419,2.626354586,0.99435043,0.009185816,0.0025438142,0.10571906
5449876910102,2.646404269,0.9943498,0.009185829,0.002543765,0.10572436
5449896959785,2.666453952,0.9943499,0.0091863945,0.0025384557,0.10572432
5449917009468,2.686503635,0.99434984,0.009191704,0.0025390203,0.105724305
5449937059151,2.706553318,0.9943503,0.009192254,0.0025337597,0.10571893
5449957108834,2.726603001,0.9943503,0.009192254,0.0025337597,0.10571893
5449977158517,2.746652684,0.9943503,0.009192254,0.0025337597,0.10571893
5449997208200,2.766702367,0.9943499,0.00918696,0.0025331464,0.10572427
5450017257883,2.78675205,0.9943493,0.0091864085,0.0025384068,0.105729625
5450037307566,2.806801733,0.9943504,0.009185253,0.0025491237,0.105719104
5450057357249,2.826851416,0.9943503,0.009189998,0.0025549976,0.10571914
5450077406932,2.846901099,0.99435025,0.009195307,0.002555562,0.10571913
5450097456614,2.866950781,0.9943497,0.009188883,0.0025655671,0.10572455
5450117506298,2.887000465,0.9943498,0.009183009,0.002570312,0.10572461
5450137555981,2.907050148,0.9943486,0.009179926,0.002568241,0.10573524
5450157605664,2.927099831,0.9943481,0.009178811,0.002578811,0.10574067
5450177655347,2.947149514,0.99434745,0.009178824,0.002578762,0.105745964
5450197705029,2.967199196,0.99434745,0.009178259,0.0025840714,0.105746016
5450217754712,2.987248879,0.9943475,0.009184134,0.002579327,0.10574597
5450237804395,3.007298562,0.99434847,0.009182977,0.0025900435,0.105735436
5450257854079,3.027348246,0.99434906,0.009186579,0.0026065854,0.10573027
5450277903762,3.047397929,0.994349,0.009191324,0.0026124592,0.10573031
5450297953445,3.067447612,0.9943484,0.009197212,0.0026076653,0.105735555
5450318003127,3.087497294,0.9943489,0.009207817,0.0026088436,0.10573022
5450338022294,3.107516461,0.99434936,0.009208931,0.0025982738,0.1057248
5450358071977,3.127566144,0.99435115,0.009214192,0.002598985,0.1057089
5450378121659,3.147615826,0.9943509,0.009224245,0.002605423,0.105708905
5450398171342,3.167665509,0.99435025,0.00922844,0.002616557,0.1057143
5450418221025,3.187715192,0.9943509,0.00922632,0.002613692,0.105709024
5450438270708,3.207764875,0.99435204,0.009223687,0.0026165505,0.105698474
5450458320391,3.227814558,0.994352,0.009227308,0.0026251876,0.10569858
5450478370075,3.247864242,0.99435145,0.009225892,0.0026160816,0.10570387
5450498419757,3.267913924,0.9943526,0.009222184,0.0026165026,0.10569334
5450518469440,3.287963607,0.9943526,0.00922118,0.0026104434,0.10569338
5450538519123,3.30801329,0.99435323,0.00921751,0.0026172893,0.105688214
5450558568806,3.328062973,0.99435383,0.009217267,0.002609817,0.10568296
5450578618489,3.348112656,0.9943549,0.009218773,0.0026104525,0.10567243
5450598668171,3.368162338,0.99435705,0.0092196,0.0026238703,0.10565135
5450618717854,3.388212021,0.99435765,0.009221857,0.002627645,0.1056461
5450638767538,3.408261705,0.9943575,0.009222291,0.002630523,0.10564615
5450658817221,3.428311388,0.9943582,0.0092194695,0.0026409873,0.10564103
5450678866904,3.448361071,0.99435925,0.009214963,0.0026342438,0.10563046
5450698916587,3.468410754,0.99436057,0.009206413,0.0026349402,0.10561995
5450718966269,3.488460436,0.9943616,0.0092157405,0.0026342503,0.10560932
5450739015952,3.508510119,0.99436206,0.009208724,0.0026496637,0.10560416
5450759065635,3.528559802,0.9943628,0.009209839,0.0026390941,0.10559876
5450779115319,3.548609486,0.9943627,0.009217545,0.0026353698,0.10559879
5450799165002,3.568659169,0.9943633,0.009207524,0.0026451552,0.10559371
5450819214685,3.588708852,0.9943632,0.009207252,0.0026505957,0.105593845
5450839233851,3.608728018,0.9943637,0.009205977,0.0026465817,0.10558857
5450859283534,3.628777701,0.9943643,0.00919932,0.0026537224,0.105583414
5450879333216,3.648827383,0.9943644,0.009193829,0.0026521895,0.10558344
5450899382899,3.668877066,0.9943644,0.00919221,0.002660226,0.105583556
5450919432582,3.688926749,0.99436504,0.009191799,0.0026642845,0.105578326
5450939482265,3.708976432,0.994366,0.009191941,0.0026727237,0.10556781
5450959531948,3.729026115,0.99436605,0.0091966875,0.002678597,0.105567865
5450979551114,3.749045281,0.99436647,0.009201982,0.0026792097,0.10556252
5450999600797,3.769094964,0.99436706,0.00920477,0.002687438,0.105557345
5451019650480,3.789144647,0.9943676,0.00920309,0.00269077,0.1055521
5451039700163,3.80919433,0.9943676,0.00920354,0.002687173,0.10555214
5451059749846,3.829244013,0.99436873,0.009205049,0.0026836295,0.10554156
5451079799529,3.849293696,0.99436927,0.009204852,0.0026904622,0.10553639
5451099849212,3.869343379,0.9943698,0.009203683,0.002696847,0.105531216
5451119898895,3.889393062,0.9943698,0.009203028,0.0026942955,0.10553124
5451139948578,3.909442745,0.99437046,0.0091973515,0.002678458,0.10552589
5451159998261,3.929492428,0.99437034,0.009206893,0.0026768243,0.10552588
5451180047943,3.94954211,0.9943709,0.00921178,0.002675167,0.105520576
5451200097626,3.969591793,0.99437034,0.009212357,0.0026698085,0.10552584
5451220147310,3.989641477,0.9943715,0.009213455,0.0026592878,0.10551512
5451240196993,4.00969116,0.9943708,0.009218215,0.0026651116,0.105520464
5451260246676,4.029740843,0.9943725,0.009227665,0.0026770053,0.105504625
5451280296358,4.049790525,0.9943735,0.009227072,0.002682413,0.10549404
5451300346041,4.069840208,0.99437296,0.009227086,0.0026823636,0.10549935
5451320395724,4.089889891,0.9943735,0.009225382,0.0026983414,0.10549419
5451340536959,4.110031126,0.9943747,0.009220043,0.0026978767,0.105483584
5451360586642,4.130080809,0.99437517,0.009231262,0.002693724,0.105478175
5451380636324,4.150130491,0.9943751,0.009235883,0.0026972895,0.105478235
5451400655491,4.170149658,0.9943756,0.009241142,0.002700292,0.10547299
5451420705173,4.19019934,0.9943761,0.009246992,0.0026956021,0.105467625
5451440754856,4.210249023,0.994376,0.009256449,0.0027037219,0.10546773
5451460804539,4.230298706,0.99437654,0.009261066,0.0027011072,0.10546243
5451480854222,4.250348389,0.9943778,0.009255688,0.0027016844,0.105451934
5451500903905,4.270398072,0.99437934,0.0092538055,0.0027030488,0.10543608
5451520953589,4.290447756,0.99437976,0.0092632845,0.0027148433,0.10543084
5451541003271,4.310497438,0.9943798,0.0092669,0.0027231188,0.10543097
5451561052954,4.330547121,0.9943803,0.009260154,0.002730604,0.10542578
5451581102637,4.350596804,0.99438137,0.0092632845,0.0027394586,0.10541527
5451601152320,4.370646487,0.99438196,0.009264906,0.0027472365,0.10541009
5451621202003,4.39069617,0.9943819,0.009261023,0.0027423173,0.105410114
5451641251686,4.410745853,0.99438196,0.009263807,0.0027398248,0.10541014
5451661301368,4.430795535,0.99438304,0.009267366,0.0027441874,0.105399564
5451681351052,4.450845219,0.99438465,0.009269439,0.0027402753,0.10538366
5451701400735,4.470894902,0.9943852,0.009275859,0.0027302683,0.10537823
5451721419900,4.490914067,0.9943862,0.009286324,0.002729853,0.1053676
5451741500101,4.510994268,0.99438745,0.009284759,0.0027317526,0.105357096
5451761549784,4.531043951,0.9943886,0.009283957,0.002730026,0.10534648
5451781599466,4.551093633,0.9943897,0.009276555,0.0027380644,0.10533599
5451801649149,4.571143316,0.9943886,0.009277146,0.0027326557,0.10534656
5451821698833,4.591193,0.9943879,0.009285106,0.0027369335,0.1053519
5451841748516,4.611242683,0.99438965,0.009276218,0.0027439804,0.10533611
5451861798199,4.631292366,0.99438965,0.009273171,0.0027466246,0.10533618
5451881847881,4.651342048,0.99439025,0.009265381,0.0027518126,0.10533101
5451901897564,4.671391731,0.9943914,0.009271949,0.0027543353,0.10532045
5451921947247,4.691441414,0.9943925,0.009262402,0.002761504,0.10530997
5451942027448,4.711521615,0.9943925,0.009259916,0.002752715,0.10530995
5451962046613,4.73154078,0.9943925,0.009260288,0.0027532496,0.10531003
5451982126813,4.75162098,0.9943931,0.009250986,0.0027592971,0.105304874
5452002145979,4.771640146,0.99439263,0.00924683,0.0027602594,0.10531029
5452022195662,4.791689829,0.99439317,0.009252708,0.002756766,0.10530499
5452042245345,4.811739512,0.99439484,0.009258469,0.0027525583,0.10528908
5452062325546,4.831819713,0.99439543,0.009252478,0.0027556818,0.10528393
5452082375228,4.851869395,0.994396,0.009248796,0.0027510263,0.10527865
5452102424911,4.871919078,0.9943965,0.009244523,0.0027631468,0.105273515
5452122474594,4.891968761,0.99439716,0.009239788,0.0027690483,0.10526836
5452142524277,4.912018444,0.9943989,0.00923743,0.0027590273,0.105252415
5452162573960,4.932068127,0.9944004,0.009249722,0.0027671624,0.105236575
5452182623642,4.952117809,0.99440145,0.009254539,0.0027681284,0.10522602
5452202673326,4.972167493,0.99440265,0.009245798,0.00276317,0.10521545
5452222723009,4.992217176,0.99440265,0.009247156,0.0027583905,0.10521548
5452242772692,5.012266859,0.99440145,0.009251845,0.0027588424,0.10522617
5452262822375,5.032316542,0.9944021,0.009248796,0.0027610634,0.10522094
5452282872058,5.052366225,0.99440205,0.009252395,0.0027576387,0.105220966
5452302921740,5.072415907,0.994402,0.009257815,0.002764993,0.10522107
5452322971423,5.09246559,0.9944025,0.009254012,0.0027665496,0.10521584
5452343021106,5.112515273,0.99440306,0.0092495,0.002775258,0.10521072
5452363070790,5.132564957,0.9944036,0.009248267,0.0027811052,0.10520554
5452383120473,5.15261464,0.9944043,0.009238474,0.002769974,0.105200246
5452403170156,5.172664323,0.99440485,0.009238125,0.002775905,0.10519507
5452423219838,5.192714005,0.9944039,0.009231037,0.002767156,0.10520569
5452443269521,5.212763688,0.99440277,0.009223563,0.0027732707,0.105216466
5452463319204,5.232813371,0.99440277,0.00922858,0.002760961,0.10521638
5452483368887,5.252863054,0.9944029,0.009216728,0.0027509755,0.105216384
5452503418571,5.272912738,0.99440336,0.009227333,0.0027521483,0.10521104
5452523468254,5.292962421,0.9944034,0.009218448,0.0027525253,0.105211146
5452543548453,5.31304262,0.9944029,0.009218063,0.0027531376,0.105216525
5452563598136,5.333092303,0.99440235,0.009216787,0.0027409852,0.10522184
5452583647820,5.353141987,0.9944023,0.009221257,0.0027408402,0.10522191
5452603697502,5.373191669,0.9944028,0.009222124,0.0027422023,0.105216675
5452623747185,5.393241352,0.9944029,0.009209899,0.0027511031,0.10521689
5452643796868,5.413291035,0.9944028,0.009211636,0.0027513893,0.10521697
5452663846551,5.433340718,0.9944017,0.009209632,0.0027576701,0.10522773
5452683896234,5.453390401,0.99440104,0.00921799,0.0027532105,0.10523306
5452703945917,5.473440084,0.9944005,0.009219878,0.0027595425,0.10523851
5452724026117,5.493520284,0.9943999,0.009215361,0.0027632404,0.10524398
5452744075800,5.513569967,0.9943999,0.0092157675,0.002762822,0.10524407
5452764125483,5.53361965,0.99440056,0.0092097875,0.002752161,0.10523877
5452784175165,5.553669332,0.99440044,0.00921908,0.0027502251,0.10523877
5452804224848,5.573719015,0.9944011,0.009223566,0.0027417513,0.105233446
5452824305049,5.593799216,0.99440104,0.009226838,0.0027380907,0.10523347
5452844354732,5.613848899,0.99440163,0.009219432,0.0027391869,0.105228245
5452864404414,5.633898581,0.99440217,0.009223079,0.0027357992,0.105222955
5452884454097,5.653948264,0.99440145,0.009237203,0.0027342595,0.10522825
5452904503781,5.673997948,0.99440145,0.009237603,0.002729845,0.105228275
5452924553464,5.694047631,0.9944015,0.00923118,0.0027354162,0.10522841
5452944603147,5.714097314,0.99440104,0.009227391,0.002732704,0.10523374
5452964683346,5.734177513,0.99440205,0.009221209,0.0027504293,0.10522333
5452984733030,5.754227197,0.994402,0.009224479,0.0027537094,0.10522339
5453004782713,5.77427688,0.9944015,0.009226671,0.0027556408,0.105228774
5453024832396,5.794326563,0.9944016,0.009217491,0.0027549951,0.105228886
5453044882078,5.814376245,0.9944021,0.009213462,0.0027600462,0.10522372
5453064931761,5.834425928,0.99440205,0.009216526,0.002767403,0.10522384
5453084981444,5.854475611,0.9944015,0.009217423,0.002759732,0.105229124
5453105031127,5.874525294,0.9944009,0.009219399,0.002761378,0.105234504
5453125111327,5.894605494,0.994401,0.009214778,0.0027439706,0.10523464
5453145161010,5.914655177,0.99439853,0.009249608,0.002854628,0.10525153
5453165210693,5.93470486,0.9943956,0.009840644,0.0030925958,0.105219565
5453185260376,5.954754543,0.9943882,0.010532707,0.0034830424,0.10520996
5453205310059,5.974804226,0.9943844,0.01035749,0.0035653787,0.1052599
5453225390259,5.994884426,0.99438226,0.009481604,0.0033880726,0.10536893
5453245439942,6.014934109,0.99437565,0.0095294025,0.003384874,0.10542744
5453265520142,6.035014309,0.99437565,0.009902382,0.003493713,0.105389744
5453285569825,6.055063992,0.9943758,0.009692947,0.003513617,0.10540694
5453305619508,6.075113675,0.9943743,0.009707733,0.003569277,0.1054181
5453325699708,6.095193875,0.99437416,0.009748937,0.0036240302,0.10541317
5453345749391,6.115243558,0.99437314,0.009448223,0.0035702626,0.10545127
5453365860108,6.135354275,0.99436265,0.009232247,0.0035802617,0.105569236
5453385909791,6.155403958,0.9943487,0.009043365,0.0035299733,0.105718814
5453405959474,6.175453641,0.99434394,0.008790122,0.003417996,0.10578815
5453426039674,6.195533841,0.9943408,0.008711032,0.0034016513,0.10582567
5453446089357,6.215583524,0.99434096,0.008752627,0.0034044927,0.10582031
5453466169556,6.235663723,0.99434173,0.008659065,0.0034127156,0.10582093
5453486219239,6.255713406,0.9943417,0.0084995255,0.0034377992,0.10583265
5453506268923,6.27576309,0.994342,0.008412004,0.0033970543,0.10583818
5453526318606,6.295812773,0.9943418,0.008440535,0.0034024545,0.105838224
5453546398805,6.315892972,0.99434227,0.008479526,0.0033544505,0.1058325
5453566448488,6.335942655,0.9943426,0.008519061,0.003306543,0.10582676
5453586498172,6.355992339,0.99434394,0.0085696075,0.0032959548,0.105810694
5453606547855,6.376042022,0.994344,0.008554619,0.003309158,0.10581106
5453626597538,6.396091705,0.9943449,0.008381605,0.0034227744,0.105813004
5453646677737,6.416171904,0.9943452,0.008157784,0.0034770756,0.1058253
5453666727421,6.436221588,0.99434537,0.008042007,0.003533679,0.10583182
5453686777104,6.456271271,0.9943475,0.008107613,0.0035362975,0.105805285
5453706826787,6.476320954,0.9943493,0.008375517,0.00355668,0.10576722
5453726876469,6.496370636,0.99435246,0.008614117,0.0035499916,0.105718404
5453746956670,6.516450837,0.9943579,0.008791698,0.0035257726,0.105653845
5453767006353,6.53650052,0.99436355,0.00899726,0.0035161693,0.105583854
5453787056035,6.556550202,0.99436975,0.009182391,0.0035309475,0.105508894
5453807105718,6.576599885,0.99437404,0.009263992,0.0035438675,0.105460934
5453827155401,6.596649568,0.9943765,0.009316912,0.0035199078,0.105434045
5453847205084,6.616699251,0.9943802,0.009460829,0.003533024,0.10538594
5453867254767,6.636748934,0.994388,0.00963749,0.0035697175,0.10529533
5453887304451,6.656798618,0.99439675,0.009768008,0.0035845847,0.10519942
5453907384650,6.676878817,0.99440396,0.009883194,0.0036004009,0.105119474
5453927434333,6.6969285,0.9944107,0.009988249,0.0036283263,0.10504505
5453947484016,6.716978183,0.9944224,0.010114523,0.003618039,0.10492275
5453967533698,6.737027865,0.9944436,0.010304473,0.0036036943,0.104704075
5453987613899,6.757108066,0.9944698,0.010313113,0.0035998344,0.10445432
5454007663582,6.777157749,0.9944729,0.010185688,0.0035328537,0.10443828
5454027713264,6.797207431,0.994473,0.010089296,0.003479669,0.104448825
5454047762947,6.817257114,0.9944723,0.01014943,0.0034951987,0.10444873
5454067812631,6.837306798,0.9944715,0.010227574,0.0035143155,0.10444864
5454087862314,6.857356481,0.99447185,0.010221759,0.0035709874,0.104444034
5454107911997,6.877406164,0.9944727,0.010448782,0.0036005806,0.10441191
5454127992196,6.897486363,0.9944802,0.010665318,0.0035813497,0.10432044
5454148041880,6.917536047,0.99449,0.010600897,0.0035271465,0.10423508
5454168091563,6.93758573,0.99448884,0.010384936,0.0033859944,0.10427181
5454188141246,6.957635413,0.9944864,0.0098917205,0.0031375634,0.10435112
5454208190929,6.977685096,0.99447185,0.009070025,0.0029242379,0.10457051
5454228271129,6.997765296,0.99444544,0.008974924,0.0028634653,0.10483055
5454248320812,7.017814979,0.99444824,0.009447176,0.002973041,0.104760565
5454268370495,7.037864662,0.99444723,0.0094437115,0.002947965,0.104771025
5454288420177,7.057914344,0.9944455,0.009109924,0.002847303,0.104819305
5454308469860,7.077964027,0.99444366,0.009249253,0.0028595747,0.104824245
5454328519543,7.09801371,0.9944433,0.009459364,0.002903351,0.1048079
5454348599743,7.11809391,0.9944429,0.009268701,0.002869521,0.10482962
5454368618910,7.138113077,0.99444145,0.009190486,0.002836749,0.10485094
5454388668593,7.15816276,0.9944406,0.009394515,0.0028783933,0.10483996
5454408718275,7.178212442,0.99444085,0.009372621,0.0028684582,0.104839996
5454428767958,7.198262125,0.9944412,0.009275336,0.0028495437,0.10484556
5454448817641,7.218311808,0.9944407,0.009390119,0.0028708822,0.10484003
5454468867324,7.238361491,0.99444175,0.009392613,0.0028661294,0.104829445
5454488917007,7.258411174,0.99444187,0.009273044,0.0028415425,0.10484043
5454508966690,7.278460857,0.994442,0.009319834,0.0028503179,0.10483512
5454529046890,7.298541057,0.9944423,0.009387951,0.0028654388,0.1048245
5454549096573,7.31859074,0.994443,0.009314333,0.002849926,0.10482477
5454569146256,7.338640423,0.9944426,0.009304944,0.0028520569,0.10483027
5454589195938,7.358690105,0.9944431,0.009359941,0.0028698053,0.10481967
5454609245622,7.378739789,0.9944422,0.0093359435,0.0028640998,0.104830384
5454629295305,7.398789472,0.99444085,0.009305821,0.0028576455,0.10484642
5454649375504,7.418869671,0.9944404,0.00935045,0.0028601144,0.104846306
5454669425187,7.438919354,0.99444157,0.009339153,0.0028713075,0.10483587
5454689474871,7.458969038,0.99444073,0.009306764,0.002873159,0.10484663
5454709555071,7.479049238,0.9944409,0.009343358,0.0028824373,0.10484126
5454729604753,7.49909892,0.9944408,0.009353993,0.0028835586,0.10484123
5454749654436,7.519148603,0.99444,0.009316855,0.0028795402,0.10485196
5454769704120,7.539198287,0.9944399,0.0093263555,0.0028912798,0.10485203
5454789753803,7.55924797,0.99443907,0.009349857,0.0028952917,0.10485735
5454809803486,7.579297653,0.9944395,0.009323135,0.002877683,0.10485738
5454829853169,7.599347336,0.9944395,0.009322162,0.0028748037,0.1048574
5454849902851,7.619397018,0.99443966,0.009356766,0.0028893396,0.104852185
5454869952534,7.639446701,0.9944392,0.009344272,0.0028838383,0.104857564
5454890002217,7.659496384,0.9944394,0.009315676,0.002875315,0.10485769
5454910051900,7.679546067,0.99443924,0.00934451,0.0028780403,0.10485771
5454930101584,7.699595751,0.99443805,0.009351603,0.0028741322,0.10486834
5454950151266,7.719645433,0.9944377,0.009328647,0.00286128,0.1048737
5454970200949,7.739695116,0.99443704,0.00934562,0.002861179,0.10487908
5454990250632,7.759744799,0.99443805,0.009352406,0.0028621554,0.104868524
5455010300315,7.779794482,0.9944382,0.0093394285,0.002856947,0.10486859
5455030380515,7.799874682,0.9944377,0.009325171,0.0028620134,0.10487407
5455050430198,7.819924365,0.994437,0.009340958,0.0028741257,0.10487954
5455070479881,7.839974048,0.9944375,0.009339996,0.0028705648,0.10487426
5455090529564,7.860023731,0.9944383,0.009326766,0.0028610895,0.10486897
5455110579247,7.880073414,0.99443877,0.0093303295,0.0028653427,0.10486371
5455130659447,7.900153614,0.9944387,0.009339848,0.0028581836,0.10486365
5455150709130,7.920203297,0.9944393,0.009331432,0.0028581852,0.10485844
5455170758813,7.94025298,0.9944376,0.009334521,0.0028598327,0.10487445
5455190808496,7.960302663,0.994437,0.0093386015,0.0028633783,0.10487981
5455210858178,7.980352345,0.9944369,0.009343351,0.0028692482,0.10487985
5455230907862,8.000402029,0.9944364,0.009335678,0.0028772478,0.10488529
5455250988062,8.020482229,0.9944368,0.00934289,0.0028914127,0.10488012
5455271037744,8.040531911,0.99443585,0.00933481,0.0028935308,0.10489085
5455291087427,8.060581594,0.99443525,0.009332227,0.0028956716,0.10489623
5455311137110,8.080631277,0.9944359,0.009323155,0.0028922567,0.10489096
5455331186794,8.100680961,0.99443537,0.009317785,0.0028932728,0.104896344
5455351236477,8.120730644,0.99443585,0.00932724,0.0028906225,0.10489102
5455371286160,8.140780327,0.9944364,0.009322656,0.0028909459,0.10488578
5455391335842,8.160830009,0.9944354,0.00931403,0.0028786024,0.10489642
5455411355009,8.180849176,0.99443537,0.009316715,0.0028760568,0.104896426
5455431435208,8.200929375,0.9944353,0.009321458,0.0028819179,0.10489646
5455451484891,8.220979058,0.9944353,0.009327461,0.002864366,0.10489632
5455471534575,8.241028742,0.99443525,0.009331025,0.0028670544,0.10489639
5455491584258,8.261078425,0.99443537,0.009322537,0.0028713753,0.10489657
5455511633940,8.281128107,0.99443567,0.009339026,0.0028847242,0.10489138
5455531683623,8.30117779,0.99443585,0.009324941,0.0028720193,0.10489141
5455551733306,8.321227473,0.99443585,0.009324061,0.0028680458,0.10489145
5455571782989,8.341277156,0.9944365,0.009319798,0.0028665077,0.10488626
5455591832672,8.361326839,0.99443656,0.009307635,0.0028663906,0.10488638
5455611882356,8.381376523,0.99443716,0.009306364,0.0028567524,0.10488106
5455631962555,8.401456722,0.99443775,0.0093132565,0.0028514238,0.10487579
5455652012238,8.421506405,0.9944381,0.0093214875,0.0028450496,0.10487047
5455672061921,8.441556088,0.99444,0.00930962,0.0028360165,0.104854636
5455692111603,8.46160577,0.9944394,0.009299305,0.0028335268,0.10486005
5455712161287,8.481655454,0.9944395,0.009300812,0.0028412167,0.10486018
5455732210970,8.501705137,0.9944394,0.009296449,0.0028421932,0.10486025
5455752260653,8.52175482,0.99444187,0.009290757,0.002836528,0.10483907
5455772310336,8.541804503,0.9944424,0.009290653,0.0028372316,0.104833834
5455792360019,8.561854186,0.99444354,0.009289626,0.0028307713,0.10482326
5455812440219,8.581934386,0.9944441,0.009294522,0.0028180976,0.10481786
5455832489902,8.601984069,0.994444,0.009298459,0.0028279596,0.10481796
5455852539585,8.622033752,0.99444455,0.009296736,0.0028359822,0.10481277
5455872589267,8.642083434,0.9944445,0.009300276,0.002833258,0.104812786
5455892638950,8.662133117,0.99444497,0.00930092,0.0028383085,0.104807615
5455912719151,8.682213318,0.9944456,0.009297464,0.0028433236,0.104802474
5455932768834,8.702263001,0.99444556,0.009300335,0.002849962,0.1048026
5455952818516,8.722312683,0.99444604,0.00930451,0.002861191,0.10479738
5455972868199,8.742362366,0.99444646,0.009321544,0.0028522997,0.104791924
5455992917882,8.762412049,0.9944464,0.009343381,0.0026451636,0.10479528
5456012998082,8.782492249,0.9944464,0.009339465,0.002682333,0.10479564
5456033047765,8.802541932,0.9944475,0.009365164,0.002744343,0.10478014
5456053097448,8.822591615,0.9944483,0.009337521,0.0027769695,0.104775265
5456073147131,8.842641298,0.99444777,0.009327475,0.0027704905,0.10478054
5456093196815,8.862690982,0.99444807,0.009367427,0.002747907,0.10477488
5456113246498,8.882740665,0.9944487,0.009360946,0.0027357643,0.10476957
5456133296180,8.902790347,0.99444944,0.009343479,0.0027296168,0.10476433
5456153345863,8.92284003,0.99444926,0.009366807,0.0027382243,0.104764394
5456173395546,8.942889713,0.99446255,0.009190953,0.0031256194,0.10464305
5456193445229,8.962939396,0.994611,0.008990996,0.0068564685,0.10305894
5456213494912,8.982989079,0.994886,0.007904762,0.006948235,0.10045538
5456233575112,9.003069279,0.99510914,0.005972735,0.00985899,0.09810628
5456253624795,9.023118962,0.9954597,0.005304938,0.009646032,0.09454565
5456273674478,9.043168645,0.99574685,0.0071983607,0.006065132,0.09164996
5456293724161,9.063218328,0.9952664,0.012569817,0.00530778,0.09622175
5456313773843,9.08326801,0.99503344,0.01565732,-2.498923E-4,0.09830183
5456333854044,9.103348211,0.99489325,0.017967481,-0.0024794536,0.09929023
5456353903727,9.123397894,0.9948811,0.016569499,-0.003428851,0.09962576
5456373922893,9.14341706,0.99505436,0.012991935,-0.0036156268,0.098412745
5456393972576,9.163466743,0.9954259,0.008044595,-0.0034537755,0.09513568
5456414022259,9.183516426,0.99575204,0.003108864,-0.003250661,0.0919655
5456434102459,9.203596626,0.9958511,0.0034950662,-0.0032527607,0.09087198
5456454152142,9.223646309,0.99599004,0.004661099,-0.0041175457,0.08924875
5456474201825,9.243695992,0.9961579,0.0051294686,-0.0048918184,0.08728924
5456494251507,9.263745674,0.9962392,0.005740823,-0.008165695,0.08606957
5456514301190,9.283795357,0.99629325,0.006367142,-0.007999038,0.085412174
5456534350873,9.30384504,0.9963334,0.009937288,-0.009201136,0.08447733
5456554400556,9.323894723,0.9959304,0.013799483,-0.010277726,0.088468485
5456574450240,9.343944407,0.9953936,0.016698623,-0.011252083,0.093735434
5456594530439,9.364024606,0.99509364,0.018004114,-0.010967876,0.0966655
5456614580122,9.384074289,0.994973,0.017282765,-0.0076281345,0.09834612
5456634629805,9.404123972,0.99494606,0.016995972,-0.005759132,0.09879474
5456654679489,9.424173656,0.99477315,0.017749695,-0.008533854,0.10019248
5456674729171,9.444223338,0.9943107,0.018221913,-0.009589305,0.1045105
5456694778854,9.464273021,0.9939653,0.018501619,-0.007476077,0.10786456
5456714859054,9.484353221,0.994008,0.019439755,-0.0017749785,0.10755051
5456734908738,9.504402905,0.9941001,0.020809628,-6.6502456E-4,0.106450625
5456754958420,9.524452587,0.99409515,0.021017712,0.0013442411,0.10644859
5456775008103,9.54450227,0.9942148,0.020415213,0.009541047,0.10502078
5456795057786,9.564551953,0.9943775,0.020693835,0.01892296,0.102113806
5456815107469,9.584601636,0.99464625,0.02092647,0.02618203,0.09775224
5456835157152,9.604651319,0.994988,0.02089769,0.030444695,0.09292681
5456855206835,9.624701002,0.995159,0.02136498,0.034985814,0.08932107
5456875256518,9.644750685,0.99527836,0.023321755,0.037285957,0.08652768
5456895336718,9.664830885,0.99557143,0.025854604,0.03381839,0.08381824
5456915386401,9.684880568,0.99597967,0.026508814,0.027727885,0.08095088
5456935436083,9.70493025,0.9962995,0.025809797,0.025951605,0.077767044
5456955485767,9.724979934,0.99636346,0.02714543,0.030086638,0.07495151
5456975535450,9.745029617,0.9961418,0.030233696,0.038123116,0.0730353
5456995615649,9.765109816,0.99585205,0.03266097,0.04577383,0.07153204
5457015665332,9.785159499,0.9958285,0.033782527,0.048179973,0.06973592
5457035715015,9.805209182,0.99603117,0.03423071,0.04520289,0.06860669
5457055795216,9.825289383,0.99608415,0.036654714,0.044363875,0.06711713
5457075844898,9.845339065,0.99619347,0.04025319,0.04184843,0.0650159
5457095894581,9.865388748,0.9964511,0.043830026,0.033977494,0.06332215
5457115944264,9.885438431,0.99655217,0.046091482,0.029066,0.06256621
5457135993948,9.905488115,0.9966857,0.046760976,0.02375089,0.062185273
5457156043631,9.925537798,0.9966459,0.048100125,0.020590607,0.06292378
5457176093313,9.94558748,0.996456,0.051172778,0.019000186,0.063997075
5457196142996,9.965637163,0.99628645,0.05287722,0.01875886,0.06531044
5457216223197,9.985717364,0.9962551,0.054109506,0.0189392,0.06472466
5457236272880,10.005767047,0.9962068,0.056924976,0.019855678,0.062749356
5457256322562,10.025816729,0.99610937,0.061400473,0.020383408,0.059839696
5457276372245,10.045866412,0.9959078,0.06684847,0.020506138,0.057257827
5457296421928,10.065916095,0.9956314,0.07242768,0.020964736,0.055073332
5457316471611,10.085965778,0.99543643,0.076671496,0.022322273,0.052246824
5457336521294,10.106015461,0.9953784,0.08012431,0.021357313,0.048435487
5457356601494,10.126095661,0.9952848,0.08331656,0.02058773,0.04519541
5457376651177,10.146145344,0.9951808,0.086054,0.021352384,0.04188285
5457396731377,10.166225544,0.99501616,0.08843276,0.024489298,0.03902431
5457416781060,10.186275227,0.99472904,0.09113333,0.028200667,0.037597287
5457436861260,10.206355427,0.9943138,0.09474071,0.030801788,0.03762483
5457456910943,10.22640511,0.99388856,0.09797143,0.033221014,0.03851691
5457476960626,10.246454793,0.99359524,0.09951686,0.035587233,0.039981868
5457497010309,10.266504476,0.99350274,0.09926913,0.03528897,0.04304179
5457517059992,10.286554159,0.99354017,0.09728199,0.032929894,0.048268776
5457537109675,10.306603842,0.9937557,0.094247006,0.02912106,0.052145008
5457557159358,10.326653525,0.99413353,0.09054266,0.024627686,0.05379764
5457577209040,10.346703207,0.9944967,0.086446084,0.019913832,0.055738874
5457597289241,10.366783408,0.9946995,0.08331958,0.016277071,0.05801575
5457617338924,10.386833091,0.994836,0.08140366,0.01476299,0.05879556
5457637388606,10.406882773,0.99497426,0.07972455,0.015434028,0.058583554
5457657438289,10.426932456,0.9951799,0.07770622,0.015862115,0.057682794
5457677487972,10.446982139,0.99540114,0.07546443,0.016309148,0.056707237
5457697537656,10.467031823,0.9955903,0.07370226,0.015989743,0.055787355
5457717587339,10.487081506,0.9957315,0.072477885,0.015478055,0.055012338
5457737637022,10.507131189,0.9958072,0.071771026,0.01546759,0.054569475
5457757717221,10.527211388,0.99583465,0.07156257,0.016410975,0.054063585
5457777766905,10.547261072,0.99578,0.07201205,0.01937788,0.05348915
5457797816588,10.567310755,0.995615,0.07451899,0.021151435,0.05244339
5457817866270,10.587360437,0.9954124,0.07756526,0.02171064,0.051637862
5457837915953,10.60741012,0.9953271,0.079075046,0.021238117,0.0511875
5457857996154,10.627490321,0.99536735,0.078879766,0.020343482,0.051069047
5457878045837,10.647540004,0.99541295,0.078189954,0.019397046,0.05160628
5457898095519,10.667589686,0.9953808,0.07817116,0.0192542,0.05230344
5457918145202,10.687639369,0.9952928,0.07867566,0.019865014,0.05298902
5457938194885,10.707689052,0.9952106,0.07876546,0.020283002,0.054226983
5457958275085,10.727769252,0.9952004,0.07791051,0.020784294,0.055445872
5457978324768,10.747818935,0.99526054,0.07667101,0.02093235,0.056035914
5457998374451,10.767868618,0.99534106,0.075870134,0.020041935,0.056021113
5458018454651,10.787948818,0.9954609,0.07523797,0.01874038,0.055186678
5458038504334,10.807998501,0.9956487,0.07459824,0.017042836,0.0531835
5458058554017,10.828048184,0.9957991,0.07489562,0.016230233,0.050114166
5458078603700,10.848097867,0.99592805,0.075991504,0.015364533,0.046006404
5458098683899,10.868178066,0.99604625,0.07735112,0.015183208,0.04096787
5458118733583,10.88822775,0.9961679,0.07870796,0.015776988,0.034725554
5458138783266,10.908277433,0.9962471,0.08026078,0.016777538,0.027720507
5458158832949,10.928327116,0.9963565,0.081210434,0.016136996,0.020452544
5458178882632,10.948376799,0.9964988,0.08117403,0.015045828,0.013209112
5458198932315,10.968426482,0.9966844,0.07984416,0.014537727,0.005830781
5458219012515,10.988506682,0.9968404,0.078103594,0.014391772,-0.0013846845
5458239062198,11.008556365,0.996874,0.07717896,0.014440248,-0.00878578
5458259111881,11.028606048,0.99674904,0.07753059,0.013976406,-0.016884323
5458279161563,11.04865573,0.9964912,0.078551576,0.013260407,-0.025675444
5458299211246,11.068705413,0.9961581,0.07931358,0.012568349,-0.034932967
5458319260929,11.088755096,0.99575937,0.07963129,0.012468858,-0.044349264
5458339310613,11.10880478,0.9953092,0.07915006,0.012799376,-0.054138746
5458359360296,11.128854463,0.99484587,0.07748069,0.012631863,-0.06417993
5458379409979,11.148904146,0.99433124,0.07557441,0.011417736,-0.073916845
5458399459661,11.168953828,0.99368817,0.07425769,0.00988931,-0.08349769
5458419509344,11.189003511,0.99289644,0.07350394,0.008333396,-0.09319005
5458439559027,11.209053194,0.99200904,0.07314018,0.006380301,-0.102605686
5458459608710,11.229102877,0.99109566,0.07246512,0.005170875,-0.11158705
5458479658393,11.24915256,0.9901624,0.071824245,0.0049430826,-0.11998061
5458499708077,11.269202244,0.9891729,0.07186275,0.005287256,-0.127847
5458519757759,11.289251926,0.9882201,0.07155326,0.0060843835,-0.13514496
5458539807442,11.309301609,0.98738396,0.07066199,0.0069326307,-0.1415339
5458559857125,11.329351292,0.9866249,0.070065945,0.0073020067,-0.14699967
5458579906808,11.349400975,0.98608184,0.06939274,0.005779688,-0.1509766
5458599956491,11.369450658,0.9857078,0.069138154,0.005048074,-0.15354052
5458620006173,11.38950034,0.9853923,0.069182396,0.005307302,-0.15552415
5458640086374,11.409580541,0.9850527,0.06951207,0.007820128,-0.15741101
5458660136057,11.429630224,0.98490506,0.06907468,0.009244306,-0.15844655
5458680185740,11.449679907,0.98494416,0.06835302,0.009673308,-0.15849076
5458700235422,11.469729589,0.9849474,0.06828778,0.010380645,-0.15845414
5458720285106,11.489779273,0.98484254,0.06859827,0.011340788,-0.15890548
5458740334789,11.509828956,0.9847047,0.068673246,0.0119572515,-0.15968005
5458760414988,11.529909155,0.984556,0.0683319,0.012690558,-0.16068347
5458780464671,11.549958838,0.9843859,0.06781306,0.0132468175,-0.16189657
5458800514355,11.570008522,0.9842312,0.06709139,0.013700443,-0.16309564
5458820564038,11.590058205,0.9840761,0.065994635,0.014374311,-0.16441502
5458840613721,11.610107888,0.9839098,0.06476986,0.015130715,-0.16582346
5458860663404,11.630157571,0.9836681,0.064098954,0.015775321,-0.16745043
5458880743604,11.650237771,0.9833215,0.06401532,0.016568007,-0.16943015
5458900793287,11.670287454,0.98295164,0.06375308,0.017273664,-0.17159057
5458920842970,11.690337137,0.9825835,0.06260677,0.01814833,-0.17401385
5458940892652,11.710386819,0.98215747,0.061023496,0.01925282,-0.1768396
5458960942335,11.730436502,0.98170835,0.05989766,0.019614238,-0.17965637
5458981022536,11.750516703,0.98121953,0.059797507,0.019591533,-0.18234256
5459001072219,11.770566386,0.9806969,0.060023848,0.019787274,-0.18503867
5459021121901,11.790616068,0.9803148,0.059928868,0.019767977,-0.18708488
5459041171584,11.810665751,0.9800562,0.059345726,0.019832242,-0.18861201
5459061221267,11.830715434,0.97985554,0.058850635,0.019980468,-0.18979092
5459081301467,11.850795634,0.9797043,0.058729503,0.020271385,-0.1905764
5459101351150,11.870845317,0.97963864,0.058526374,0.020795062,-0.1909199
5459121400833,11.890895,0.9796569,0.05824136,0.021409309,-0.19084606
5459141450516,11.910944683,0.97974825,0.058571596,0.02190588,-0.19021855
5459161500199,11.930994366,0.9799879,0.05944357,0.022446442,-0.18864363
5459181580399,11.951074566,0.98052233,0.05976303,0.022305219,-0.18576021
5459201630082,11.971124249,0.98124474,0.05999176,0.022679692,-0.18178429
5459221679765,11.991173932,0.98206204,0.060132198,0.02347103,-0.1771656
5459241759965,12.011254132,0.9829292,0.059982844,0.025754087,-0.17201465
5459261809648,12.031303815,0.98390186,0.0596143,0.02791683,-0.16614477
5459281889847,12.051384014,0.98501617,0.059094,0.029652128,-0.15928534
5459301939531,12.071433698,0.9863493,0.05864804,0.029548299,-0.15100497
5459321989214,12.091483381,0.9877442,0.058773756,0.030302601,-0.14138171
5459342038897,12.111533064,0.98921657,0.05911235,0.031115834,-0.13033842
5459362088580,12.131582747,0.9906989,0.059425183,0.031863432,-0.11819158
5459382138263,12.15163243,0.9921375,0.059551094,0.032044586,-0.105309546
5459402218463,12.17171263,0.99351245,0.059579127,0.031906202,-0.091461994
5459422298662,12.191792829,0.9948265,0.05780178,0.032451168,-0.07698202
5459442348345,12.211842512,0.9959767,0.05558656,0.03234237,-0.062406387
5459462398029,12.231892196,0.996877,0.05364464,0.032311123,-0.04810808
5459482447712,12.251941879,0.9975308,0.05208872,0.03263605,-0.03397179
5459502497395,12.271991562,0.9979487,0.051115304,0.032807514,-0.020234583
5459522547078,12.292041245,0.9981873,0.05032933,0.03222337,-0.00713149
5459542596760,12.312090927,0.99828315,0.049105335,0.031479027,0.0053513297
5459562646443,12.33214061,0.99824303,0.047498476,0.030750774,0.017584288
5459582696126,12.352190293,0.9980541,0.045933772,0.029784318,0.029851414
5459602776326,12.372270493,0.99770755,0.044933952,0.028893355,0.041543532
5459622826009,12.392320176,0.99723846,0.044597134,0.028087579,0.0523224
5459642875692,12.412369859,0.9966883,0.044276543,0.0269486,0.062655866
5459662925375,12.432419542,0.9960389,0.043679032,0.025573244,0.07310768
5459682975058,12.452469225,0.9952613,0.043176495,0.024078911,0.083732165
5459703024742,12.472518909,0.9943855,0.043087147,0.023036543,0.09386403
5459723074424,12.492568591,0.9935181,0.042854026,0.02288881,0.10276942
5459743124107,12.512618274,0.99267894,0.042432994,0.023542326,0.1106067
5459763173790,12.532667957,0.9918,0.04235397,0.023043355,0.118354924
5459783223473,12.55271764,0.99079764,0.042381972,0.023170717,0.12643978
5459803273156,12.572767323,0.9896679,0.042384185,0.023262955,0.13498132
5459823353356,12.592847523,0.98836243,0.042038355,0.022392271,0.14446855
5459843403039,12.612897206,0.9868594,0.04156992,0.020501496,0.15479115
5459863452722,12.632946889,0.9851883,0.040977415,0.018125897,0.1655183
5459883502405,12.652996572,0.9835589,0.040184513,0.015989134,0.17533237
5459903552087,12.673046254,0.9820425,0.039401725,0.013719883,0.1839886
5459923601770,12.693095937,0.9805227,0.038950585,0.010833961,0.1921995
5459943651454,12.713145621,0.97894114,0.038788926,0.007142582,0.2002969
5459963701137,12.733195304,0.9772994,0.03870709,0.0040038438,0.20825876
5459983750820,12.753244987,0.9757289,0.03869025,0.0019847336,0.21552764
5460003831019,12.773325186,0.97429776,0.038941246,3.0844516E-4,0.22187248
5460023880703,12.79337487,0.9729169,0.039648335,-0.0015998128,0.22772408
5460043930386,12.813424553,0.97152585,0.040380627,-0.0031465043,0.23344593
5460063980069,12.833474236,0.9700926,0.040796597,-0.0041419864,0.23924667
5460084060268,12.853554435,0.9685566,0.040917635,-0.0050703245,0.24535364
5460104109952,12.873604119,0.9670315,0.040641114,-0.0056055696,0.25133044
5460124159635,12.893653802,0.96555805,0.039954662,-0.00580492,0.25703642
5460144209318,12.913703485,0.9641442,0.038809266,-0.0056261932,0.26246586
5460164259000,12.933753167,0.96275306,0.037827976,-0.0055866805,0.2676646
5460184308683,12.95380285,0.9613771,0.037381448,-0.0055053905,0.27262884
5460204358366,12.973852533,0.9599209,0.03733746,-0.0054619173,0.27771902
5460224438566,12.993932733,0.95835894,0.03728846,-0.0057179634,0.28306365
5460244488249,13.013982416,0.95667636,0.037018612,-0.006416269,0.28871918
5460264537932,13.034032099,0.9549191,0.036331426,-0.006883585,0.29455456
5460284587615,13.054081782,0.95311433,0.035596676,-0.0066871424,0.3004353
5460304637298,13.074131465,0.9511564,0.035422787,-0.0061217556,0.3066093
5460324686982,13.094181149,0.9489936,0.03543758,-0.005804058,0.31324387
5460344767181,13.114261348,0.9467859,0.03474077,-0.0056114513,0.3199346
5460364816864,13.134311031,0.944667,0.033039365,-0.005321063,0.32631966
5460384866547,13.154360714,0.9425899,0.031066712,-0.0051462385,0.3324648
5460404916229,13.174410396,0.94052935,0.02957224,-0.0053327354,0.3383809
5460424996430,13.194490597,0.9384873,0.028865471,-0.0062260833,0.34404886
5460445046113,13.21454028,0.93651825,0.028687354,-0.0073277224,0.3493664
5460465095795,13.234589962,0.9348352,0.028953545,-0.007942434,0.35381055
5460485175996,13.254670163,0.9334292,0.029419594,-0.008358316,0.3574557
5460505225679,13.274719846,0.93210137,0.02976859,-0.008860443,0.3608635
5460525275362,13.294769529,0.93086845,0.030100966,-0.00942094,0.36399066
5460545325044,13.314819211,0.92969036,0.030761227,-0.010064783,0.36691746
5460565374727,13.334868894,0.9286367,0.031300668,-0.0103902295,0.3695215
5460585424411,13.354918578,0.9278185,0.03146998,-0.010030078,0.37156713
5460605474094,13.374968261,0.9272201,0.03146734,-0.009263484,0.37307763
5460625523777,13.395017944,0.92661834,0.031849835,-0.008748173,0.3745498
5460645573460,13.415067627,0.9259392,0.032585233,-0.008104853,0.37617704
5460665623142,13.435117309,0.9253998,0.033311456,-0.007491927,0.37745145
5460685672825,13.455166992,0.92501616,0.03367281,-0.0073720096,0.37836093
5460705722508,13.475216675,0.92472947,0.033388577,-0.007567386,0.3790824
5460725772192,13.495266359,0.9244448,0.032881986,-0.0077724378,0.3798159
5460745821875,13.515316042,0.92414784,0.032820266,-0.0076799067,0.38054502
5460765871557,13.535365724,0.9239987,0.033112146,-0.0070717707,0.3808939
5460785951757,13.555445924,0.9238555,0.033520672,-0.006223241,0.3812201
5460806001441,13.575495608,0.92346025,0.034182716,-0.005988517,0.3821218
5460826051124,13.595545291,0.9228153,0.03472477,-0.006091449,0.38362622
5460846100806,13.615594973,0.9220297,0.035061985,-0.0062037567,0.3854783
5460866150489,13.635644656,0.9212861,0.03521866,-0.0059918053,0.38724124
5460886230689,13.655724856,0.92059803,0.03547057,-0.005904392,0.38885257
5460906280372,13.675774539,0.9203392,0.03545549,-0.005755995,0.3894682
5460926330055,13.695824222,0.92064536,0.035249494,-0.0056527494,0.38876447
5460946379738,13.715873905,0.92136496,0.035527743,-0.0055095116,0.3870325
5460966459938,13.735954105,0.922556,0.036520913,-0.0046525234,0.384103
5460986509621,13.756003788,0.92395985,0.038135193,-0.0033953306,0.38056853
5461006559304,13.776053471,0.9254763,0.040074497,-0.002647306,0.37667042
5461026639504,13.796133671,0.9272052,0.041448068,-0.0021547135,0.37224725
5461046689186,13.816183353,0.92895687,0.042107336,-0.0018023837,0.36778104
5461066738870,13.836233037,0.93063366,0.042527955,-0.0013014392,0.36347035
5461086819070,13.856313237,0.9321214,0.043472227,-7.610962E-4,0.35952663
5461106868752,13.876362919,0.9335037,0.04494968,-1.8818922E-4,0.35573903
5461126918435,13.896412602,0.934988,0.04642697,1.7147236E-4,0.3516277
5461146968119,13.916462286,0.93663365,0.04775147,1.0902462E-4,0.3470409
5461167017802,13.936511969,0.9385083,0.049330577,4.6654677E-5,0.34171456
5461187098001,13.956592168,0.9406121,0.051396582,5.331537E-4,0.3355696
5461207147684,13.976641851,0.9428573,0.053573757,0.0012971109,0.3288593
5461227197368,13.996691535,0.94514537,0.054944906,0.0017831816,0.32199118
5461247277567,14.016771734,0.947434,0.05581586,0.001962613,0.3150389
5461267327250,14.036821417,0.94974124,0.056935057,0.0022932172,0.3078063
5461287376933,14.0568711,0.9520573,0.05877109,0.0032335343,0.3002041
5461307426617,14.076920784,0.954468,0.060898807,0.0052089626,0.29198492
5461327476300,14.096970467,0.9569795,0.06300818,0.007804251,0.28312436
5461347525983,14.11702015,0.9594772,0.064750805,0.010799893,0.27403328
5461367606182,14.137100349,0.9618566,0.06673257,0.013984755,0.26492098
5461387655866,14.157150033,0.96394134,0.06933725,0.016449593,0.25639585
5461407705549,14.177199716,0.9658008,0.07160857,0.018502697,0.2485131
5461427846782,14.197340949,0.9675846,0.07289867,0.020269148,0.2409462
5461447896465,14.217390632,0.96936524,0.07340745,0.022065673,0.23335677
5461467946148,14.237440315,0.97112894,0.07390015,0.023653308,0.22558337
5461487995832,14.257489999,0.97284687,0.0748623,0.0249012,0.21758792
5461508076031,14.277570198,0.9744921,0.076241136,0.025797242,0.20949271
5461528125714,14.297619881,0.9760299,0.07759551,0.026432144,0.20160848
5461548175397,14.317669564,0.97755253,0.07836415,0.026708057,0.19374439
5461568225081,14.337719248,0.9790969,0.07845656,0.026664335,0.18574971
5461588274763,14.35776893,0.9806094,0.078605756,0.02623166,0.17759027
5461608354963,14.37784913,0.981981,0.07904911,0.02565904,0.16972391
5461628404646,14.397898813,0.98314893,0.079783216,0.025493992,0.16248961
5461648454328,14.417948495,0.9841781,0.08059924,0.026021367,0.15562828
5461668534529,14.438028696,0.9850759,0.08169608,0.026785599,0.1491101
5461688584212,14.458078379,0.9859029,0.0828876,0.027679302,0.14268497
5461708633895,14.478128062,0.9867227,0.083853096,0.028498163,0.13614279
5461728683577,14.498177744,0.9874642,0.08467056,0.02946235,0.12991263
5461748763778,14.518257945,0.9880565,0.0857175,0.030561987,0.12434999
5461768813461,14.538307628,0.98855996,0.08649981,0.031862624,0.11938118
5461788863143,14.55835731,0.98901504,0.086615115,0.033502113,0.11499892
5461808912826,14.578406993,0.9893996,0.0863489,0.034646958,0.11149856
5461828993027,14.598487194,0.98967266,0.08609608,0.033800773,0.10951272
5461849042709,14.618536876,0.98980975,0.08627279,0.032349195,0.10856893
5461869092392,14.638586559,0.98989725,0.086321995,0.030757446,0.10819427
5461889172593,14.65866676,0.98993546,0.08585149,0.030126432,0.108397
5461909222276,14.678716443,0.98996854,0.084831655,0.028672034,0.10928751
5461929271958,14.698766125,0.9899704,0.08369766,0.026708564,0.11063505
5461949352159,14.718846326,0.9899312,0.08294071,0.024695935,0.11201387
5461969401842,14.738896009,0.98985934,0.08242303,0.023104386,0.113362916
5461989451524,14.758945691,0.9898102,0.08158421,0.0223928,0.11453517
5462009531725,14.779025892,0.9897822,0.08058539,0.022420974,0.11547481
5462029581408,14.799075575,0.98976874,0.079687096,0.022608645,0.11617506
5462049631090,14.819125257,0.9897636,0.07895962,0.022008289,0.11682966
5462069680773,14.83917494,0.9897647,0.0784746,0.021104354,0.117312424
5462089730456,14.859224623,0.98982024,0.07818984,0.020684078,0.1171083
5462109810657,14.879304824,0.9899023,0.07811048,0.020883817,0.11643043
5462129860339,14.899354506,0.9899869,0.07833591,0.021034626,0.11552934
5462149910022,14.919404189,0.9900607,0.07868184,0.020937594,0.11467642
5462169990223,14.93948439,0.99012226,0.07880955,0.020974549,0.114049256
5462190039905,14.959534072,0.990157,0.07873387,0.021448322,0.11371071
5462210089588,14.979583755,0.99015176,0.078808695,0.022097938,0.113579735
5462230139271,14.999633438,0.99010843,0.079019964,0.022549527,0.11372195
5462250188954,15.019683121,0.9900649,0.0791549,0.022613062,0.113994345
5462270238637,15.039732804,0.9900259,0.079160415,0.022424443,0.114366
5462290318837,15.059813004,0.9899868,0.07905144,0.022415712,0.11478154
5462310368520,15.079862687,0.98987067,0.07921812,0.022286972,0.11568921
5462330418203,15.09991237,0.9897369,0.07939718,0.021857264,0.1167873
5462350467886,15.119962053,0.98961866,0.079256654,0.021098578,0.11801843
5462370548086,15.140042253,0.98952335,0.07867942,0.020618483,0.119281195
5462390597769,15.160091936,0.9894215,0.07813008,0.020246943,0.12054485
5462410647452,15.180141619,0.9892786,0.07796952,0.01955748,0.121926844
5462430697135,15.200191302,0.9891101,0.07790487,0.01853844,0.1234844
5462450777335,15.220271502,0.98888975,0.07759234,0.017958838,0.12551509
5462470827018,15.240321185,0.9886017,0.07677107,0.017486362,0.12832448
5462490876701,15.260370868,0.9882061,0.075644895,0.016366359,0.1321313
5462510926383,15.28042055,0.9877309,0.0744386,0.01517302,0.13644198
5462530976066,15.300470233,0.98727465,0.07317128,0.014418409,0.14045215
5462551025749,15.320519916,0.9869188,0.07193239,0.014079928,0.14359207
5462571075433,15.3405696,0.9866681,0.071049854,0.013938508,0.1457523
5462591125116,15.360619283,0.9864925,0.07069365,0.01384835,0.14711665
5462611174799,15.380668966,0.9863967,0.07054638,0.01364093,0.14784735
5462631224481,15.400718648,0.98636985,0.07035172,0.013398785,0.1481407
5462651274164,15.420768331,0.9863696,0.070048325,0.012929493,0.1483278
5462671323847,15.440818014,0.9863753,0.06984389,0.012357204,0.14843504
5462691373530,15.460867697,0.9864358,0.06982644,0.01193437,0.14807531
5462711423213,15.48091738,0.98654217,0.06985359,0.0113010425,0.14740191
5462731472897,15.500967064,0.98667336,0.06946799,0.010352352,0.14677492
5462751553096,15.521047263,0.9868346,0.0687539,0.009587001,0.14607735
5462771602779,15.541096946,0.98704195,0.06822246,0.0096739065,0.14491497
5462791652462,15.561146629,0.987235,0.06824997,0.010237111,0.14354177
5462811702145,15.581196312,0.98737544,0.068378404,0.010520555,0.14249006
5462831751828,15.601245995,0.9874941,0.06798898,0.011169102,0.14180307
5462851801511,15.621295678,0.9876078,0.06742208,0.0127969785,0.14114347
5462871851194,15.641345361,0.9877018,0.06702074,0.015009354,0.14045677
5462891931394,15.661425561,0.98773235,0.06686926,0.016567197,0.14013854
5462911981077,15.681475244,0.9877294,0.06671681,0.016746737,0.14021114
5462932030760,15.701524927,0.9877219,0.066534355,0.016050603,0.14043196
5462952080443,15.72157461,0.9877042,0.066428065,0.0150722815,0.14071465
5462972130126,15.741624293,0.987696,0.066322565,0.014035951,0.14092891
5462992179808,15.761673975,0.98767775,0.06612475,0.013058031,0.1412439
5463012260009,15.781754176,0.9876617,0.06583984,0.012363149,0.14155112
5463032309692,15.801803859,0.9876557,0.06562789,0.011740474,0.14174424
5463052359375,15.821853542,0.9876498,0.065643325,0.011161372,0.14182474
5463072409057,15.841903224,0.98763746,0.065656684,0.011147467,0.14190567
5463092458740,15.861952907,0.98765516,0.06545168,0.011965584,0.14181073
5463112538941,15.882033108,0.98770195,0.06500974,0.013167637,0.14158182
5463132588623,15.90208279,0.98774177,0.06439554,0.014323476,0.14147247
5463152638306,15.922132473,0.98771286,0.063878044,0.014919377,0.1418459
5463172687989,15.942182156,0.98760426,0.0636253,0.015330563,0.14266984
5463192768189,15.962262356,0.9874935,0.06339463,0.015876489,0.14347701
5463212817872,15.982312039,0.98737925,0.06316082,0.016102113,0.14433944
5463232867555,16.002361722,0.987243,0.06282118,0.015900569,0.14543714
5463252917238,16.022411405,0.98708135,0.062311426,0.015221385,0.14681973
5463272966921,16.042461088,0.9869,0.061824378,0.014463729,0.14831407
5463293047121,16.062541288,0.9867347,0.061585445,0.013932034,0.14955941
5463313096804,16.082590971,0.9865806,0.061538205,0.0136569375,0.15061677
5463333146487,16.102640654,0.98644435,0.06150902,0.013461789,0.15153556
5463353196170,16.122690337,0.9862924,0.061530557,0.013082805,0.15254557
5463373276370,16.142770537,0.9861277,0.06172043,0.012435,0.15358484
5463393326053,16.16282022,0.986001,0.061940886,0.01189982,0.15434934
5463413375736,16.182869903,0.9859112,0.06188825,0.011789091,0.15495197
5463433425419,16.202919586,0.98582155,0.061581124,0.012239265,0.15560806
5463453475102,16.222969269,0.98568314,0.06146558,0.012962161,0.15646929
5463473524785,16.243018952,0.98553336,0.061544664,0.013468214,0.15733732
5463493604985,16.263099152,0.98537993,0.0615983,0.013787462,0.15824705
5463513654667,16.283148834,0.9852466,0.061358437,0.013897584,0.15915775
5463533704351,16.303198518,0.985139,0.060798466,0.014172481,0.1600119
5463553754034,16.323248201,0.9850514,0.060044244,0.014615758,0.16079438
5463573803717,16.343297884,0.984924,0.0593761,0.015176593,0.16176812
5463593853400,16.363347567,0.9846993,0.05880731,0.015488815,0.16330646
5463613903083,16.38339725,0.98432297,0.0583221,0.015128758,0.16576526
5463633952765,16.403446932,0.9838838,0.057802375,0.015060074,0.16853769
5463654002448,16.423496615,0.98345166,0.05711947,0.015407494,0.1712394
5463674052131,16.443546298,0.98300385,0.056218565,0.01611689,0.17402075
5463694101815,16.463595982,0.9824527,0.05554673,0.016477928,0.17728502
5463714151498,16.483645665,0.9818721,0.05511625,0.01654559,0.18059826
5463734201181,16.503695348,0.98139626,0.054640368,0.016763864,0.18328875
5463754250863,16.52374503,0.98101926,0.054282,0.01693515,0.18538602
5463774300546,16.543794713,0.98072314,0.054051705,0.017195536,0.18698914
5463794350229,16.563844396,0.98050076,0.053874705,0.017667446,0.18815845
5463814399912,16.583894079,0.9803161,0.053770754,0.01812306,0.18910514
5463834480112,16.603974279,0.9801456,0.053578574,0.018107409,0.19004223
5463854529795,16.624023962,0.9800188,0.0531731,0.017711421,0.19084568
5463874579478,16.644073645,0.9799637,0.05272167,0.017011633,0.1913168
5463894629161,16.664123328,0.9799561,0.052477896,0.016365882,0.1914794
5463914678845,16.684173012,0.97995543,0.052517377,0.01596331,0.19150597
5463934759044,16.704253211,0.9798934,0.052657958,0.01564344,0.19181088
5463954808727,16.724302894,0.97975224,0.05271406,0.015267723,0.1925458
5463974858410,16.744352577,0.9795505,0.052716807,0.014918784,0.19359566
5463994908093,16.76440226,0.9793438,0.052624624,0.01441453,0.19470158
5464014957776,16.784451943,0.9791004,0.052577853,0.013933107,0.19596906
5464035007459,16.804501626,0.97881174,0.052854143,0.013593902,0.19735616
5464055087659,16.824581826,0.97843856,0.05343875,0.013109231,0.19907422
5464075137342,16.844631509,0.9780122,0.053957343,0.012376856,0.20106591
5464095187025,16.864681192,0.9776509,0.054005962,0.011580337,0.20284978
5464115236708,16.884730875,0.9774096,0.05364779,0.0106863305,0.20415276
5464135286391,16.904780558,0.9773039,0.05298748,0.009957719,0.20486669
5464155336074,16.924830241,0.97734094,0.052314408,0.0100973705,0.20485601
5464175416274,16.944910441,0.9775049,0.05185885,0.010883024,0.20414788
5464195465957,16.964960124,0.97775716,0.051611204,0.011846251,0.20294595
5464215515640,16.985009807,0.9781046,0.051359855,0.013045727,0.20125474
5464235565323,17.00505949,0.97852236,0.050964836,0.014167427,0.19923848
5464255615005,17.025109172,0.97898954,0.05027416,0.015023293,0.19704433
5464275664688,17.045158855,0.9794844,0.049618036,0.015352766,0.1947121
5464295714371,17.065208538,0.9800098,0.04934738,0.01524172,0.192129
5464315794571,17.085288738,0.9805916,0.049694497,0.014642386,0.1890932
5464335844254,17.105338421,0.98123914,0.050360482,0.012861666,0.18565606
5464355893937,17.125388104,0.9818756,0.05093589,0.010384627,0.18225822
5464375943620,17.145437787,0.9825096,0.050880127,0.0079745175,0.17894818
5464395993304,17.165487471,0.9831713,0.05017636,0.006604864,0.17553629
5464416073503,17.18556767,0.9838514,0.049504504,0.0063279597,0.17188884
5464436123186,17.205617353,0.98456585,0.049304966,0.0069143395,0.16778393
5464456264421,17.225758588,0.9853121,0.049554165,0.007873369,0.1632256
5464476314103,17.24580827,0.98607177,0.04964155,0.008965297,0.15848611
5464496363786,17.265857953,0.9868526,0.049313623,0.0104329,0.15356202
5464516413469,17.285907636,0.98765236,0.04913538,0.011861829,0.1482829
5464536493669,17.305987836,0.98845124,0.049053207,0.013191464,0.14277197
5464556543352,17.326037519,0.9893884,0.0483136,0.0159328,0.1360979
5464576593035,17.346087202,0.9903943,0.04708628,0.020564623,0.12837148
5464596642718,17.366136885,0.9913036,0.04624254,0.02629092,0.12036381
5464616692401,17.386186568,0.99201655,0.04638138,0.03243164,0.11269497
5464636742084,17.406236251,0.99257606,0.046554536,0.038039707,0.105727986
5464656822284,17.426316451,0.9930812,0.04542857,0.042190492,0.09973017
5464676871967,17.446366134,0.99360305,0.042841125,0.04393619,0.09480068
5464696921650,17.466415817,0.99408734,0.039838564,0.043620974,0.09110668
5464716971332,17.486465499,0.99453956,0.037409153,0.041029636,0.08836415
5464737021015,17.506515182,0.9949773,0.03589412,0.03630379,0.0861042
5464757101216,17.526595383,0.99540013,0.034772586,0.030221865,0.08400115
5464777150899,17.546645066,0.99576473,0.033338647,0.023973979,0.082258865
5464797200581,17.566694748,0.9960352,0.031634647,0.019465284,0.08083439
5464817250264,17.586744431,0.9962541,0.030133894,0.01558163,0.07954301
5464837299948,17.606794115,0.9963951,0.028838892,0.012229071,0.07883956
5464857349631,17.626843798,0.9964839,0.027275424,0.009600505,0.07863739
5464877399314,17.646893481,0.99653184,0.02563133,0.006904851,0.07886593
5464897448997,17.666943164,0.9965487,0.024154525,0.00490836,0.079266615
5464917498679,17.686992846,0.9965353,0.023086682,0.003877481,0.07980947
5464937548362,17.707042529,0.9964923,0.022537323,0.004030955,0.08049167
5464957598045,17.727092212,0.9964478,0.022173746,0.0051626475,0.081077784
5464977647729,17.747141896,0.9964215,0.02164106,0.0063014994,0.08146347
5464997697412,17.767191579,0.9963946,0.020939926,0.007210773,0.08189883
5465017777611,17.787271778,0.99634856,0.020318668,0.007732987,0.08256565
5465037827294,17.807321461,0.9963004,0.01984655,0.00760781,0.08327028
5465057876978,17.827371145,0.9962856,0.019472003,0.007282059,0.08356341
5465077926661,17.847420828,0.9963268,0.018773166,0.006909999,0.083264165
5465097976343,17.86747051,0.9963837,0.017548509,0.0065354975,0.082878046
5465118026026,17.887520193,0.9964234,0.016243571,0.0058989143,0.08271554
5465138075709,17.907569876,0.99643624,0.015331213,0.0050217956,0.08279303
5465158125392,17.927619559,0.9964293,0.014760834,0.0034611584,0.08305916
5465178175075,17.947669242,0.9963894,0.0141001195,0.0016498868,0.08370522
5465198224758,17.967718925,0.9963143,0.013473701,5.143458E-5,0.08471258
5465218304958,17.987799125,0.99623954,0.012849921,-5.8642926E-4,0.085682556
5465238354641,18.007848808,0.996188,0.012166132,-8.843476E-4,0.08637606
5465258404324,18.027898491,0.99612457,0.011301865,-0.0015627813,0.0872113
5465278454006,18.047948173,0.99604064,0.010327465,-0.002064548,0.08827368
5465298503690,18.067997857,0.99596715,0.009643525,-0.001684723,0.08918379
5465318553373,18.08804754,0.9959039,0.009180727,-0.0011343027,0.08994445
5465338633572,18.108127739,0.9958033,0.009025231,-0.0020350697,0.09105126
5465358683255,18.128177422,0.99564177,0.009667227,-0.0047081513,0.09263837
5465378732939,18.148227106,0.9954191,0.0115487045,-0.008194538,0.09455307
5465398782622,18.168276789,0.99513686,0.014524768,-0.012768193,0.096586086
5465418862821,18.188356988,0.9948013,0.018276295,-0.017575705,0.09862795
5465438912504,18.208406671,0.99442416,0.022452727,-0.021441612,0.10078069
5465459023221,18.228517388,0.9940354,0.027017206,-0.02382132,0.10293845
5465479072905,18.248567072,0.9936164,0.031977315,-0.024976803,0.10526148
5465499122588,18.268616755,0.9932742,0.037045304,-0.024807133,0.106857486
5465519172271,18.288666438,0.9931101,0.04122431,-0.021216312,0.10762361
5465539221953,18.30871612,0.9931072,0.043817405,-0.0118133705,0.108068146
5465559271636,18.328765803,0.9931511,0.043311566,-6.6863303E-4,0.10851107
5465579351837,18.348846004,0.9932251,0.0386854,0.01026132,0.10909645
5465599401520,18.368895687,0.9933336,0.030045105,0.022723716,0.108946964
5465619451202,18.388945369,0.9937788,0.018694548,0.021334741,0.10769926
5465639500885,18.408995052,0.994312,0.008438345,0.01756163,0.10470953
5465659550568,18.429044735,0.99467164,0.0055087125,0.0117544355,0.10227431
5465679630768,18.449124935,0.9949355,0.007993944,0.0054066284,0.10005214
5465699680451,18.469174618,0.99504143,0.013113429,0.0028489355,0.09855247
5465719730134,18.489224301,0.9950438,0.020028576,0.0016922607,0.09738457
5465739779817,18.509273984,0.99496055,0.026423788,0.0016391567,0.09670984
5465759829500,18.529323667,0.9948876,0.029713036,0.002168206,0.096494794
5465779879183,18.54937335,0.994954,0.029403461,0.0030434828,0.09587955
5465799928866,18.569423033,0.9951614,0.026012897,0.003331963,0.094689496
5465820009066,18.589503233,0.9953192,0.019524677,0.0069121183,0.09439676
5465840058749,18.609552916,0.9952836,0.009984838,0.014999345,0.095319726
5465860108431,18.629602598,0.99509233,-0.0014088011,0.021848489,0.09649929
5465880158115,18.649652282,0.9948933,-0.009395332,0.023011547,0.09782342
5465900207798,18.669701965,0.9946888,-0.008748493,0.025665727,0.09929222
5465920257481,18.689751648,0.99464184,-0.0056720725,0.025882564,0.09992785
5465940307164,18.709801331,0.99459326,-0.0035364688,0.028281022,0.09985991
5465960356847,18.729851014,0.99421597,-0.0040066177,0.037991676,0.100375995
5465980406529,18.749900696,0.9933429,-0.0071480903,0.052086443,0.102498464
5466000456212,18.769950379,0.992525,-0.011676979,0.061659615,0.10467146
5466020505896,18.790000063,0.9922703,-0.013793148,0.06166379,0.106803775
5466040555579,18.810049746,0.99222267,-0.01132793,0.06069031,0.10808541
5466060605262,18.830099429,0.99233407,-0.010063432,0.057615373,0.10886789
5466080654945,18.850149112,0.9925775,-0.01301364,0.052919064,0.10872072
5466100704627,18.870198794,0.9926407,-0.019968852,0.05233421,0.107363336
5466120754310,18.890248477,0.9935065,-0.012933687,0.04611117,0.1032058
5466140834511,18.910328678,0.99423283,-0.0011260129,0.04576424,0.09698222
5466160884193,18.93037836,0.99493754,0.0050306628,0.047076225,0.08864469
5466180933876,18.950428043,0.9954348,0.0041431026,0.047372464,0.08275407
5466200983559,18.970477726,0.99539286,0.0016588533,0.04709647,0.083500616
5466221033242,18.990527409,0.99527746,9.626769E-4,0.047488168,0.08465652
5466241082925,19.010577092,0.9953233,0.0012407308,0.047632486,0.084031336
5466261163125,19.030657292,0.99534357,8.98339E-4,0.047352236,0.08395388
5466281212808,19.050706975,0.99532604,-8.34005E-4,0.046077006,0.08486645
5466301262491,19.070756658,0.9953136,-0.0041872053,0.04251421,0.08675208
5466321312174,19.090806341,0.9954468,-0.0078407815,0.030858302,0.08984404
5466341361858,19.110856025,0.9955762,-0.0072351457,0.0043291743,0.0935795
5466361411540,19.130905707,0.9952945,-0.0011758612,0.008946226,0.096475005
5466381461223,19.15095539,0.99490625,0.0036291617,0.013143944,0.099878505
5466401510906,19.171005073,0.99451154,0.004192058,0.015075099,0.1034511
5466421591106,19.191085273,0.9941997,0.0017067635,0.012403798,0.10681863
5466441640789,19.211134956,0.99388134,-3.469492E-4,0.012058108,0.10979285
5466461659954,19.231154121,0.99363583,-3.601492E-4,0.012166527,0.1119813
5466481770671,19.251264838,0.9935063,0.0016706499,0.011213693,0.11321105
5466501850872,19.271345039,0.9934461,0.004021996,0.012168941,0.113581605
5466521900555,19.291394722,0.993454,0.0043399488,0.012206972,0.11349673
5466541950238,19.311444405,0.9934558,0.002841987,0.011283339,0.11362241
5466561999920,19.331494087,0.99345535,0.002033955,0.010798213,0.113691755
5466582080121,19.351574288,0.9934657,0.0030141675,0.010089728,0.113644116
5466602129804,19.371623971,0.9934636,0.004049024,0.01033551,0.11360922
5466622179486,19.391673653,0.9934674,0.004311059,0.009661013,0.11362518
5466642229169,19.411723336,0.99346846,0.0039435187,0.008949342,0.11368736
5466662309370,19.431803537,0.9934689,0.0040018964,0.008529169,0.11371365
5466682359052,19.451853219,0.9934749,0.0045005777,0.008280899,0.11366195
5466702408735,19.471902902,0.9934748,0.004762025,0.007965143,0.11367464
5466722458418,19.491952585,0.9934752,0.0047635646,0.00762669,0.11369399
5466742508101,19.512002268,0.99347585,0.0049286094,0.0073833303,0.11369659
5466762557785,19.532051952,0.99347854,0.0053259176,0.0069046384,0.11368532
5466782637984,19.552132151,0.9934792,0.005531604,0.006497889,0.11369496
5466802687667,19.572181834,0.9934815,0.0056658695,0.0062277396,0.113681786
5466822737350,19.592231517,0.9934825,0.0058010523,0.006018053,0.113678604
5466842787034,19.612281201,0.9934817,0.0059077926,0.005792571,0.11369134
5466862836717,19.632330884,0.9934832,0.0060391044,0.005565585,0.11368259
5466882886399,19.652380566,0.9934852,0.0061409767,0.0053687375,0.11366848
5466902936082,19.672430249,0.9934848,0.0062273648,0.005211358,0.113675356
5466922985765,19.692479932,0.9934847,0.0063246274,0.0050944597,0.113676324
5466943035448,19.712529615,0.9934855,0.00633109,0.005043973,0.113671646
5466963085131,19.732579298,0.99348855,0.0063036364,0.004932772,0.11365136
5466983165331,19.752659498,0.9934915,0.006376806,0.004812901,0.11362596
5467003215014,19.772709181,0.9934929,0.006456765,0.004661752,0.11361558
5467023264697,19.792758864,0.99349225,0.006483613,0.0045037693,0.11362614
5467043314380,19.812808547,0.99349284,0.006522465,0.0044311085,0.11362152
5467063364063,19.83285823,0.9934793,0.008863269,-0.0014490555,0.11365917
5467083413746,19.852907913,0.99354255,0.010274912,-0.0053641424,0.112866566
5467103463429,19.872957596,0.9940499,0.010485859,-0.0064092926,0.108230196
5467123513112,19.893007279,0.99476546,0.010629211,-0.0072039305,0.10137484
5467143562795,19.913056962,0.9956363,0.010380703,-0.007238744,0.09245739
5467163612478,19.933106645,0.9965104,0.009814738,-0.006867129,0.08260529
5467183662160,19.953156327,0.99718666,0.009105274,-0.0063947686,0.074128225
5467203711843,19.97320601,0.9976219,0.008615095,-0.005773689,0.06814032
5467223761527,19.993255694,0.9978435,0.008968943,-0.005171661,0.06481673
5467243811210,20.013305377,0.9978778,0.009916277,-0.0046958374,0.06418417
5467263891409,20.033385576,0.9978153,0.010257201,-0.0039281854,0.06514716
5467283941092,20.053435259,0.9977193,0.009547776,-0.0033667563,0.06673683
5467303990776,20.073484943,0.9975813,0.009019406,-0.002947726,0.068858206
5467324040459,20.093534626,0.99740595,0.008906263,-0.0015310199,0.071412146
5467344090142,20.113584309,0.9972058,0.009324592,-7.56004E-4,0.074116014
5467364139824,20.133633991,0.9970039,0.0094984,-4.1961935E-4,0.07676487
5467384220025,20.153714192,0.9968171,0.009186638,-3.168859E-4,0.07919104
5467404269708,20.173763875,0.99664533,0.0089106895,-2.9168124E-4,0.08135483
5467424319390,20.193813557,0.9964911,0.00902161,-2.9831438E-4,0.08321183
5467444369073,20.21386324,0.996364,0.009279898,-2.898494E-4,0.08469122
5467464418756,20.233912923,0.99627864,0.009259345,-3.3449059E-4,0.08569195
5467484468439,20.253962606,0.99623555,0.009040323,-4.1929507E-4,0.086213514
5467504518122,20.274012289,0.99622494,0.009043865,-4.0018623E-4,0.08633608
5467524567805,20.294061972,0.9962259,0.0091962665,-3.496916E-4,0.08630982
5467544648005,20.314142172,0.99622816,0.009151356,-3.6138837E-4,0.08628835
5467564697688,20.334191855,0.99622774,0.009049235,-3.605857E-4,0.086304076
5467584747371,20.354241538,0.99622756,0.009121011,-3.1843883E-4,0.0862986
5467604797053,20.37429122,0.99622893,0.009125052,-2.7716465E-4,0.08628232
5467624846737,20.394340904,0.99622935,0.009031444,-2.4169296E-4,0.086287186
5467644896420,20.414390587,0.99622965,0.0090548955,-1.7637764E-4,0.08628152
5467664946103,20.43444027,0.99623036,0.009081878,-1.1890111E-4,0.086270615
5467684995786,20.454489953,0.996232,0.009011778,-8.522619E-5,0.08625938
5467705075986,20.474570153,0.99623287,0.008970986,-2.0697458E-5,0.086253606
5467725125669,20.494619836,0.99623233,0.008979312,5.5681085E-5,0.086258575
5467745175352,20.514669519,0.9962325,0.008964958,1.0009033E-4,0.086258106
5467765225035,20.534719202,0.9962337,0.008938881,1.4294761E-4,0.08624719
5467785274717,20.554768884,0.9962344,0.008915153,1.8951105E-4,0.086241655
5467805385434,20.574879601,0.99623495,0.008907294,2.4258016E-4,0.08623598
5467825435117,20.594929284,0.9962358,0.008870909,2.9523871E-4,0.086230285
5467845484800,20.614978967,0.9962376,0.00882784,3.3876963E-4,0.086213954
5467865534484,20.635028651,0.99623716,0.008815643,3.9256347E-4,0.08621908
5467885584167,20.655078334,0.9962379,0.008840024,4.4207883E-4,0.08620821
5467905633850,20.675128017,0.9962388,0.008828299,4.8234125E-4,0.08619722
5467925714049,20.695208216,0.99623966,0.008799097,5.091675E-4,0.08619158
5467945763733,20.7152579,0.99623907,0.0088134045,5.430146E-4,0.08619662
5467965813416,20.735307583,0.99623924,0.0087973885,5.656615E-4,0.086196326
5467985863099,20.755357266,0.9962399,0.008767038,6.051675E-4,0.08619085
5468005912781,20.775406948,0.996241,0.008754094,6.458559E-4,0.086180046
5468025992982,20.795487149,0.9962403,0.008767575,6.7585584E-4,0.0861851
5468046042665,20.815536832,0.99624133,0.008761388,6.9713005E-4,0.08617426
5468066092347,20.835586514,0.99624157,0.008736266,7.113626E-4,0.08617404
5468086142030,20.855636197,0.9962421,0.008731433,7.330849E-4,0.08616844
5468106191713,20.87568588,0.9962425,0.008735807,7.753119E-4,0.08616303
5468126241396,20.895735563,0.99624354,0.008714274,7.984251E-4,0.08615218
5468146291079,20.915785246,0.9962436,0.008706828,8.2475453E-4,0.08615214
5468166340762,20.935834929,0.99624354,0.008715572,8.4265455E-4,0.08615198
5468186390445,20.955884612,0.99624443,0.008719524,8.73595E-4,0.08614126
5468206440128,20.975934295,0.9962459,0.008709283,9.0506725E-4,0.08612512
5468226489811,20.995983978,0.9962465,0.008693546,9.3986216E-4,0.08611968
5468246539494,21.016033661,0.99624676,0.008707413,9.699692E-4,0.086114176
5468266619694,21.036113861,0.99624693,0.008690217,9.90147E-4,0.08611409
5468286669377,21.056163544,0.9962476,0.008664686,0.0010068312,0.086108714
5468306719060,21.076213227,0.99624854,0.00865976,0.0010286378,0.08609798
5468326768743,21.09626291,0.99624807,0.00866334,0.0010523389,0.08610318
5468346818426,21.116312593,0.9962477,0.00865126,0.00106517,0.08610839
5468366868108,21.136362275,0.99624825,0.008646241,0.0010739507,0.086102895
5468386917791,21.156411958,0.9962481,0.008644231,0.0010858844,0.086102776
5468406967475,21.176461642,0.9962482,0.008645295,0.0011109392,0.08610275
5468427017158,21.196511325,0.9962481,0.008651748,0.0011233634,0.08610263
5468447097357,21.216591524,0.99624866,0.008643504,0.0011367337,0.08609719
5468467147040,21.236641207,0.9962477,0.008649946,0.0011461063,0.08610775
5468487257757,21.256751924,0.9962481,0.008645027,0.0011470104,0.08610232
5468507307441,21.276801608,0.99624914,0.00863188,0.0011581979,0.086091556
5468527357124,21.296851291,0.9962487,0.008630323,0.0011745015,0.08609673
5468547406807,21.316900974,0.99624825,0.008627362,0.0012005025,0.086102
5468567487006,21.336981173,0.9962492,0.008627712,0.0012111503,0.086091265
5468587536690,21.357030857,0.9962497,0.00862712,0.0012146987,0.08608581
5468607586373,21.37708054,0.99625057,0.008634908,0.0012200413,0.08607503
5468627636055,21.397130222,0.99625045,0.008641979,0.0012389458,0.086075045
5468647685738,21.417179905,0.9962504,0.008647638,0.0012539665,0.08607499
5468667735421,21.437229588,0.9962512,0.008657837,0.0012674555,0.086064324
5468687785104,21.457279271,0.99625254,0.008663819,0.0012805075,0.086048335
5468707834787,21.477328954,0.9962525,0.008658528,0.0012932904,0.086048305
5468727914987,21.497409154,0.99625343,0.00865868,0.0013050468,0.08603765
5468747964670,21.517458837,0.9962538,0.008668051,0.0013160533,0.08603231
5468768014353,21.53750852,0.99625367,0.008682721,0.0013223675,0.08603224
5468788033519,21.557527686,0.9962532,0.0086880475,0.0013227805,0.086037554
5468808052685,21.577546852,0.9962532,0.008687302,0.0012863983,0.08603721
5468828132885,21.597627052,0.9962525,0.008664843,0.0012852779,0.08604784
5468848182568,21.617676735,0.99625206,0.0086713005,0.0012613425,0.086052895
5468868232250,21.637726417,0.99625224,0.0086558005,0.0012417743,0.08605258
5468888281934,21.657776101,0.99625236,0.008639863,0.0012603116,0.0860526
5468908331617,21.677825784,0.9962522,0.008657446,0.00127841,0.086052515
5468928381300,21.697875467,0.99625206,0.008671975,0.0012960476,0.08605244
5468948430983,21.71792515,0.99625355,0.00865863,0.0012972357,0.08603638
5468968480666,21.737974833,0.996254,0.008660437,0.0012943477,0.08603098
5468988530348,21.758024515,0.9962534,0.008681722,0.001296139,0.08603627
5469008580031,21.778074198,0.9962529,0.008681275,0.0013097929,0.086041555
5469028629714,21.798123881,0.9962545,0.008650518,0.0013275102,0.086025536
5469048679398,21.818173565,0.99625456,0.008651424,0.0013475919,0.086025536
5469068729081,21.838223248,0.9962539,0.008671755,0.0013540512,0.08603078
5469088778764,21.858272931,0.99625427,0.008680863,0.0013524638,0.08602538
5469108828446,21.878322613,0.9962544,0.008666513,0.0013592261,0.08602532
5469128878129,21.898372296,0.9962543,0.008668207,0.0013909687,0.0860254
5469148927812,21.918421979,0.99625474,0.008674646,0.0014104226,0.08602008
5469168977495,21.938471662,0.9962557,0.008656665,0.0014259928,0.08600948
5469189027179,21.958521346,0.99625623,0.008651464,0.0014290896,0.08600412
5469209076861,21.978571028,0.9962562,0.008662867,0.0014327775,0.08600398
5469229126544,21.998620711,0.996257,0.008670479,0.0014411877,0.08599325
5469249176227,22.018670394,0.9962571,0.008656587,0.0014455424,0.085993215
5469269225910,22.038720077,0.99625754,0.008656278,0.0014604318,0.08598793
5469289275593,22.05876976,0.9962574,0.008662602,0.0014586536,0.085987836
5469309325276,22.078819443,0.99625814,0.008640519,0.0014695087,0.08598251
5469329374958,22.098869125,0.99625826,0.008624349,0.0014813179,0.08598249
5469349424642,22.118918809,0.99625826,0.008619957,0.0014983024,0.08598251
5469369474325,22.138968492,0.99625856,0.008634211,0.0015104375,0.08597716
5469389554525,22.159048692,0.99625957,0.008622146,0.0015032559,0.0859664
5469409604207,22.179098374,0.9962606,0.008617401,0.0014910349,0.08595557
5469429653891,22.199148058,0.99626106,0.008617083,0.0014930756,0.08595013
5469449703574,22.219197741,0.9962606,0.008620751,0.0015053055,0.08595542
5469469753257,22.239247424,0.9962611,0.008614386,0.0015099786,0.085950054
5469489833456,22.259327623,0.99626154,0.008624499,0.0015107583,0.08594462
5469509883140,22.279377307,0.99626184,0.008639414,0.0015225654,0.085939266
5469529902305,22.299396472,0.99626225,0.00864118,0.001531071,0.08593396
5469549982506,22.319476673,0.99626225,0.008642515,0.0015353033,0.085933916
5469570032189,22.339526356,0.99626225,0.008649549,0.0015302163,0.08593376
5469590081871,22.359576038,0.9962631,0.008652975,0.0015428219,0.08592319
5469610131554,22.379625721,0.996263,0.008656748,0.0015569943,0.08592323
5469630181237,22.399675404,0.9962631,0.008646114,0.0015733923,0.08592326
5469650230921,22.419725088,0.9962626,0.008644005,0.0015893901,0.085928604
5469670280604,22.439774771,0.9962631,0.008644348,0.0015902459,0.08592317
5469690330287,22.459824454,0.9962631,0.008646525,0.0015900225,0.08592307
5469710379969,22.479874136,0.9962635,0.00864904,0.0015911832,0.08591764
5469730429652,22.499923819,0.9962639,0.008649271,0.0016120843,0.0859124
5469750479335,22.519973502,0.9962643,0.008649905,0.0016266876,0.08590712
5469770529018,22.540023185,0.99626476,0.008649598,0.0016249785,0.085901715
5469790609218,22.560103385,0.99626476,0.008644791,0.0016406002,0.08590175
5469810658901,22.580153068,0.9962651,0.008661509,0.0016465697,0.08589635
5469830708584,22.600202751,0.99626553,0.008665163,0.001661313,0.085891075
5469850758267,22.620252434,0.9962664,0.008669373,0.001663339,0.085880406
5469870838467,22.640332634,0.9962664,0.008667802,0.0016601682,0.08588033
5469890888150,22.660382317,0.9962668,0.008676513,0.0016793169,0.085875094
5469910937833,22.680432,0.9962677,0.008671909,0.0016881942,0.085864455
5469930987516,22.700481683,0.99626774,0.008659044,0.0017032292,0.08586451
5469951037198,22.720531365,0.99626774,0.008666487,0.0017019231,0.08586441
5469971086882,22.740581049,0.99626815,0.00867217,0.0017118908,0.08585908
5469991136565,22.760630732,0.99626994,0.008673691,0.0017224557,0.08583779
5470011186248,22.780680415,0.99627,0.008664969,0.0017332634,0.085837774
5470031235931,22.800730098,0.99627,0.008665314,0.0017387812,0.08583771
5470051285614,22.820779781,0.99627006,0.008656576,0.0017501384,0.085837685
5470071335296,22.840829463,0.9962711,0.008641983,0.001755165,0.085826986
5470091384979,22.860879146,0.9962715,0.008636902,0.0017591247,0.08582161
5470111434663,22.88092883,0.9962724,0.008642741,0.0017573433,0.08581088
5470131484346,22.900978513,0.99627286,0.008642436,0.0017649898,0.08580557
5470151534029,22.921028196,0.99627244,0.008639884,0.0017574609,0.08581076
5470171583712,22.941077879,0.9962725,0.00863546,0.0017600463,0.08581073
5470191663911,22.961158078,0.996273,0.008643271,0.0017629361,0.08580537
5470211713595,22.981207762,0.99627334,0.008639618,0.0017695095,0.08580007
5470231763278,23.001257445,0.99627286,0.008649351,0.0017810191,0.08580547
5470251812960,23.021307127,0.9962735,0.008674555,0.0017993613,0.08579492
5470271862643,23.04135681,0.9962742,0.008677386,0.001870685,0.08578504
5470291912326,23.061406493,0.99626356,0.008904777,0.0051567066,0.08575055
5470311962009,23.081456176,0.99605614,0.007275107,0.0065135336,0.08818674
5470332011692,23.101505859,0.9953745,0.004633641,0.0068436847,0.09571533
5470352061376,23.121555543,0.9941411,0.00490239,0.0055489144,0.10783701
5470372111058,23.141605225,0.99226123,0.008947289,0.0071569816,0.1236385
5470392191258,23.161685425,0.9898038,0.013583244,0.009422461,0.14147533
5470412240941,23.181735108,0.9870097,0.012228081,0.00908975,0.15993708
5470432290624,23.201784791,0.98433656,0.008042588,0.006818163,0.17598435
5470452340307,23.221834474,0.9820523,0.0062357164,0.0058545447,0.18841487
5470472389990,23.241884157,0.98016447,0.0071879453,0.0053560426,0.19798343
5470492439673,23.26193384,0.97876805,0.009927551,0.0049628,0.20467055
5470512489356,23.281983523,0.97815824,0.011737858,0.0051111807,0.20746697
5470532539039,23.302033206,0.97836703,0.010657157,0.0042468584,0.20655866
5470552588721,23.322082888,0.9788189,0.008296578,0.0030852074,0.20453672
5470572638404,23.342132571,0.97932416,0.007660823,0.0028554027,0.20213191
5470592688088,23.362182255,0.9797819,0.009131969,0.003040528,0.19983704
5470612737771,23.382231938,0.98011404,0.0108654685,0.003741694,0.19810213
5470632817970,23.402312137,0.98027194,0.010434065,0.0035846345,0.19734512
5470652867653,23.42236182,0.9802916,0.009466988,0.0035678458,0.19729641
5470672917337,23.442411504,0.9804725,0.009811353,0.0023497422,0.19639751
5470692936502,23.462430669,0.98082507,0.012733953,-0.0011365853,0.19447044
5470712986185,23.482480352,0.9814119,0.013420606,-0.0016834948,0.19143617
5470733035869,23.502530036,0.9822577,0.01279614,-0.0022863215,0.18708493
5470753085552,23.522579719,0.98372704,0.01318365,-0.0021277654,0.17917296
5470773135235,23.542629402,0.98583025,0.013746354,-0.002090107,0.16716877
5470793184917,23.562679084,0.9881712,0.013503234,-0.0019985666,0.15274592
5470813234600,23.582728767,0.99028695,0.012541956,-0.0017833991,0.13846119
5470833314801,23.602808968,0.99186444,0.011356366,-0.0015241201,0.12678249
5470853364483,23.62285865,0.9929516,0.011312107,-0.0012317873,0.11797347
5470873383649,23.642877816,0.99380463,0.011879542,-8.385623E-4,0.11050129
5470893433333,23.6629275,0.99455005,0.011430625,-3.6493412E-4,0.10363175
5470913513532,23.683007699,0.99515986,0.01026697,-4.846215E-5,0.097731754
5470933563215,23.703057382,0.9955116,0.010132261,6.772945E-4,0.094093665
5470953612898,23.723107065,0.99561816,0.010804669,0.0014377089,0.092874266
5470973662581,23.743156748,0.9955596,0.010809497,0.001994785,0.093490176
5470993712264,23.763206431,0.9954506,0.010179592,0.002398045,0.094703354
5471013761947,23.783256114,0.9952141,0.010221561,0.0029363162,0.0971383
5471033811630,23.803305797,0.9947981,0.010691279,0.0034014778,0.10124611
5471053861313,23.82335548,0.9942544,0.01047804,0.0033646247,0.10647548
5471073910996,23.843405163,0.9937141,0.009914813,0.003127528,0.11146475
5471093960678,23.863454845,0.9932329,0.010018991,0.0030712215,0.115665905
5471114010362,23.883504529,0.9928258,0.010395527,0.002912722,0.11908203
5471134060045,23.903554212,0.99253,0.010184248,0.002391869,0.12155179
5471154109728,23.923603895,0.9923513,0.009874818,0.002184528,0.12303168
5471174159411,23.943653578,0.99227816,0.010003046,0.002166059,0.12360933
5471194209094,23.963703261,0.9922934,0.010194142,0.0021229354,0.1234726
5471214258776,23.983752943,0.99229515,0.01004238,0.0019866761,0.12347291
5471234308459,24.003802626,0.9922974,0.009973116,0.001884409,0.123462096
5471254358142,24.023852309,0.99229896,0.010089059,0.0018662324,0.12344079
5471274407826,24.043901993,0.9922999,0.010060199,0.0018373601,0.12343558
5471294457509,24.063951676,0.9922991,0.010018962,0.001815518,0.123446316
5471314507191,24.084001358,0.99230057,0.010063402,0.0018364259,0.123430476
5471334556874,24.104051041,0.9923003,0.010030348,0.0018349413,0.12343579
5471354606557,24.124100724,0.992299,0.0100257285,0.0018288767,0.12344634
5471374656240,24.144150407,0.9923004,0.010084641,0.0018309895,0.12343028
5471394705923,24.16420009,0.99230146,0.010042111,0.0018284632,0.12342513
5471414786123,24.18428029,0.99230224,0.010020839,0.0018479053,0.12342008
5471434835806,24.204329973,0.9923013,0.010055742,0.0018663765,0.1234254
5471454885489,24.224379656,0.99230146,0.010030908,0.001864649,0.12342541
5471474935172,24.244429339,0.9923025,0.01000049,0.0018476074,0.123420075
5471494984856,24.264479023,0.9923043,0.010007858,0.0018572541,0.12340429
5471515095573,24.28458974,0.99230427,0.010013816,0.0018526146,0.12340422
5471535175772,24.304669939,0.99230623,0.010013125,0.00185809,0.12338833
5471555225455,24.324719622,0.99230766,0.010001832,0.001862184,0.123377785
5471575275138,24.344769305,0.9923077,0.009993312,0.0018706752,0.12337792
5471595324821,24.364818988,0.99230784,0.009980399,0.001869844,0.12337804
5471615374504,24.384868671,0.9923093,0.009970464,0.001867408,0.123367466
5471635424187,24.404918354,0.9923105,0.009979567,0.0018653751,0.123356774
5471655473870,24.424968037,0.9923104,0.009988012,0.0018596518,0.12335659
5471675554070,24.445048237,0.99231035,0.0099939685,0.0018550119,0.12335653
5471695603753,24.46509792,0.9923111,0.009984665,0.0018431329,0.123351134
5471715653436,24.485147603,0.99231267,0.0099740485,0.0018419225,0.12334057
5471735703119,24.505197286,0.992312,0.009970867,0.0018501162,0.12334588
5471755752802,24.525246969,0.9923126,0.009973135,0.0018532892,0.12334054
5471775802484,24.545296651,0.9923126,0.009973135,0.0018532892,0.12334054
5471795882685,24.565376852,0.9923125,0.009982415,0.0018652034,0.12334063
5471815932368,24.585426535,0.99231315,0.00997446,0.0018858234,0.12333555
5471836012568,24.605506735,0.9923139,0.009965049,0.0018850808,0.12333026
5471856062251,24.625556418,0.992314,0.009956891,0.0018705521,0.123330064
5471876111934,24.645606101,0.9923148,0.009948269,0.001877745,0.12332481
5471896161617,24.665655784,0.9923161,0.009933624,0.0018834682,0.12331424
5471916241816,24.685735983,0.9923162,0.00992518,0.0018934484,0.12331434
5471936291500,24.705785667,0.99231696,0.009921253,0.0019025073,0.12330917
5471956341183,24.72583535,0.99231684,0.009928963,0.0019126205,0.12330927
5471976390865,24.745885032,0.9923181,0.009922327,0.0019226649,0.12329877
5471996440548,24.765934715,0.99231696,0.009916391,0.0019271994,0.12330945
5472016490231,24.785984398,0.9923168,0.009922347,0.0019225591,0.123309374
5472036570432,24.806064599,0.99231696,0.009915282,0.0019279959,0.12330944
5472056620114,24.826114281,0.99231845,0.009887284,0.0019298993,0.12329891
5472076669797,24.846163964,0.99231964,0.009897373,0.0019455929,0.12328847
5472096719480,24.866213647,0.99231976,0.009881401,0.0019392415,0.12328875
5472116799680,24.886293847,0.99232274,0.009735686,9.361858E-4,0.12328838
5472136849363,24.90634353,0.9924158,0.01085736,-6.946052E-4,0.122444615
5472156899046,24.926393213,0.99282455,0.013060428,-5.629309E-4,0.11886328
5472176948729,24.946442896,0.99358654,0.0140692005,-6.911858E-4,0.1121934
5472196998412,24.966492579,0.9944983,0.014796863,-5.1579956E-4,0.10370122
5472217048095,24.986542262,0.9952351,0.014395742,-1.0036461E-4,0.096435584
5472237128295,25.006622462,0.9955818,0.012985141,2.1714225E-4,0.0929965
5472257177978,25.026672145,0.99550205,0.012633807,5.770695E-4,0.09389256
5472277227661,25.046721828,0.99519765,0.0119376825,7.594999E-4,0.09715288
5472297277343,25.06677151,0.9947441,0.010433476,5.760877E-4,0.10185833
5472317327027,25.086821194,0.99418163,0.009634229,5.4801157E-4,0.10728379
5472337376710,25.106870877,0.9935868,0.0099846,6.686185E-4,0.11262825
5472357426393,25.12692056,0.99310774,0.009997112,5.50145E-4,0.11677732
5472377476076,25.146970243,0.992785,0.009651669,3.2885655E-4,0.11951869
5472397525759,25.167019926,0.9926273,0.009626068,1.9491816E-4,0.120823376
5472417575441,25.187069608,0.9926223,0.0096117435,1.2366973E-4,0.12086627
5472437655642,25.207149809,0.9926265,0.009580698,-2.1273458E-5,0.1208344
5472457705325,25.227199492,0.99266636,0.009955352,-1.8868783E-4,0.12047613
5472477755007,25.247249174,0.9927879,0.010393746,-3.6494417E-5,0.11943289
5472497804690,25.267298857,0.9929124,0.010217372,4.2935913E-5,0.11840914
5472517823857,25.287318024,0.9929459,0.00946196,-1.0056483E-4,0.1181904
5472537873539,25.307367706,0.99295425,0.009117775,-1.791817E-4,0.11814747
5472557923222,25.327417389,0.99296755,0.009752412,-2.123365E-6,0.11798423
5472577972905,25.347467072,0.99303734,0.010186206,1.0101853E-4,0.11735927
5472598053105,25.367547272,0.9931701,0.01001964,1.04603634E-4,0.11624538
5472618102788,25.387596955,0.99327826,0.009686607,2.2304454E-4,0.11534549
5472638152471,25.407646638,0.9932915,0.009411287,2.2606867E-4,0.11525395
5472658202154,25.427696321,0.9932953,0.009466364,3.1823586E-4,0.11521662
5472678251837,25.447746004,0.9932953,0.009836308,4.4495828E-4,0.115184665
5472698301521,25.467795688,0.9932949,0.0100020915,5.1844266E-4,0.11517376
5472718381720,25.487875887,0.99329156,0.009788811,5.013092E-4,0.1152211
5472738431403,25.50792557,0.9932911,0.009397993,4.162299E-4,0.1152576
5472758481086,25.527975253,0.99328643,0.009380917,4.492905E-4,0.11530002
5472778530768,25.548024935,0.99328244,0.009833756,5.952457E-4,0.115295105
5472798580452,25.568074619,0.99328303,0.009713059,5.876527E-4,0.11530042
5472818660652,25.588154819,0.9932848,0.009463429,5.354386E-4,0.11530545
5472838710335,25.608204502,0.9932848,0.009656015,5.974314E-4,0.11528954
5472858760017,25.628254184,0.99328387,0.009753545,6.356297E-4,0.115289524
5472878809701,25.648303868,0.99328434,0.009579115,5.9756334E-4,0.11530001
5472898859384,25.668353551,0.993284,0.009560322,6.13895E-4,0.11530547
5472918939583,25.68843375,0.99328166,0.009655819,6.761093E-4,0.115316205
5472938989266,25.708483433,0.99328405,0.009729757,8.2013814E-4,0.11528892
5472959038950,25.728533117,0.99329484,0.009575983,8.33001E-4,0.11520863
5472979088633,25.7485828,0.99329877,0.009292197,7.948681E-4,0.11519776
5472999168832,25.768662999,0.9932896,0.009297674,8.0334576E-4,0.11527735
5473019218515,25.788712682,0.9932871,0.009540874,9.135651E-4,0.115277566
5473039268199,25.808762366,0.9932971,0.009325585,9.617502E-4,0.11520827
5473059317882,25.828812049,0.9933005,0.009101233,9.362205E-4,0.11519758
5473079367565,25.848861732,0.99329144,0.009406843,0.0010290183,0.11525036
5473099417247,25.868911414,0.9932905,0.00963477,0.0010732553,0.11523964
5473119497448,25.888991615,0.9932986,0.009313363,9.992262E-4,0.1151971
5473139547131,25.909041298,0.9932978,0.0090599265,9.561279E-4,0.11522353
5473159596814,25.929090981,0.9932908,0.00940949,0.001089122,0.11525532
5473179646496,25.949140663,0.99329305,0.009610382,0.0011475281,0.115218125
5473199726697,25.969220864,0.9933004,0.009249214,0.0010529524,0.11518621
5473219776380,25.989270547,0.99329746,0.009157949,0.0010372512,0.1152181
5473239826062,26.009320229,0.99329054,0.009551492,0.001151532,0.11524463
5473259875745,26.029369912,0.9932938,0.009537416,0.0011678503,0.11521817
5473279925428,26.049419595,0.9933,0.009144552,0.0010867766,0.11519683
5473300005628,26.069499795,0.9932958,0.0092109805,0.0011047067,0.1152286
5473320055311,26.089549478,0.9932927,0.009517148,0.0011711692,0.11522844
5473340104994,26.109599161,0.99329877,0.009404287,0.001136544,0.11518584
5473360154677,26.129648844,0.9933026,0.00919844,0.0010944753,0.115169935
5473380204360,26.149698527,0.99329823,0.009396097,0.0011630674,0.115191095
5473400254043,26.16974821,0.99329656,0.0095715355,0.0012055709,0.11519098
5473420303725,26.189797892,0.9933002,0.00932789,0.0011364449,0.11518015
5473440353409,26.209847576,0.9933021,0.009194546,0.001103665,0.11517476
5473460433609,26.229927776,0.99329877,0.009413589,0.0011703621,0.11518543
5473480483291,26.249977458,0.9933011,0.009490352,0.0012039561,0.11515895
5473500532974,26.270027141,0.9933045,0.009320661,0.0011662511,0.115143
5473520582658,26.290076825,0.9933039,0.009330881,0.0011790972,0.1151483
5473540632341,26.310126508,0.99330026,0.0094436845,0.001214221,0.11516946
5473560712540,26.330206707,0.99330235,0.009350907,0.0012069801,0.11515883
5473580762223,26.35025639,0.9933075,0.009209648,0.0012076525,0.11512688
5473600811907,26.370306074,0.9933074,0.009282159,0.0012459875,0.1151214
5473620861590,26.390355757,0.99330616,0.009396714,0.0012987211,0.11512117
5473640911273,26.41040544,0.9933097,0.0093553,0.0012929534,0.11509452
5473660991472,26.430485639,0.9933108,0.009302654,0.0012916088,0.11508924
5473681041156,26.450535323,0.9933084,0.009361872,0.0013128045,0.11510516
5473701090839,26.470585006,0.99330974,0.009341169,0.0013267029,0.11509462
5473721140522,26.490634689,0.99331117,0.009260785,0.0013190166,0.11508919
5473741220721,26.510714888,0.9933122,0.00928215,0.0013352482,0.11507843
5473761270405,26.530764572,0.9933116,0.009341451,0.0013591453,0.11507829
5473781320088,26.550814255,0.9933129,0.009336747,0.0013533267,0.115067646
5473801430805,26.570924972,0.99331456,0.009290227,0.001337289,0.11505701
5473821480487,26.590974654,0.9933138,0.009303451,0.0013738817,0.11506248
5473841530170,26.611024337,0.9933135,0.00932654,0.0013943672,0.11506227
5473861579853,26.63107402,0.99331695,0.009287546,0.0014032217,0.11503557
5473881629536,26.651123703,0.99331844,0.009257353,0.001410804,0.115025
5473901679219,26.671173386,0.9933174,0.009300158,0.0014289073,0.11503032
5473921728902,26.691223069,0.99331784,0.009319654,0.00144577,0.11502505
5473941778585,26.711272752,0.9933188,0.009283891,0.0014419656,0.1150197
5473961828268,26.731322435,0.9933193,0.009293174,0.0014632287,0.1150144
5473981908468,26.751402635,0.9933204,0.009307862,0.0014724606,0.1150037
5474001958150,26.771452317,0.99332124,0.009289336,0.0014665629,0.11499835
5474022038351,26.791532518,0.9933226,0.009270191,0.0014658879,0.114987746
5474042088034,26.811582201,0.9933231,0.009278207,0.0014860875,0.11498254
5474062137717,26.831631884,0.99332404,0.009302408,0.0015054324,0.114971936
5474082187399,26.851681566,0.9933241,0.009297105,0.0015048186,0.11497194
5474102237083,26.87173125,0.99332494,0.009270577,0.0015017987,0.11496668
5474122286766,26.891780933,0.99332553,0.0092852535,0.0015142979,0.11496147
5474142336449,26.911830616,0.9933253,0.00929586,0.0015155254,0.11496144
5474162386132,26.931880299,0.9933272,0.009289408,0.0015182848,0.1149455
5474182435815,26.951929982,0.9933284,0.009303949,0.0015247574,0.11493485
5474202485497,26.971979664,0.99332863,0.009334405,0.0015324382,0.11492945
5474222535180,26.992029347,0.9933299,0.009327858,0.0015425321,0.114918955
5474242584864,27.012079031,0.9933319,0.009306003,0.001545531,0.11490312
5474262634547,27.032128714,0.9933319,0.009306143,0.0015588164,0.11490319
5474282714746,27.052208913,0.99333185,0.009320299,0.0015698927,0.11490319
5474302764429,27.072258596,0.9933329,0.009322251,0.001578508,0.11489257
5474322814112,27.092308279,0.9933343,0.009315704,0.0015886022,0.11488209
5474342833278,27.112327445,0.9933342,0.009315089,0.001593906,0.11488213
5474362882961,27.132377128,0.9933343,0.009313866,0.001604498,0.11488224
5474382932644,27.152426811,0.99333495,0.009291413,0.0016127018,0.11487705
5474402982328,27.172476495,0.9933364,0.009281402,0.0016062706,0.11486643
5474423032010,27.192526177,0.9933355,0.009303853,0.0015980662,0.114871584
5474443081693,27.21257586,0.9933366,0.009313217,0.0016100002,0.114861056
5474463131376,27.232625543,0.9933372,0.009319126,0.0016053593,0.11485569
5474483181059,27.252675226,0.9933372,0.009319739,0.0016000553,0.11485564
5474503230742,27.272724909,0.99333656,0.009327025,0.0016046073,0.1148609
5474523280425,27.292774592,0.9933371,0.00933177,0.0016157067,0.11485559
5474543330108,27.312824275,0.9933378,0.009320174,0.0016174413,0.11485027
5474563379791,27.332873958,0.99333775,0.009324865,0.0016233586,0.11485031
5474583429474,27.352923641,0.9933388,0.00934076,0.0016252979,0.11483968
5474603479157,27.372973324,0.99334,0.0093460465,0.0016260109,0.11482906
5474623528840,27.393023007,0.9933406,0.009347404,0.0016280201,0.11482374
5474643578523,27.41307269,0.9933417,0.009363197,0.0016404387,0.11481312
5474663628205,27.433122372,0.9933416,0.009367888,0.0016463557,0.114813164
5474683677888,27.453172055,0.9933436,0.009357253,0.0016452797,0.11479727
5474703727572,27.473221739,0.99334353,0.0093513355,0.0016499705,0.11479732
5474723777255,27.493271422,0.99334407,0.009362548,0.0016459423,0.114791945
5474743826938,27.513321105,0.9933459,0.009365163,0.0016454939,0.11477594
5474763876621,27.533370788,0.9933472,0.00935515,0.0016390642,0.1147653
5474783926303,27.55342047,0.99334794,0.00935453,0.0016444183,0.11476006
5474803975986,27.573470153,0.9933479,0.009348612,0.0016491094,0.11476011
5474823995152,27.593489319,0.99334913,0.009340545,0.0016555957,0.11474954
5474844075353,27.61356952,0.99334973,0.009347423,0.0016617669,0.11474418
5474864094518,27.633588685,0.9933502,0.009355926,0.0016721588,0.11473886
5474884144201,27.653638368,0.9933508,0.009355917,0.0016722087,0.11473356
5474904193885,27.673688052,0.99335164,0.009345913,0.0016657296,0.11472824
5474924274084,27.693768251,0.9933515,0.0093453,0.0016710333,0.11472828
5474944323767,27.713817934,0.99335086,0.009350007,0.001676909,0.11473363
5474964342933,27.7338371,0.9933515,0.009355304,0.0016775718,0.11472833
5474984392616,27.753886783,0.99335146,0.009352901,0.001675548,0.114728235
5475004442299,27.773936466,0.99335134,0.009362284,0.0016873813,0.11472832
5475024491982,27.793986149,0.9933512,0.00937228,0.0016939106,0.11472835
5475044541665,27.814035832,0.99335384,0.009366328,0.0016988025,0.1147072
5475064591348,27.834085515,0.9933544,0.009360401,0.0017035438,0.11470194
5475084641031,27.854135198,0.9933544,0.009360401,0.0017035438,0.11470194
5475104690714,27.874184881,0.99335504,0.009355088,0.0017029813,0.114696644
5475124740397,27.894234564,0.99335575,0.0093544675,0.0017083356,0.11469141
5475144790080,27.914284247,0.993357,0.009348533,0.0017131271,0.11468086
5475164839763,27.93433393,0.99335814,0.009352595,0.0017244475,0.114670336
5475184889445,27.954383612,0.99335873,0.009351361,0.0017351056,0.114665136
5475204969646,27.974463813,0.9933593,0.009351351,0.0017351556,0.11465983
5475225019329,27.994513496,0.9933599,0.009349503,0.0017511421,0.11465467
5475245069011,28.014563178,0.9933599,0.009348891,0.0017564462,0.11465472
5475265118694,28.034612861,0.99336046,0.009353573,0.0017624124,0.11464946
5475285168378,28.054662545,0.9933604,0.009358265,0.0017683286,0.1146495
5475305218061,28.074712228,0.99336225,0.009357625,0.0017737827,0.114633635
5475325298260,28.094792427,0.9933622,0.009362929,0.0017743948,0.11463363
5475345347943,28.11484211,0.9933616,0.009362325,0.0017796569,0.11463899
5475365397626,28.134891793,0.99336153,0.009356407,0.0017843486,0.11463904
5475385447310,28.154941477,0.9933628,0.009356389,0.0017844485,0.11462843
5475405496993,28.17499116,0.993364,0.009362286,0.0017798564,0.11461776
5475425546675,28.195040842,0.9933642,0.009345762,0.0017833248,0.114617854
5475445596358,28.215090525,0.99336463,0.009350444,0.0017892906,0.11461258
5475465646041,28.235140208,0.99336404,0.009349842,0.0017945447,0.11461794
5475485726242,28.255220409,0.9933647,0.0093445275,0.0017939827,0.11461264
5475505775924,28.275270091,0.99336463,0.009347395,0.0018008326,0.11461267
5475525825607,28.295319774,0.99336463,0.009347012,0.001820208,0.11461278
5475545535623,28.31502979,0.9933647,0.009339145,0.0018276402,0.11461281
5475565585305,28.335079472,0.9933647,0.009338544,0.0018328545,0.11461286
5475585634988,28.355129155,0.9933659,0.009343216,0.0018388703,0.1146023
5475605684671,28.375178838,0.9933659,0.009342604,0.0018441745,0.11460235
5475625734354,28.395228521,0.99336696,0.009347276,0.0018501901,0.11459177
5475645814554,28.415308721,0.9933682,0.009340729,0.0018602863,0.11458127
5475665864237,28.435358404,0.9933688,0.009340106,0.0018656485,0.11457601
5475685913920,28.455408087,0.99336886,0.009338271,0.0018815612,0.114576176
5475705963603,28.47545777,0.9933702,0.009327031,0.0018857415,0.11456564
5475726013286,28.495507453,0.9933708,0.0093270205,0.0018857913,0.114560336
5475746062968,28.515557135,0.9933719,0.009336385,0.0018977226,0.11454981
5475766112652,28.535606819,0.9933719,0.009336385,0.0018977226,0.11454981
5475786162335,28.555656502,0.9933725,0.009336987,0.0018924683,0.11454445
5475806212018,28.575706185,0.99337375,0.009331662,0.0018919564,0.11453386
5475826261701,28.595755868,0.9933743,0.009336956,0.0018926178,0.114528544
5475846311384,28.615805551,0.9933754,0.009341016,0.0019039374,0.114518024
5475866361066,28.635855233,0.99337554,0.009341629,0.0018986334,0.11451799
5475886380233,28.6558744,0.9933761,0.009334479,0.0019139842,0.11451283
5475906429915,28.675924082,0.99337673,0.009327952,0.0019240157,0.114507645
5475926479598,28.695973765,0.99337685,0.009310816,0.0019327898,0.11450778
5475946529281,28.716023448,0.9933769,0.009299597,0.0019368712,0.11450785
5475966578964,28.736073131,0.9933763,0.009298996,0.0019421257,0.1145132
5475986628648,28.756122815,0.99337745,0.009302741,0.0019455939,0.11450267
5476006678331,28.776172498,0.99337703,0.009290092,0.001958565,0.114508286
5476026728013,28.79622218,0.993378,0.009303997,0.0020012343,0.11449817
5476046777696,28.816271863,0.9933784,0.009309996,0.0020295104,0.1144932
5476066827379,28.836321546,0.9933766,0.009305336,0.0020234457,0.114509076
5476086877062,28.856371229,0.9933761,0.009309626,0.0019862666,0.11451403
5476106896228,28.876390395,0.9933768,0.009307622,0.001956972,0.1145085
5476126976428,28.896470595,0.9933799,0.009301561,0.001955832,0.11448203
5476147026111,28.916520278,0.99338275,0.009315609,0.0019738541,0.11445559
5476167075794,28.936569961,0.9933837,0.009343175,0.0019797182,0.11444492
5476187125477,28.956619644,0.99338317,0.009336472,0.0019769664,0.11445027
5476207175160,28.976669327,0.99338347,0.009304035,0.001978604,0.11445038
5476227224843,28.99671901,0.99338305,0.009282319,0.0019803988,0.114455774
5476247274526,29.016768693,0.9933835,0.00928691,0.002005784,0.1144506
5476267324208,29.036818375,0.9933848,0.009290293,0.0019994916,0.114439845
5476287404409,29.056898576,0.993386,0.009297409,0.0019842891,0.11442908
5476307454092,29.076948259,0.99338645,0.009310003,0.0019950755,0.11442387
5476327503774,29.096997941,0.993387,0.009314408,0.0020092535,0.11441874
5476347553457,29.117047624,0.99338764,0.009301956,0.002023994,0.114413604
5476367603141,29.137097308,0.99338716,0.009277001,0.0020216662,0.11441893
5476387652824,29.157146991,0.9933871,0.009288563,0.0020242995,0.11441889
5476407702507,29.177196674,0.9933871,0.009295507,0.0020306138,0.11441893
5476427752190,29.197246357,0.9933883,0.009290791,0.0020247977,0.11440827
5476447801872,29.217296039,0.9933895,0.0092995465,0.0020420316,0.1143978
5476467851555,29.237345722,0.99338984,0.009322023,0.0020538513,0.11439258
5476487901238,29.257395405,0.99338996,0.0093054995,0.002057323,0.11439266
5476507950921,29.277445088,0.99339014,0.009283672,0.002060184,0.11439276
5476528000605,29.297494772,0.9933901,0.009294892,0.0020561013,0.11439268
5476548050288,29.317544455,0.99338925,0.009315396,0.0020600292,0.11439793
5476568130487,29.337624654,0.9933906,0.009305784,0.002043993,0.11438718
5476588180170,29.357674337,0.99339134,0.009297136,0.002037029,0.114381835
5476608229854,29.377724021,0.99339056,0.00931306,0.0020388116,0.11438711
5476628279536,29.397773703,0.99339175,0.0093147075,0.0020470216,0.114376515
5476648329219,29.417823386,0.9933943,0.009293527,0.0020499253,0.11435526
5476668378902,29.437873069,0.99339503,0.009293517,0.002049975,0.11434997
5476688428585,29.457922752,0.99339527,0.009319416,0.0020583817,0.11434464
5476708478268,29.477972435,0.99339646,0.009325309,0.0020537875,0.11433397
5476728527951,29.498022118,0.9933985,0.009314668,0.002052716,0.114318095
5476748577634,29.518071801,0.99339825,0.009327551,0.0020700176,0.1143181
5476768657834,29.538152001,0.9933982,0.009333466,0.0020653238,0.11431804
5476788707517,29.558201684,0.993399,0.009312817,0.002057616,0.11431272
5476808757199,29.578251366,0.99340093,0.009301565,0.0020618485,0.11429688
5476828806883,29.59830105,0.9934022,0.009312152,0.0020631687,0.114286266
5476848887083,29.61838125,0.9934026,0.009315614,0.0020797413,0.11428109
5476868936766,29.638430933,0.99340206,0.009310313,0.0020790803,0.114286415
5476888986448,29.658480615,0.9934034,0.009300292,0.002072655,0.114275776
5476909036131,29.678530298,0.9934033,0.009304375,0.0020838738,0.114275865
5476929085815,29.698579982,0.9934044,0.009319656,0.0020911081,0.11426527
5476949135498,29.718629665,0.9934038,0.009319057,0.0020963626,0.11427063
5476969185181,29.738679348,0.99340427,0.009328434,0.0021082414,0.1142654
5476989234864,29.758729031,0.9934048,0.009338914,0.0020973252,0.114259996
5477009315064,29.778809231,0.9934054,0.009338293,0.0021026793,0.11425474
5477029364747,29.798858914,0.993406,0.009338893,0.002097417,0.11424938
5477049414430,29.818908597,0.9934071,0.009354783,0.0020993468,0.11423874
5477069464112,29.838958279,0.9934082,0.009358846,0.0021106654,0.11422822
5477089513795,29.859007962,0.9934094,0.009364737,0.002106071,0.11421755
5477109563478,29.879057645,0.9934101,0.009364727,0.0021061213,0.11421226
5477129613161,29.899107328,0.9934106,0.009364105,0.0021114754,0.11420699
5477149662845,29.919157012,0.99341,0.009364116,0.0021114254,0.1142123
5477169743044,29.939237211,0.9934118,0.009362862,0.002122184,0.11419649
5477189762210,29.959256377,0.99341184,0.009367565,0.0021281075,0.11419654
5477209842410,29.979336577,0.993413,0.00937223,0.0021341124,0.11418598
5477229892094,29.999386261,0.9934147,0.00936505,0.0021495894,0.11417019
5477249941776,30.019435943,0.9934162,0.009348505,0.0021531652,0.11415968
5477269991459,30.039485626,0.99341613,0.00934259,0.0021578597,0.114159726
5477290041142,30.059535309,0.99341744,0.009342568,0.0021579599,0.11414913
5477310090825,30.079584992,0.99341804,0.009340933,0.0021492685,0.1141438
5477330140508,30.099634675,0.993421,0.009344961,0.0021607361,0.11411737
5477350190191,30.119684358,0.99342215,0.009354937,0.002167359,0.11410679
5477370239873,30.13973404,0.9934233,0.009364913,0.0021739819,0.11409621
5477390289557,30.159783724,0.9934231,0.009369607,0.0021798953,0.11409623
5477410430791,30.179924958,0.9934237,0.009368986,0.0021852497,0.11409098
5477430480474,30.199974641,0.99342436,0.009372526,0.0021843212,0.11408567
5477450530156,30.220024323,0.9934244,0.00936004,0.002195379,0.11408587
5477470579839,30.240074006,0.9934256,0.009364062,0.0021944805,0.114075266
5477490629523,30.26012369,0.9934243,0.009374085,0.0022009031,0.1140859
5477510679206,30.280173373,0.99342567,0.009364671,0.002189176,0.11407521
5477530728889,30.300223056,0.9934274,0.009357504,0.0022046298,0.11405945
5477550778572,30.320272739,0.9934299,0.009352152,0.0022042207,0.114038244
5477570858772,30.340352939,0.9934312,0.009340796,0.002206917,0.11402771
5477590908455,30.360402622,0.9934312,0.009340948,0.002210476,0.11402776
5477610958138,30.380452305,0.9934324,0.009336592,0.0022190728,0.11401726
5477631007820,30.400501987,0.9934331,0.0093365805,0.0022191228,0.11401197
5477651057503,30.42055167,0.99343425,0.009330642,0.002223918,0.11400141
5477671137704,30.440631871,0.99343383,0.009319438,0.0022279555,0.1140068
5477691187387,30.460681554,0.9934343,0.009325347,0.0022233021,0.114001416
5477711237069,30.480731236,0.9934343,0.00932413,0.002233911,0.11400151
5477731286752,30.500780919,0.9934354,0.009340019,0.0022358368,0.113990866
5477751336435,30.520830602,0.99343604,0.009334703,0.002235278,0.113985576
5477771386118,30.540880285,0.9934367,0.009329387,0.0022347192,0.113980286
5477791435802,30.560929969,0.9934367,0.009328779,0.0022400238,0.11398034
5477811485485,30.580979652,0.99343616,0.009324095,0.0022340608,0.113985606
5477831504650,30.600998817,0.99343616,0.009324704,0.0022287562,0.11398555
5477851554333,30.6210485,0.99343485,0.009334713,0.0022351686,0.11399617
5477871604016,30.641098183,0.993435,0.009323496,0.002239256,0.11399626
5477891653699,30.661147866,0.9934351,0.009308191,0.002232125,0.11399623
5477911703382,30.681197549,0.99343497,0.0093277125,0.0022329034,0.11399622
5477931753065,30.701247232,0.99343544,0.009333612,0.0022282572,0.11399084
5477951802748,30.721296915,0.9934362,0.009328297,0.0022276987,0.11398557
5477971852431,30.741346598,0.99343604,0.009332992,0.0022336117,0.11398559
5477991902113,30.76139628,0.9934361,0.009329265,0.0022361507,0.11398567
5478011951797,30.781445964,0.9934367,0.009327886,0.0022423838,0.11398051
5478032001480,30.801495647,0.99343675,0.009322581,0.0022417752,0.113980524
5478052051163,30.82154533,0.9934362,0.009318505,0.0022305078,0.11398574
5478072100846,30.841595013,0.9934349,0.009329138,0.0022316256,0.11399633
5478092150529,30.861644696,0.99343437,0.009318541,0.0022303583,0.114001654
5478112200211,30.881694378,0.99343455,0.009301486,0.002225097,0.1140017
5478132249894,30.901744061,0.99343467,0.009298021,0.0022231864,0.11400171
5478152299577,30.921793744,0.9934352,0.009294277,0.002223438,0.11399639
5478172349261,30.941843428,0.993437,0.009299546,0.0022241955,0.113980465
5478192398944,30.961893111,0.99343765,0.009294784,0.002235849,0.11397526
5478212448626,30.981942793,0.9934381,0.009304164,0.0022477247,0.11397003
5478232498309,31.001992476,0.9934382,0.009298251,0.0022524206,0.113970086
5478252547992,31.022042159,0.9934389,0.009284174,0.0022554025,0.11396486
5478272597675,31.042091842,0.99343884,0.009290087,0.0022507065,0.1139648
5478292677875,31.062172042,0.99343884,0.009290087,0.0022507065,0.1139648
5478312697042,31.082191209,0.9934391,0.009269446,0.002242956,0.1139648
5478332777241,31.102271408,0.993439,0.009274135,0.0022488602,0.11396484
5478352826924,31.122321091,0.993439,0.009274744,0.0022435477,0.11396479
5478372876607,31.142370774,0.9934391,0.009267427,0.002235441,0.113964766
5478392926291,31.162420458,0.9934385,0.009268656,0.0022247825,0.113969974
5478412975973,31.18247014,0.99343854,0.009262743,0.0022294784,0.113970034
5478432995139,31.202489306,0.9934386,0.009251526,0.0022335658,0.11397011
5478453044822,31.222538989,0.9934398,0.009251501,0.0022336645,0.11395951
5478473125022,31.242619189,0.9934397,0.009260894,0.0022454904,0.11395959
5478493174705,31.262668872,0.99344033,0.009265586,0.0022514623,0.11395433
5478513224387,31.282718554,0.9934402,0.009266193,0.0022461575,0.11395426
5478533274070,31.302768237,0.993439,0.009270306,0.0022572763,0.113964975
5478553323754,31.322817921,0.9934397,0.009264381,0.0022620219,0.11395973
5478573373437,31.342867604,0.9934398,0.00925438,0.0022555003,0.11395971
5478593423120,31.362917287,0.99344045,0.009249063,0.0022549413,0.11395442
5478613472803,31.38296697,0.99344033,0.009259064,0.0022614626,0.11395444
5478633522485,31.403016652,0.99343973,0.009258468,0.0022667176,0.1139598
5478653602686,31.423096853,0.993439,0.009259087,0.0022613634,0.113965034
5478673652369,31.443146536,0.993439,0.009265618,0.0022513478,0.11396492
5478693702052,31.463196219,0.993439,0.009266227,0.0022460432,0.11396487
5478713751734,31.483245901,0.9934397,0.009270911,0.002252006,0.11395962
5478733801417,31.503295584,0.99343705,0.009275654,0.0022577208,0.11398086
5478753851100,31.523345267,0.99343723,0.009263829,0.002267113,0.113981
5478773931300,31.543425467,0.9934365,0.009263232,0.0022723677,0.11398634
5478793980983,31.56347515,0.9934366,0.009272455,0.0022598207,0.11398626
5478814030666,31.583524833,0.99343705,0.009279572,0.0022445652,0.11398078
5478834080349,31.603574516,0.9934383,0.009283637,0.0022558821,0.11397027
5478854130033,31.6236242,0.9934401,0.009282383,0.0022666398,0.113954455
5478874210232,31.643704399,0.9934412,0.009293577,0.0022626515,0.11394377
5478894259915,31.663754082,0.99344295,0.0092976345,0.002274035,0.11392792
5478914309598,31.683803765,0.99344355,0.009297622,0.0022740846,0.11392262
5478934359282,31.703853449,0.99344474,0.009296382,0.002284793,0.113912106
5478954408964,31.723903131,0.9934452,0.009311675,0.0022919718,0.113906816
5478974489164,31.743983331,0.9934464,0.009318172,0.0022820705,0.113896094
5478994538847,31.764033014,0.99344754,0.009322649,0.0022896796,0.1138856
5479014588530,31.784082697,0.9934486,0.009339146,0.002286299,0.1138749
5479034638213,31.80413238,0.99344796,0.009343855,0.0022921616,0.11388024
5479054687896,31.824182063,0.99344796,0.009343855,0.0022921616,0.11388024
5479074737579,31.844231746,0.99344856,0.009343235,0.002297516,0.11387499
5479094787262,31.864281429,0.99344915,0.009343223,0.0022975658,0.11386968
5479114836945,31.884331112,0.9934497,0.009347907,0.0023035284,0.113864414
5479134886627,31.904380794,0.99345016,0.009357896,0.0023100988,0.11385913
5479154936310,31.924430477,0.9934506,0.009372581,0.0023225818,0.11385389
5479174985994,31.944480161,0.99345106,0.009388482,0.0023244557,0.113848545
5479195035677,31.964529844,0.99345165,0.009386646,0.0023404195,0.11384339
5479215054842,31.984549009,0.99345285,0.0093866205,0.0023405198,0.11383278
5479235104526,32.004598693,0.9934527,0.009396,0.0023523266,0.113832854
5479255154209,32.024648376,0.9934527,0.009396,0.0023523266,0.113832854
5479275203892,32.044698059,0.99345326,0.009398764,0.0023501932,0.11382756
5479295253575,32.064747742,0.99345446,0.009408274,0.0023590473,0.113817066
5479315303257,32.084797424,0.9934549,0.009418869,0.0023603127,0.113811724
5479335352940,32.104847107,0.9934554,0.009422946,0.0023715799,0.11380651
5479355402623,32.12489679,0.9934562,0.009418237,0.0023657181,0.11380118
5479375452306,32.144946473,0.9934566,0.00943353,0.002372896,0.11379589
5479395501990,32.164996157,0.99345654,0.00943762,0.002384113,0.11379598
5479415551672,32.185045839,0.99345636,0.009441708,0.0023953295,0.113796055
5479435601355,32.205095522,0.9934569,0.009452912,0.0023912906,0.113790676
5479455651038,32.225145205,0.9934562,0.009463534,0.0023924552,0.11379596
5479475700721,32.245194888,0.9934557,0.009457636,0.0023971018,0.11380134
5479495750404,32.265244571,0.9934564,0.009446427,0.002393616,0.11379608
5479515800087,32.285294254,0.9934564,0.009443353,0.0023932739,0.11379618
5479535849770,32.305343937,0.9934557,0.009452676,0.002392849,0.11380148
5479555899453,32.32539362,0.99345684,0.00946326,0.0023941651,0.11379085
5479575949136,32.345443303,0.99345744,0.009469159,0.0023895185,0.11378548
5479595998819,32.365492986,0.9934572,0.00948568,0.0023860363,0.11378538
5479616048502,32.385542669,0.993459,0.009490946,0.0023867958,0.11376945
5479636098185,32.405592352,0.99346024,0.009482289,0.0023937903,0.11375898
5479656147867,32.425642034,0.99346155,0.009480385,0.0023924157,0.1137484
5479676197550,32.445691717,0.9934614,0.009496299,0.0023942378,0.113748364
5479696247234,32.465741401,0.9934619,0.009500983,0.0024002006,0.1137431
5479716296917,32.485791084,0.9934631,0.009506869,0.0023956047,0.11373243
5479736346600,32.505840767,0.9934631,0.009513388,0.0023856028,0.113732316
5479756365766,32.525859933,0.9934642,0.009523365,0.0023922236,0.11372173
5479776415449,32.545909616,0.9934648,0.009514923,0.0023952036,0.11371651
5479796495648,32.565989815,0.99346423,0.009512833,0.0023921824,0.113721825
5479816545331,32.586039498,0.99346364,0.009511716,0.0023944986,0.113727205
5479836595015,32.606089182,0.99346423,0.009510706,0.002387025,0.11372187
5479856644698,32.626138865,0.9934636,0.009516024,0.0023875814,0.11372716
5479876694381,32.646188548,0.993463,0.009516037,0.0023875306,0.113732465
5479896744063,32.66623823,0.9934636,0.009515417,0.0023928862,0.11372721
5479916793746,32.686287913,0.9934635,0.009520722,0.0023934934,0.1137272
5479936843429,32.706337596,0.9934648,0.009516606,0.0023823786,0.1137165
5479956893112,32.726387279,0.9934655,0.0095178075,0.0023718202,0.11371109
5479976942796,32.746436963,0.99346536,0.009526918,0.0023757508,0.11371113
5479996992479,32.766486646,0.993466,0.00952199,0.002376873,0.11370593
5480017011644,32.786505811,0.99346596,0.0095260795,0.0023742937,0.11370595
5480037061327,32.806555494,0.9934661,0.009508372,0.0023753184,0.11370606
5480057111010,32.826605177,0.99346745,0.009500032,0.002377692,0.113695554
5480077160693,32.84665486,0.99346805,0.009500019,0.0023777427,0.11369025
5480097210376,32.866704543,0.9934681,0.0094945915,0.0023633875,0.11369019
5480117260059,32.886754226,0.99346924,0.009496241,0.0023644476,0.11367966
5480137309742,32.906803909,0.9934694,0.009489322,0.0023604417,0.11367972
5480157359425,32.926853592,0.9934693,0.009488714,0.002365746,0.11367976
5480177409107,32.946903274,0.99347,0.009485921,0.002370098,0.11367453
5480197458791,32.966952958,0.99346995,0.009491833,0.0023654,0.11367447
5480217508474,32.987002641,0.99347055,0.009494448,0.0023583074,0.11366913
5480237558157,33.007052324,0.99347115,0.00948769,0.0023768202,0.113664046
5480257607840,33.027102007,0.99347174,0.009483222,0.0023855825,0.11365886
5480277627006,33.047121173,0.99347293,0.009486827,0.0023851155,0.11364824
5480297676689,33.067170856,0.9934718,0.009478974,0.002382749,0.11365887
5480317726372,33.087220539,0.99347246,0.009474871,0.0023715834,0.11365347
5480337776054,33.107270221,0.99347305,0.009473329,0.00236284,0.11364815
5480357825737,33.127319904,0.99347365,0.009483397,0.0023617737,0.11364286
5480377875420,33.147369587,0.9934737,0.009477486,0.0023664716,0.113642916
5480397925103,33.16741927,0.9934748,0.009487463,0.0023730912,0.11363233
5480417944269,33.187438436,0.99347645,0.009496821,0.0023850661,0.11361649
5480437993952,33.207488119,0.99347764,0.009495044,0.002383538,0.11360591
5480458043635,33.227537802,0.99347717,0.009492797,0.0023752747,0.1136112
5480478093319,33.247587486,0.9934785,0.009487662,0.0023670306,0.11360056
5480498143001,33.267637168,0.9934791,0.009487043,0.002372386,0.11359531
5480518162167,33.287656334,0.9934809,0.00948225,0.002381887,0.113579504
5480538242367,33.307736534,0.9934808,0.009482854,0.0023765902,0.11357944
5480558261533,33.3277557,0.9934814,0.009493468,0.0023778558,0.11357412
5480578311216,33.347805383,0.99348205,0.009488159,0.002377301,0.113568835
5480598391416,33.367885583,0.99348193,0.009486945,0.0023879101,0.113568924
5480618441098,33.387935265,0.9934833,0.009481608,0.0023874044,0.11355833
5480638490782,33.407984949,0.9934839,0.009478977,0.0023914636,0.113553084
5480658540465,33.428034632,0.9934833,0.009478384,0.0023967177,0.11355844
5480678590148,33.448084315,0.9934845,0.009481018,0.0023902487,0.11354779
5480698639831,33.468133998,0.99348444,0.009483243,0.0023887313,0.11354779
5480718689514,33.488183681,0.99348384,0.009480879,0.00238625,0.113553114
5480738739196,33.508233363,0.99348503,0.009484252,0.0023793622,0.11354247
5480758788879,33.528283046,0.9934851,0.009477889,0.0023873022,0.113542594
5480778838563,33.54833273,0.9934863,0.009481354,0.0023803057,0.11353195
5480798888246,33.568382413,0.99348766,0.009465288,0.0023694404,0.11352135
5480818937929,33.588432096,0.9934889,0.009467943,0.0023679784,0.11351076
5480838987612,33.608481779,0.9934895,0.009470663,0.0023620813,0.1135054
5480859037294,33.628531461,0.9934901,0.009466652,0.0023714488,0.11350021
5480879086977,33.648581144,0.9934914,0.009457747,0.0023697747,0.11348962
5480899136660,33.668630827,0.99349266,0.009454165,0.0023678232,0.113479026
5480919186344,33.688680511,0.99349326,0.009457714,0.002360697,0.11347368
5480939236027,33.708730194,0.9934933,0.009451127,0.0023533218,0.11347366
5480959285710,33.728779877,0.9934939,0.00945172,0.0023480675,0.113468304
5480979335392,33.748829559,0.99349445,0.009457013,0.0023487238,0.113462985
5480999385075,33.768879242,0.99349564,0.009463504,0.002338821,0.11345226
5481019434758,33.788928925,0.99349624,0.009464097,0.0023335668,0.113446906
5481039484441,33.808978608,0.9934962,0.009468797,0.0023394774,0.11344694
5481059534124,33.829028291,0.99349684,0.009471455,0.0023436223,0.113441706
5481079583807,33.849077974,0.99349666,0.009476759,0.0023442279,0.113441676
5481099633490,33.869127657,0.99349785,0.009485575,0.0023476451,0.11343113
5481119683173,33.88917734,0.9934978,0.009491486,0.002342946,0.11343107
5481139732856,33.909227023,0.99349797,0.0094802715,0.0023470395,0.11343116
5481159782539,33.929276706,0.9934981,0.009463145,0.0023558321,0.113431305
5481179832222,33.949326389,0.9934992,0.009464827,0.0023595677,0.11342075
5481199881904,33.969376071,0.9934997,0.009473683,0.002358292,0.11341544
5481219931588,33.989425755,0.9934998,0.009472647,0.002355758,0.11341548
5481239981271,34.009475438,0.99350035,0.009477307,0.0023537546,0.11341018
5481260061471,34.029555638,0.99350023,0.009476701,0.0023590592,0.11341022
5481280111153,34.04960532,0.9935009,0.009470771,0.0023519828,0.11340488
5481300160837,34.069655004,0.9935017,0.009457916,0.0023436178,0.11339958
5481320210520,34.089704687,0.99350184,0.009446631,0.0023348602,0.113399565
5481340290719,34.109784886,0.99350303,0.009453454,0.0023337924,0.11338895
5481360309886,34.129804053,0.9935042,0.009456138,0.0023272512,0.11337827
5481380390085,34.149884252,0.9935053,0.009462014,0.0023226596,0.1133676
5481400439769,34.169933936,0.9935065,0.00947201,0.0023292864,0.113357015
5481420489452,34.189983619,0.9935078,0.009461375,0.002328177,0.11334643
5481440539135,34.210033302,0.9935084,0.0094509255,0.002341122,0.11334131
5481460588817,34.230082984,0.99350834,0.009454571,0.0023405186,0.1133413
5481480638500,34.250132667,0.99351025,0.009452627,0.0023387063,0.11332542
5481500688183,34.27018235,0.99351025,0.009449775,0.0023352988,0.11332545
5481520737866,34.290232033,0.9935109,0.009443853,0.002340049,0.1133202
5481540787550,34.310281717,0.9935109,0.009443853,0.002340049,0.1133202
5481560837233,34.3303314,0.99351203,0.009447923,0.0023513648,0.11330968
5481580886915,34.350381082,0.9935127,0.009442605,0.0023508102,0.11330439
5481600936598,34.370430765,0.9935127,0.009444634,0.0023439683,0.11330435
5481620986281,34.390480448,0.9935128,0.009433344,0.0023321896,0.113304354
5481641035964,34.410530131,0.99351287,0.009426207,0.002327556,0.11330441
5481661085647,34.430579814,0.99351406,0.0094349785,0.0023447818,0.11329394
5481681135330,34.450629497,0.9935152,0.009428438,0.002354887,0.113283426
5481701185013,34.47067918,0.99351645,0.009429017,0.0023496829,0.113272764
5481721234696,34.490728863,0.9935166,0.009417426,0.0023469473,0.11327292
5481741284379,34.510778546,0.9935178,0.009414414,0.0023470453,0.11326241
5481761334062,34.530828229,0.9935185,0.009406631,0.0023446435,0.11325713
5481781414262,34.550908429,0.99351907,0.009404805,0.0023606084,0.11325198
5481801494462,34.570988629,0.9935202,0.009408881,0.0023719408,0.11324144
5481821544144,34.591038311,0.993522,0.009407248,0.0023752288,0.11322557
5481841593827,34.611087994,0.9935227,0.0093942005,0.0023768982,0.113220364
5481861643511,34.631137678,0.99352396,0.009388265,0.002381699,0.113209814
5481881693194,34.651187361,0.99352455,0.009387648,0.002387054,0.11320456
5481901742877,34.671237044,0.99352455,0.009387043,0.002392359,0.11320461
5481921792560,34.691286727,0.9935257,0.009388517,0.0023741727,0.11319386
5481941842242,34.711336409,0.99352646,0.009383958,0.0023662678,0.11318856
5481961891925,34.731386092,0.9935276,0.009389816,0.0023701973,0.11317801
5481981941608,34.751435775,0.9935288,0.009389791,0.0023702977,0.1131674
5482001991292,34.771485459,0.99353,0.00939037,0.002365093,0.113156736
5482022040975,34.791535142,0.9935306,0.009390961,0.0023598382,0.11315138
5482042090658,34.811584825,0.9935306,0.009390961,0.0023598382,0.11315138
5482062170857,34.831665024,0.99353063,0.009383169,0.002361692,0.11315146
5482082220541,34.851714708,0.99353,0.0093855,0.002370374,0.113156885
5482102270224,34.871764391,0.9935306,0.009384884,0.0023757291,0.11315163
5482122319906,34.891814073,0.9935305,0.009389584,0.0023816384,0.11315167
5482142369589,34.911863756,0.99352986,0.009394297,0.0023874973,0.11315701
5482162419272,34.931913439,0.99352986,0.009394297,0.0023874973,0.11315701
5482182468955,34.951963122,0.9935286,0.009393115,0.002398007,0.113167726
5482202518638,34.972012805,0.9935293,0.009392519,0.0023964513,0.11316245
5482222568321,34.992062488,0.99352986,0.009396446,0.0024053273,0.11315726
5482242618004,35.012112171,0.993529,0.009406463,0.0024117902,0.11316257
5482262698204,35.032192371,0.9935289,0.009417073,0.0024129986,0.11316255
5482282747887,35.052242054,0.9935297,0.0094182715,0.002402423,0.113157146
5482302797569,35.072291736,0.99352956,0.009418271,0.0024024227,0.11315713
5482322847253,35.09234142,0.99352956,0.009427897,0.0024065715,0.11315719
5482342896936,35.112391103,0.99352956,0.009425413,0.0024090267,0.113157265
5482362946619,35.132440786,0.99353004,0.009435406,0.0024155905,0.11315198
5482382996302,35.152490469,0.99353,0.009440711,0.0024161946,0.11315197
5482403045985,35.172540152,0.993528,0.009444836,0.0024172275,0.11316795
5482423126185,35.192620352,0.9935269,0.009450347,0.0024097187,0.11317854
5482443175868,35.212670035,0.9935275,0.009445975,0.0024200974,0.113173425
5482463225551,35.232719718,0.99352676,0.009455993,0.0024265605,0.11317875
5482483275234,35.252769401,0.9935279,0.009461272,0.0024272657,0.11316813
5482503324916,35.272819083,0.9935273,0.0094611095,0.0024294762,0.113173515
5482523374599,35.292868766,0.9935273,0.009459295,0.0024315908,0.1131736
5482543424283,35.31291845,0.99352604,0.00946224,0.0024337168,0.11318427
5482563473966,35.332968133,0.993526,0.009468149,0.0024290162,0.113184206
5482583554165,35.353048332,0.99352527,0.009478168,0.0024354793,0.11318953
5482603603848,35.373098015,0.99352574,0.009488781,0.0024367406,0.11318419
5482623653531,35.393147698,0.9935252,0.009490927,0.0024337377,0.113189526
5482643703215,35.413197382,0.99352515,0.009499989,0.0024274695,0.11318947
5482663752898,35.433247065,0.9935256,0.009509982,0.002434034,0.113184184
5482683802580,35.453296747,0.99352485,0.00951409,0.0024451972,0.11318956
5482703852263,35.47334643,0.99352485,0.00951409,0.0024451972,0.11318956
5482723901946,35.493396113,0.9935242,0.009518803,0.0024510557,0.113194905
5482743951629,35.513445796,0.9935254,0.009517152,0.0024485493,0.11318432
5482764001312,35.533495479,0.9935248,0.009527171,0.0024550124,0.11318966
5482784050996,35.553545163,0.9935259,0.009536383,0.0024486743,0.113179
5482804100678,35.573594845,0.99352515,0.009542403,0.002462302,0.11318446
5482824150361,35.593644528,0.99352527,0.009541265,0.0024483374,0.1131844
5482844200044,35.613694211,0.9935245,0.009546582,0.0024488906,0.113189675
5482864249727,35.633743894,0.9935238,0.009554907,0.0024536615,0.11319502
5482884299410,35.653793577,0.9935251,0.009551961,0.0024508974,0.113184445
5482904349092,35.673843259,0.9935256,0.009553517,0.002466062,0.11317929
5482924398776,35.693892943,0.9935262,0.009550866,0.0024733697,0.1131741
5482944448459,35.713942626,0.99352497,0.0095499465,0.002480455,0.11318483
5482964498142,35.733992309,0.9935237,0.009555677,0.0024768498,0.11319545
5482984547825,35.754041992,0.9935243,0.00956351,0.0024742356,0.11319017
5483004597508,35.774091675,0.9935242,0.009571857,0.0024814082,0.113190286
5483024647190,35.794141357,0.99352294,0.009573533,0.0024807458,0.11320099
5483044696873,35.81419104,0.9935223,0.0095753195,0.0024800422,0.11320638
5483064746556,35.834240723,0.99352306,0.009567664,0.002468705,0.11320108
5483084796240,35.854290407,0.9935232,0.009554883,0.0024559638,0.1132011
5483104845923,35.87434009,0.9935219,0.009554375,0.0024620718,0.11321184
5483124895606,35.894389773,0.9935232,0.009553406,0.0024423604,0.11320111
5483144945288,35.914439455,0.9935238,0.00955062,0.0024503935,0.11319593
5483164994971,35.934489138,0.99352497,0.009549989,0.0024558005,0.113185376
5483185044654,35.954538821,0.99352556,0.009549372,0.0024611566,0.11318012
5483205094337,35.974588504,0.9935257,0.009547538,0.00245914,0.11318015
5483225144021,35.994638188,0.99352574,0.00953303,0.002448443,0.11318015
5483245193704,36.014687871,0.99352694,0.009531559,0.002450192,0.11316961
5483265243386,36.034737553,0.99352765,0.009514792,0.0024566038,0.113164455
5483285293069,36.054787236,0.9935277,0.00950898,0.0024593978,0.11316452
5483305312235,36.074806402,0.9935278,0.009492123,0.00247241,0.11316471
5483325361918,36.094856085,0.9935285,0.009487496,0.0024758945,0.11315948
5483345411601,36.114905768,0.99352854,0.009479207,0.0024736528,0.11315951
5483365461284,36.134955451,0.9935293,0.009469341,0.0024813288,0.113154344
5483385510967,36.155005134,0.9935305,0.009467374,0.00248003,0.11314374
5483405560650,36.175054817,0.99353105,0.009471337,0.002488337,0.11313854
5483425640850,36.195135017,0.9935311,0.009464752,0.0024942334,0.11313868
5483445690533,36.2151847,0.9935321,0.009469116,0.002502178,0.11312816
5483465740216,36.235234383,0.9935335,0.009463145,0.0024959154,0.113117635
5483485789898,36.255284065,0.9935341,0.009454625,0.0025060026,0.11311255
5483505839581,36.275333748,0.99353415,0.00945022,0.002506067,0.11311264
5483525889265,36.295383432,0.9935353,0.009445979,0.002507833,0.1131021
5483545908430,36.315402597,0.9935354,0.009442559,0.0025035713,0.11310215
5483565958113,36.33545228,0.99353594,0.009445328,0.0024989846,0.113096885
5483586038314,36.355532481,0.99353606,0.009433675,0.002492742,0.11309696
5483606087996,36.375582163,0.99353683,0.009425105,0.0024915745,0.113091774
5483626198713,36.39569288,0.9935373,0.009424486,0.0024969296,0.11308651
5483646248396,36.415742563,0.9935373,0.009434524,0.0025034624,0.113086544
5483666298079,36.435792246,0.99353796,0.009434127,0.002483742,0.11308113
5483686347763,36.45584193,0.9935391,0.009429007,0.0024840073,0.1130706
5483706427962,36.475922129,0.99353975,0.009430569,0.0024854874,0.113065384
5483726477645,36.495971812,0.99353975,0.009421442,0.0024910886,0.11306553
5483746527328,36.516021495,0.9935399,0.009415861,0.002482592,0.11306553
5483766577011,36.536071178,0.9935398,0.009416435,0.0024735325,0.1130655
5483786626695,36.556120862,0.99354005,0.009405898,0.0024643447,0.11306552
5483806676377,36.576170544,0.9935399,0.009403541,0.0024652223,0.11306559
5483826726060,36.596220227,0.99354124,0.009401642,0.0024572164,0.11305497
5483846775743,36.61626991,0.99354243,0.009401012,0.0024626218,0.11304441
5483866855944,36.636350111,0.99354297,0.0094057005,0.0024685806,0.11303914
5483886905626,36.656399793,0.99354315,0.009389761,0.002466767,0.11303918
5483906955309,36.676449476,0.9935438,0.009383839,0.0024715187,0.113033935
5483927004992,36.696499159,0.99354565,0.009377287,0.0024816757,0.11301813
5483947085192,36.716579359,0.99354565,0.009377287,0.0024816757,0.11301813
5483967134875,36.736629042,0.9935473,0.009383163,0.002477117,0.113002114
5483987184558,36.756678725,0.99354804,0.009382548,0.0024824725,0.112996876
5484007234241,36.776728408,0.993548,0.009387249,0.002488381,0.11299691
5484027283924,36.796778091,0.9935486,0.009387236,0.002488431,0.11299161
5484047364124,36.816858291,0.99354905,0.0093943365,0.002473169,0.112986125
5484067413807,36.836907974,0.9935501,0.009403384,0.0024890834,0.112975635
5484087463490,36.856957657,0.9935508,0.009408677,0.0024897372,0.11297033
5484107513173,36.87700734,0.99355114,0.009425181,0.0024862918,0.11296492
5484127562855,36.897057022,0.99355185,0.009425771,0.0024810373,0.11295958
5484147612538,36.917106705,0.9935518,0.009419862,0.002485739,0.11295963
5484167662222,36.937156389,0.9935531,0.009422768,0.0024783406,0.11294899
5484187711905,36.957206072,0.9935537,0.0094181765,0.002485616,0.11294381
5484207761588,36.977255755,0.9935536,0.009421673,0.0025021343,0.11294395
5484227811271,36.997305438,0.9935541,0.009427568,0.0024974826,0.112938575
5484247860953,37.01735512,0.9935546,0.009437136,0.002502392,0.11293331
5484267910636,37.037404803,0.9935552,0.009435949,0.0024996086,0.112928025
5484287990837,37.057485004,0.99355525,0.009429737,0.002501592,0.112928115
5484308040519,37.077534686,0.9935563,0.009445046,0.0025088177,0.1129175
5484328090202,37.097584369,0.9935563,0.009443221,0.002512478,0.112917565
5484348139885,37.117634052,0.9935576,0.00945122,0.0025058908,0.11290692
5484368189568,37.137683735,0.9935569,0.009455301,0.0025040053,0.11291223
5484388239251,37.157733418,0.9935574,0.009456237,0.0025204106,0.112907164
5484408288935,37.177783102,0.9935585,0.009457861,0.0025214811,0.112896636
5484428369134,37.197863301,0.99355924,0.0094570955,0.0025138445,0.11289132
5484448418817,37.217912984,0.9935598,0.009460014,0.0025157353,0.11288608
5484468468500,37.237962667,0.9935592,0.009457794,0.0025172275,0.11289147
5484488518184,37.258012351,0.99355966,0.0094648395,0.0025180192,0.11288624
5484508567866,37.278062033,0.9935602,0.009475719,0.0025105618,0.11288089
5484528617549,37.298111716,0.99356,0.009489787,0.0025258907,0.11288103
5484548667232,37.318161399,0.99356,0.00948725,0.0025326163,0.11288117
5484568716915,37.338211082,0.9935612,0.009487637,0.0025332891,0.11287064
5484588766598,37.358260765,0.9935611,0.009495138,0.0025252064,0.112870686
5484608816280,37.378310447,0.9935618,0.009494174,0.0025247715,0.112865485
5484628896481,37.398390648,0.99356294,0.009507435,0.0025046645,0.112854734
5484648946164,37.418440331,0.9935635,0.009510264,0.0025020435,0.11284944
5484668995847,37.438490014,0.9935635,0.009508664,0.002502315,0.11284953
5484689045529,37.458539696,0.99356335,0.009517437,0.0024976525,0.112849556
5484709095212,37.478589379,0.993564,0.009511878,0.0024864797,0.11284425
5484729144896,37.498639063,0.9935654,0.009504856,0.002493542,0.11283379
5484749194579,37.518688746,0.99356645,0.009516514,0.0024971287,0.11282322
5484769244262,37.538738429,0.9935668,0.009534696,0.0025065325,0.11281799
5484789293945,37.558788112,0.9935674,0.009533128,0.0025086233,0.112812765
5484809343627,37.578837794,0.99356866,0.009526865,0.0025051965,0.1128022
5484829393310,37.598887477,0.99356806,0.009534666,0.0024977226,0.112807475
5484849442993,37.61893716,0.9935694,0.009522605,0.0024915012,0.112796925
5484869523193,37.63901736,0.9935693,0.009526342,0.0024879607,0.11279695
5484889572876,37.659067043,0.99357104,0.009537174,0.0024802848,0.112780966
5484909622559,37.679116726,0.9935715,0.009547082,0.0024799833,0.112775646
5484929672242,37.699166409,0.99357206,0.009549908,0.002488829,0.11277045
5484949721926,37.719216093,0.9935727,0.00954999,0.0025002933,0.11276535
5484969771609,37.739265776,0.9935738,0.009556769,0.0025016712,0.11275481
5484989821291,37.759315458,0.9935737,0.009557786,0.0025022272,0.11275489
5485009870974,37.779365141,0.9935744,0.009561259,0.0024911764,0.11274959
5485029981691,37.799475858,0.99357605,0.009569664,0.002493674,0.11273374
5485050031374,37.819525541,0.993576,0.00957524,0.0024912248,0.11273375
5485070081057,37.839575224,0.9935766,0.009575033,0.0024882173,0.11272848
5485090130740,37.859624907,0.99357736,0.0095655415,0.002488389,0.11272329
5485110180423,37.87967459,0.9935767,0.009568085,0.0024859202,0.1127286
5485130230106,37.899724273,0.99357665,0.009569798,0.0024890162,0.11272866
5485150279789,37.919773956,0.993579,0.009575712,0.0024915435,0.1127075
5485170329472,37.939823639,0.99357945,0.009584154,0.0024958567,0.11270224
5485190379155,37.959873322,0.99358004,0.009594116,0.0024937561,0.11269695
5485210398321,37.979892488,0.9935805,0.009603321,0.0024935103,0.11269163
5485230448004,37.999942171,0.9935812,0.009598508,0.002495366,0.11268642
5485250497687,38.019991854,0.99358124,0.009591173,0.0024954213,0.112686515
5485270547370,38.040041537,0.9935818,0.009596991,0.0024918015,0.112681225
5485290597052,38.060091219,0.99358183,0.009592268,0.002490398,0.11268134
5485310646735,38.080140902,0.99358183,0.00959207,0.002493831,0.11268149
5485330665901,38.100160068,0.9935825,0.009576293,0.0024911836,0.11267631
5485350715584,38.120209751,0.9935837,0.009576266,0.0024912858,0.11266571
5485370765267,38.140259434,0.993585,0.009575032,0.002492651,0.11265521
5485390814950,38.160309117,0.9935856,0.009574891,0.0024833817,0.11264989
5485410864634,38.180358801,0.9935868,0.00957417,0.002479793,0.112639315
5485430914317,38.200408484,0.9935874,0.009572473,0.0024801597,0.11263411
5485450963999,38.220458166,0.993588,0.009573062,0.0024749055,0.11262875
5485471013682,38.240507849,0.9935886,0.009566473,0.0024646602,0.112623446
5485491063365,38.260557532,0.9935899,0.009567229,0.0024716472,0.11261298
5485511113048,38.280607215,0.9935911,0.009562633,0.0024614902,0.11260236
5485531162731,38.300656898,0.9935923,0.009560338,0.0024638723,0.11259181
5485551212415,38.320706582,0.9935924,0.009554489,0.0024603293,0.11259184
5485571262097,38.340756264,0.9935923,0.009555535,0.0024688048,0.11259195
5485591311780,38.360805947,0.9935935,0.0095597515,0.0024620276,0.1125813
5485611330946,38.380825113,0.99359345,0.009562392,0.002465657,0.11258136
5485631380629,38.400874796,0.9935935,0.009558264,0.0024682586,0.11258143
5485651430312,38.420924479,0.99359345,0.00956357,0.0024688598,0.11258142
5485671479995,38.440974162,0.99359405,0.009563557,0.0024689108,0.11257611
5485691529678,38.461023845,0.9935952,0.009574742,0.0024649098,0.11256542
5485711579361,38.481073528,0.99359584,0.009575931,0.0024543502,0.11256001
5485731629043,38.50112321,0.9935958,0.009570625,0.002453749,0.11256001
5485751678726,38.521172893,0.9935959,0.009557857,0.0024508762,0.112560056
5485771758927,38.541253094,0.9935965,0.009564953,0.0024356123,0.11255459
5485791808610,38.561302777,0.99359655,0.009569064,0.0024468412,0.11255469
5485811858292,38.581352459,0.99359703,0.00956905,0.002446892,0.11254937
5485831938493,38.60143266,0.99359643,0.009568462,0.0024521463,0.11255473
5485851957659,38.621451826,0.9935965,0.009563751,0.002446231,0.11255469
5485872007342,38.641501509,0.99359596,0.009551369,0.0024608716,0.11256017
5485892087541,38.661581708,0.993596,0.009546961,0.0024632763,0.11256024
5485912137224,38.681631391,0.9935966,0.009548659,0.0024556804,0.112554885
5485932186908,38.701681075,0.9935972,0.00954945,0.0024532261,0.11254959
5485952236591,38.721730758,0.9935978,0.009554528,0.0024413348,0.11254418
5485972286274,38.741780441,0.993599,0.009554502,0.0024414368,0.11253357
5485992335956,38.761830123,0.9935991,0.009542101,0.0024369368,0.11253362
5486012385639,38.781879806,0.99359995,0.009532079,0.002430481,0.11252831
5486032435322,38.801929489,0.9936,0.009524431,0.0024228445,0.11252829
5486052485005,38.821979172,0.99360126,0.0095191,0.0024223453,0.11251769
5486072534689,38.842028856,0.9936013,0.009510132,0.0024229349,0.1125178
5486092584372,38.862078539,0.993603,0.0095255,0.0024215083,0.112501875
5486112634054,38.882128221,0.9936028,0.009523697,0.0024374244,0.11250201
5486132683737,38.902177904,0.9936041,0.009522471,0.0024481372,0.11249151
5486152733420,38.922227587,0.99360484,0.009511847,0.0024469867,0.11248623
5486172783103,38.94227727,0.9936048,0.009510045,0.002462903,0.11248638
5486192832786,38.962326953,0.99360543,0.0095021445,0.0024653042,0.11248116
5486212882468,38.982376635,0.99360543,0.009499065,0.0024682514,0.11248124
5486232932152,39.002426319,0.9936059,0.009507794,0.0024670558,0.112475924
5486252981835,39.022476002,0.993607,0.009517177,0.0024789693,0.11246539
5486273031518,39.042525685,0.9936075,0.009520985,0.0024857982,0.11246022
5486293081201,39.062575368,0.9936087,0.009518949,0.0024935575,0.112449735
5486313130884,39.082625051,0.99361044,0.009521843,0.0024967026,0.11243388
5486333211084,39.102705251,0.99361056,0.009506768,0.0024979801,0.11243398
5486353260767,39.122754934,0.9936112,0.0095088435,0.0025003632,0.11242875
5486373279933,39.1427741,0.9936111,0.009515484,0.0025035017,0.1124288
5486393360133,39.1628543,0.99361163,0.009518715,0.0025048794,0.112423584
5486413409815,39.182903982,0.9936129,0.009513254,0.002505621,0.112413056
5486433428982,39.202923149,0.9936129,0.009513226,0.002503229,0.11241308
5486453478664,39.222972831,0.9936123,0.009513119,0.0025004472,0.112418406
5486473528347,39.243022514,0.9936117,0.009511002,0.0025034358,0.112423785
5486493578030,39.263072197,0.99361235,0.00950587,0.0025046116,0.11241857
5486513627713,39.28312188,0.99361306,0.009502999,0.0024965603,0.11241325
5486533677397,39.303171564,0.9936136,0.00949828,0.002490705,0.11240789
5486553727080,39.323221247,0.99361545,0.0095029455,0.0024967631,0.11239203
5486573776762,39.343270929,0.99361765,0.009513502,0.0024981662,0.11237077
5486593826445,39.363320612,0.9936194,0.009516967,0.002514835,0.11235499
5486613876128,39.383370295,0.9936201,0.00951045,0.002524897,0.11234981
5486633925811,39.403419978,0.99362075,0.009503674,0.002520882,0.11234455
5486653975494,39.423469661,0.99362147,0.009491202,0.0025149498,0.11233932
5486674025178,39.443519345,0.9936221,0.009484622,0.0025170485,0.1123341
5486694074860,39.463569027,0.9936227,0.009482487,0.0025175086,0.112328894
5486714124543,39.48361871,0.99362457,0.009476413,0.0025175791,0.112313084
5486734174226,39.503668393,0.9936252,0.0094721075,0.0025144867,0.112307824
5486754223909,39.523718076,0.99362457,0.00946696,0.002516508,0.11231321
5486774273592,39.543767759,0.993626,0.00945799,0.0024953878,0.11230253
5486794323274,39.563817441,0.99362594,0.009461222,0.002502937,0.11230265
5486814372957,39.583867124,0.99362576,0.00946362,0.0025111858,0.11230276
5486834422641,39.603916808,0.993627,0.0094683,0.0025171924,0.1122922
5486854472324,39.623966491,0.99362814,0.009471564,0.002525902,0.1122817
5486874522007,39.644016174,0.9936282,0.009465823,0.002513234,0.11228173
5486894571690,39.664065857,0.9936288,0.009460446,0.0025230527,0.11227665
5486914651890,39.684146057,0.99362946,0.009457118,0.0025140704,0.11227134
5486934701573,39.70419574,0.9936307,0.009450467,0.0025100417,0.11226075
5486954751256,39.724245423,0.9936313,0.009447906,0.0025121782,0.11225553
5486974800939,39.744295106,0.9936319,0.009449558,0.0025025937,0.1122502
5486994850621,39.764344788,0.9936324,0.009450881,0.00252105,0.11224511
5487014900304,39.784394471,0.9936337,0.009448614,0.002527087,0.11223466
5487034949987,39.804444154,0.99363244,0.009447442,0.0025375972,0.11224537
5487054999671,39.824493838,0.9936318,0.009452162,0.0025434517,0.112250715
5487075049354,39.844543521,0.9936311,0.009450726,0.0025523235,0.11225614
5487095099036,39.864593203,0.9936311,0.0094471015,0.0025543869,0.11225622
5487115179236,39.884673403,0.99363166,0.009450844,0.0025567403,0.11225097
5487135228920,39.904723087,0.99363184,0.009442275,0.0025526304,0.11225103
5487155278603,39.92477277,0.9936311,0.009449848,0.002554578,0.11225639
5487175328285,39.944822452,0.9936317,0.009449834,0.0025546285,0.11225109
5487195377968,39.964872135,0.9936318,0.009444528,0.0025540292,0.1122511
5487215427651,39.984921818,0.99363285,0.00945308,0.0025640659,0.11224058
5487235507851,40.005002018,0.9936335,0.009444769,0.002560214,0.11223532
5487255557534,40.025051701,0.993633,0.009437063,0.0025628211,0.11224072
5487275607217,40.045101384,0.9936335,0.00943884,0.0025576183,0.11223545
5487295656900,40.065151067,0.99363416,0.009441219,0.0025463207,0.11223015
5487315706583,40.08520075,0.9936336,0.009435619,0.00252911,0.11223542
5487335756266,40.105250433,0.9936349,0.009439473,0.0025293583,0.112224914
5487355805948,40.125300115,0.9936355,0.00942783,0.0025207575,0.11221969
5487375855632,40.145349799,0.9936367,0.009423378,0.002508472,0.112209104
5487395905315,40.165399482,0.9936369,0.009418026,0.0025034326,0.11220918
5487415954998,40.185449165,0.99363613,0.009422745,0.0025092869,0.112214506
5487436004681,40.205498848,0.9936375,0.009418013,0.0025034829,0.11220387
5487456054364,40.225548531,0.99363804,0.009423904,0.0024988267,0.1121985
5487476104046,40.245598213,0.9936386,0.00942972,0.00249041,0.11219317
5487496153729,40.265647896,0.9936386,0.009429829,0.0024923747,0.11219325
5487516203413,40.28569758,0.9936391,0.009433324,0.0025089409,0.11218808
5487536253096,40.305747263,0.99364084,0.009437392,0.0025203023,0.112172246
5487556302779,40.325796946,0.99364203,0.009435509,0.0025232858,0.11216171
5487576352462,40.345846629,0.99364215,0.009431283,0.0025003443,0.11216164
5487596432661,40.365926828,0.9936427,0.009441352,0.0024905754,0.11215631
5487616482345,40.385976512,0.9936438,0.00944664,0.0024912762,0.11214567
5487636532028,40.406026195,0.99364364,0.009451346,0.0024971804,0.11214569
5487656551193,40.42604536,0.9936449,0.009456195,0.0025014859,0.11213515
5487676631393,40.44612556,0.99364674,0.00945029,0.0024925352,0.112119354
5487696681076,40.466175243,0.9936479,0.009452346,0.0024846045,0.1121088
5487716730759,40.486224926,0.9936491,0.00944682,0.0024957214,0.112098396
5487736780442,40.506274609,0.99364966,0.009450978,0.0024889556,0.11209304
5487756830126,40.526324293,0.99364984,0.009443,0.0024763497,0.11209306
5487776879808,40.546373975,0.9936492,0.009444149,0.0024737879,0.11209846
5487796960008,40.566454175,0.99364924,0.00943968,0.002474301,0.11209855
5487816979174,40.586473341,0.99365044,0.009439054,0.0024797157,0.11208797
5487837059374,40.606553541,0.993651,0.009443143,0.002490959,0.112082765
5487857109057,40.626603224,0.99365145,0.009453158,0.002497522,0.112077475
5487877158740,40.646652907,0.99365133,0.009463656,0.0024966681,0.11207747
5487897208423,40.66670259,0.9936512,0.009472342,0.002500025,0.11207752
5487917258106,40.686752273,0.9936513,0.009462835,0.0025006507,0.11207762
5487937307789,40.706801956,0.9936524,0.009468706,0.0025098936,0.11206711
5487957357471,40.726851638,0.99365294,0.0094734,0.0025158483,0.11206184
5487977407154,40.746901321,0.9936535,0.009478692,0.0025164972,0.11205652
5487997456838,40.766951005,0.9936546,0.009483971,0.0025171968,0.1120459
5488017506521,40.787000688,0.9936551,0.009492984,0.0025260104,0.1120407
5488037556204,40.807050371,0.99365515,0.009495852,0.0025229077,0.11204073
5488057605887,40.827100054,0.9936556,0.009504465,0.0025271096,0.11203547
5488077655569,40.847149736,0.99365616,0.009508378,0.0025192662,0.112030126
5488097705252,40.867199419,0.9936566,0.009529435,0.002514131,0.11202474
5488117754935,40.887249102,0.99365777,0.009526965,0.002511371,0.11201415
5488137804619,40.907298786,0.9936584,0.009523855,0.0024969033,0.11200877
5488157854302,40.927348469,0.9936598,0.009517791,0.002491998,0.111998215
5488177903985,40.947398152,0.9936602,0.009529971,0.0025061406,0.11199305
5488197953667,40.967447834,0.9936602,0.009527182,0.002502676,0.11199308
5488217972834,40.987467001,0.9936614,0.009524214,0.0024994505,0.1119825
5488238022516,41.007516683,0.9936616,0.009515767,0.0024957126,0.11198256
5488258072199,41.027566366,0.99366206,0.009524695,0.0024997506,0.1119773
5488278121882,41.047616049,0.9936621,0.00952065,0.0024946616,0.111977346
5488298141048,41.067635215,0.9936627,0.009517396,0.0024907473,0.11197208
5488318190731,41.087684898,0.99366206,0.009521207,0.0024828732,0.11197734
5488338240414,41.107734581,0.9936627,0.009524834,0.002465405,0.111971885
5488358290097,41.127784264,0.9936633,0.009523541,0.0024536918,0.11196648
5488378339780,41.147833947,0.99366313,0.00953886,0.002460791,0.1119665
5488398389462,41.167883629,0.99366313,0.0095494725,0.002461987,0.11196648
5488418439146,41.187933313,0.9936638,0.009543232,0.0024523388,0.11196118
5488438488829,41.207982996,0.99366385,0.00953617,0.002454211,0.11196127
5488458538512,41.228032679,0.9936649,0.009544731,0.0024573458,0.11195071
5488478588195,41.248082362,0.99366546,0.009549523,0.0024490978,0.111945376
5488498637878,41.268132045,0.9936659,0.009564449,0.0024480221,0.11194006
5488518687560,41.288181727,0.99366593,0.009569524,0.0024407054,0.111940034
5488538737243,41.30823141,0.9936665,0.009566884,0.0024310388,0.111934714
5488558786927,41.328281094,0.9936666,0.009568707,0.0024283472,0.111934744
5488578836610,41.348330777,0.9936677,0.009571393,0.0024211816,0.11192409
5488598886293,41.36838046,0.99366766,0.009577297,0.0024164736,0.11192402
5488618935976,41.388430143,0.9936688,0.009582576,0.0024171735,0.1119134
5488638985658,41.408479825,0.9936699,0.009598468,0.0024190687,0.111902766
5488659035341,41.428529508,0.99367106,0.009601193,0.0024288578,0.11189226
5488679115542,41.448609709,0.99367046,0.009589856,0.0024445022,0.111897826
5488699134707,41.468628874,0.9936705,0.009594711,0.0024319827,0.11189784
5488719214907,41.488709074,0.9936706,0.009586805,0.0024310988,0.111897945
5488739234074,41.508728241,0.9936712,0.0095860595,0.002427304,0.111892655
5488759283756,41.528777923,0.99367225,0.009588349,0.002454491,0.1118823
5488779333439,41.548827606,0.99367225,0.009588349,0.002454491,0.1118823
5488799444156,41.568938323,0.9936729,0.009582094,0.002452059,0.11187713
5488819524357,41.589018524,0.9936723,0.00958153,0.002455722,0.111882605
5488839574039,41.609068206,0.99367404,0.009586804,0.0024564741,0.11186665
5488859623722,41.629117889,0.99367523,0.009586778,0.0024565766,0.11185604
5488879673405,41.649167572,0.99367523,0.009584676,0.0024538776,0.111856066
5488899723088,41.669217255,0.9936747,0.009578984,0.0024498345,0.111861415
5488919803288,41.689297455,0.99367523,0.009590806,0.0024380744,0.111856006
5488939852971,41.709347138,0.99367565,0.009602617,0.0024286942,0.11185055
5488959902654,41.729396821,0.99367696,0.009602591,0.0024287968,0.11183996
5488979952337,41.749446504,0.99367684,0.009607803,0.0024163702,0.111839846
5489000002020,41.769496187,0.9936768,0.0096114045,0.0024140084,0.11183986
5489020082220,41.789576387,0.9936774,0.009617058,0.0024271214,0.111834735
5489040131903,41.80962607,0.9936773,0.009622601,0.0024263256,0.11183473
5489060181586,41.829675753,0.99367845,0.009625863,0.0024376563,0.11182419
5489080231269,41.849725436,0.9936795,0.009639634,0.0024327994,0.1118135
5489100280951,41.869775118,0.99368006,0.009643286,0.002423918,0.111808166
5489120330634,41.889824801,0.99368125,0.00965003,0.0024257118,0.11179764
5489140380318,41.909874485,0.9936825,0.009643747,0.0024231304,0.11178704
5489160460517,41.929954684,0.9936833,0.009625391,0.0024197735,0.11178176
5489180510200,41.950004367,0.9936845,0.009622489,0.0024236809,0.111771196
5489200559883,41.97005405,0.9936843,0.009637213,0.002436083,0.11177126
5489220609567,41.990103734,0.99368477,0.009647215,0.002442634,0.11176598
5489240659250,42.010153417,0.9936861,0.009636577,0.0024415434,0.11175539
5489260708933,42.0302031,0.99368656,0.00963537,0.0024522063,0.11175018
5489280789132,42.050283299,0.99368596,0.009644322,0.0024465201,0.11175544
5489300838816,42.070332983,0.9936871,0.009647119,0.0024505733,0.111744866
5489320888499,42.090382666,0.9936878,0.009644148,0.0024530082,0.11173965
5489340938181,42.110432348,0.9936882,0.009648247,0.002464268,0.11173442
5489360987864,42.130482031,0.9936881,0.009656556,0.0024735704,0.11173452
5489381037547,42.150531714,0.99368995,0.009647716,0.0024728903,0.11171871
5489401087230,42.170581397,0.99369,0.00964328,0.002473385,0.1117188
5489421136913,42.19063108,0.99369055,0.009655917,0.002482697,0.1117136
5489441186597,42.210680764,0.9936916,0.009655293,0.0024881056,0.11170303
5489461236279,42.230730446,0.9936928,0.009656383,0.0024909503,0.11169249
5489481285962,42.250780129,0.9936933,0.0096653765,0.002494958,0.11168723
5489501335645,42.270829812,0.9936927,0.009663142,0.0024903049,0.11169258
5489521385328,42.290879495,0.9936933,0.009670234,0.0024930518,0.11168735
5489541435011,42.310929178,0.9936933,0.009660488,0.0024842434,0.11168732
5489561484694,42.330978861,0.993694,0.009659879,0.002489601,0.11168208
5489581534376,42.351028543,0.9936939,0.009666051,0.0024988907,0.11168218
5489601614577,42.371108744,0.9936945,0.009663458,0.0024910395,0.11167684
5489621633743,42.39112791,0.9936951,0.009663054,0.0024992495,0.11167164
5489641683426,42.411177593,0.9936963,0.009664586,0.0024975638,0.11166105
5489661733109,42.431227276,0.9936975,0.0096559655,0.002494607,0.11165047
5489681813309,42.451307476,0.9936982,0.009651514,0.0024889957,0.111645214
5489701862992,42.471357159,0.9936981,0.009654081,0.002484474,0.111645244
5489721912675,42.491406842,0.99369824,0.009654135,0.0024713767,0.11164518
5489741962358,42.511456525,0.9936994,0.009660011,0.00246677,0.1116345
5489762012040,42.531506207,0.99369997,0.009657386,0.0024702817,0.11162926
5489782061723,42.55155589,0.9936999,0.009662095,0.0024761837,0.1116293
5489802111406,42.571605573,0.99369985,0.009664053,0.002477363,0.11162938
5489822161090,42.591655257,0.9936999,0.009660191,0.0024713292,0.111629434
5489842210773,42.61170494,0.9937005,0.0096605,0.002472486,0.11162421
5489862260456,42.631754623,0.99370104,0.009662495,0.0024749136,0.11161897
5489882310138,42.651804305,0.99370116,0.009659127,0.0024710428,0.111619025
5489902359821,42.671853988,0.99370164,0.009659006,0.0024712107,0.111613795
5489922409504,42.691903671,0.99370235,0.009659568,0.002471733,0.11160859
5489942459187,42.711953354,0.9937016,0.009664854,0.0024686218,0.11161389
5489962539387,42.732033554,0.9937017,0.0096617965,0.0024715501,0.11161398
5489982589070,42.752083237,0.9937027,0.009673591,0.002462219,0.11160321
5490002638753,42.77213292,0.9937033,0.009678612,0.0024499486,0.111597806
5490022688436,42.792182603,0.9937027,0.009689238,0.002451089,0.1116031
5490042738119,42.812232286,0.9937037,0.009694517,0.0024517882,0.111592464
5490062787802,42.832281969,0.9937037,0.009693921,0.0024570941,0.11159252
5490082837485,42.852331652,0.99370384,0.0096916,0.0024550874,0.111592546
5490102887168,42.872381335,0.9937044,0.009687554,0.0024476256,0.11158719
5490122936851,42.892431018,0.99370563,0.009690305,0.002451165,0.11157664
5490142986534,42.912480701,0.9937056,0.009694265,0.0024532508,0.1115767
5490163036217,42.932530384,0.9937055,0.0096997665,0.0024489136,0.11157671
5490183085899,42.952580066,0.9937066,0.009712104,0.0024471015,0.11156609
5490203135583,42.97262975,0.9937072,0.0097088795,0.0024545882,0.11156092
5490223185266,42.992679433,0.99370724,0.009712472,0.002446079,0.1115609
5490243234949,43.012729116,0.99370646,0.009719188,0.0024367555,0.11156616
5490263284632,43.032778799,0.99370587,0.009725109,0.0024414673,0.11157163
5490283334315,43.052828482,0.99370587,0.009721837,0.0024489453,0.11157177
5490303383997,43.072878164,0.9937064,0.009725315,0.0024532494,0.111566514
5490323433680,43.092927847,0.99370754,0.0097311735,0.0024552904,0.111555964
5490343483363,43.11297753,0.99370795,0.009736808,0.0024627154,0.111550756
5490363533047,43.133027214,0.99370754,0.009728319,0.0024506727,0.111556076
5490383582730,43.153076897,0.9937082,0.009720306,0.0024448757,0.111550815
5490403632412,43.173126579,0.99370885,0.0097157,0.002447017,0.11154559
5490423682095,43.193176262,0.99370944,0.009713041,0.002438233,0.111540265
5490443762296,43.213256463,0.9937105,0.009722436,0.0024501397,0.11152973
5490463811979,43.233306146,0.9937111,0.009722859,0.002451233,0.1115245
5490483861661,43.253355828,0.9937111,0.009723505,0.002445933,0.11152454
5490503911344,43.273405511,0.99371225,0.009728785,0.0024466324,0.11151391
5490523961027,43.293455194,0.99371284,0.009725198,0.0024543838,0.111508735
5490544010710,43.313504877,0.993713,0.009717094,0.0024512843,0.11150879
5490564060393,43.33355456,0.993714,0.009729145,0.0024503304,0.11149814
5490584110077,43.353604244,0.99371463,0.009722359,0.0024554604,0.111492984
5490604159759,43.373653926,0.9937147,0.009722074,0.0024408246,0.1114929
5490624209442,43.393703609,0.99371475,0.009724221,0.0024444729,0.11149298
5490644259125,43.413753292,0.9937152,0.009724802,0.0024392186,0.111487605
5490664308808,43.433802975,0.9937165,0.009722399,0.0024275726,0.1114769
5490684389008,43.453883175,0.9937178,0.009711811,0.0024277717,0.11146638
5490704438691,43.473932858,0.99371797,0.009703153,0.0024167139,0.111466385
5490724488374,43.493982541,0.9937178,0.009717302,0.0024206396,0.111466415
5490744538057,43.514032224,0.9937189,0.009724499,0.0024196315,0.11145579
5490764587740,43.534081907,0.9937195,0.009723891,0.0024249894,0.11145054
5490784637422,43.554131589,0.99371994,0.0097386055,0.0024374386,0.1114453
5490804717623,43.57421179,0.9937192,0.009736609,0.0024403546,0.111450665
5490824797822,43.594291989,0.9937192,0.009737018,0.00244237,0.11145073
5490844847506,43.614341673,0.99371934,0.009727555,0.002438757,0.11145077
5490864897189,43.634391356,0.9937199,0.009739368,0.0024539914,0.11144562
5490884946872,43.654441039,0.99372107,0.009737345,0.0024517623,0.11143503
5490904996555,43.674490722,0.99372286,0.009733712,0.0024535127,0.11141919
5490925046237,43.694540404,0.99372405,0.00972904,0.0024583484,0.11140874
5490945126438,43.714620605,0.99372345,0.009719464,0.0024637922,0.1114142
5490965176121,43.734670288,0.99372417,0.009715823,0.0024694342,0.11140904
5490985225803,43.75471997,0.9937236,0.009704434,0.0024737357,0.11141448
5491005275486,43.774769653,0.99372524,0.009712137,0.0024883042,0.1113987
5491025325169,43.794819336,0.99372643,0.009711051,0.00248498,0.1113881
5491045374852,43.814869019,0.9937264,0.00971732,0.0024879666,0.111388154
5491065455052,43.834949219,0.99372745,0.009726501,0.0024869079,0.11137754
5491085504735,43.854998902,0.9937274,0.009730624,0.0024981317,0.11137763
5491105554418,43.875048585,0.99372804,0.009732541,0.002501547,0.1113724
5491125604101,43.895098268,0.99372864,0.009729851,0.0024963014,0.11136712
5491145653785,43.915147952,0.99373055,0.00971599,0.0024788333,0.11135116
5491165733984,43.935228151,0.9937323,0.009720433,0.0024737096,0.11133527
5491185783667,43.955277834,0.9937328,0.009735937,0.0024735387,0.11132995
5491205833350,43.975327517,0.9937343,0.009751892,0.0024734302,0.111314
5491225883032,43.995377199,0.99373555,0.00975641,0.002471145,0.11130342
5491245932716,44.015426883,0.99373734,0.009753997,0.0024732922,0.11128758
5491265982399,44.035476566,0.9937378,0.009761247,0.0024702174,0.11128228
5491286032082,44.055526249,0.99373907,0.009766527,0.0024709161,0.11127167
5491306081765,44.075575932,0.9937394,0.009776133,0.0024850315,0.1112665
5491326131448,44.095625615,0.9937412,0.009774376,0.0024788126,0.11125063
5491346181130,44.115675297,0.9937437,0.009758748,0.0024770375,0.11122963
5491366261331,44.135755498,0.99374557,0.009766729,0.0024582052,0.111213684
5491386311014,44.155805181,0.9937455,0.009770407,0.0024643217,0.111213826
5491406360697,44.175854864,0.993746,0.009778276,0.0024804936,0.111208655
5491426410379,44.195904546,0.99374664,0.009772713,0.0024822077,0.11120343
5491446460062,44.215954229,0.9937465,0.009773456,0.0024829751,0.1112035
5491466509746,44.236003913,0.9937471,0.0097726425,0.002477649,0.11119823
5491486589945,44.256084112,0.99374884,0.009777746,0.002474321,0.111182325
5491506639628,44.276133795,0.99374944,0.009778937,0.0024725092,0.11117702
5491526689311,44.296183478,0.99375004,0.009777189,0.0024752822,0.111171775
5491546738995,44.316233162,0.99375117,0.009782689,0.0024663287,0.11116113
5491566819194,44.336313361,0.99375176,0.009781704,0.0024601994,0.11115587
5491586868877,44.356363044,0.99375176,0.009792736,0.0024550126,0.111155905
5491606918560,44.376412727,0.9937523,0.009796552,0.0024645866,0.111150704
5491626968244,44.396462411,0.99375325,0.009807696,0.0024827821,0.1111403
5491647017927,44.416512094,0.9937539,0.009803037,0.0024795358,0.11113513
5491667098126,44.436592293,0.9937539,0.00981019,0.002451522,0.11113497
5491687208843,44.45670301,0.9937546,0.0097978385,0.0024392605,0.111129664
5491707258526,44.476752693,0.9937559,0.009807437,0.002421603,0.11111888
5491727308210,44.496802377,0.9937562,0.0098203365,0.0024373066,0.111113705
5491747357892,44.516852059,0.9937568,0.009822998,0.0024516326,0.11110858
5491767407575,44.536901742,0.99375784,0.009830949,0.0024559335,0.111098014
5491787457258,44.556951425,0.993758,0.009816016,0.002445189,0.11109802
5491807506941,44.577001108,0.9937588,0.009802444,0.0024293566,0.11109267
5491827556624,44.597050791,0.9937569,0.009809616,0.00243387,0.11110863
5491847606307,44.617100474,0.99375695,0.009801212,0.0024324153,0.11110863
5491867655989,44.637150156,0.9937577,0.00978601,0.0024235116,0.111103304
5491887705673,44.65719984,0.9937578,0.009788176,0.0024315685,0.11110343
5491907755356,44.677249523,0.9937578,0.009785439,0.002427009,0.11110345
5491927805039,44.697299206,0.99375844,0.009770927,0.002431273,0.11109831
5491947854722,44.717348889,0.9937591,0.00976543,0.0024329084,0.11109309
5491967934922,44.737429089,0.9937584,0.009776856,0.0024321685,0.11109838
5491987984605,44.757478772,0.9937584,0.009772466,0.002440824,0.1110985
5492008034288,44.777528455,0.9937585,0.009761624,0.0024368407,0.11109854
5492028083971,44.797578138,0.99375796,0.009747969,0.0024433623,0.111104004
5492048133653,44.81762782,0.9937572,0.00976105,0.0024488543,0.11110934
5492068183336,44.837677503,0.99375796,0.009753413,0.002440635,0.111104034
5492088233019,44.857727186,0.99375755,0.00973844,0.0024407469,0.11110946
5492108282703,44.87777687,0.9937581,0.009742037,0.0024427539,0.11110423
5492128362902,44.897857069,0.99375814,0.009734131,0.0024365862,0.111104295
5492148412585,44.917906752,0.9937576,0.009724307,0.002438901,0.11110978
5492168462268,44.937956435,0.9937584,0.009699884,0.0024396775,0.11110465
5492188511951,44.958006118,0.99375796,0.009691343,0.002432093,0.11111002
5492208561635,44.978055802,0.993758,0.009681995,0.002420743,0.11111001
5492228611318,44.998105485,0.9937593,0.009675227,0.002411144,0.111099385
5492248661000,45.018155167,0.99375945,0.009664777,0.0024097322,0.111099504
5492268710683,45.03820485,0.99375826,0.00965376,0.0024160498,0.11111025
5492288760366,45.058254533,0.993759,0.009645131,0.0024137415,0.11110497
5492308810049,45.078304216,0.9937591,0.009632264,0.00241563,0.111105055
5492328859732,45.098353899,0.9937585,0.0096293995,0.0024126905,0.11111037
5492348939932,45.118434099,0.9937579,0.00962987,0.0024202466,0.11111579
5492368989615,45.138483782,0.9937581,0.009607085,0.0024189919,0.11111592
5492389039298,45.158533465,0.9937592,0.009610623,0.0024118882,0.11110526
5492409088981,45.178583148,0.9937586,0.009610636,0.002411837,0.11111057
5492429138664,45.198632831,0.99375874,0.009611824,0.0024012248,0.11111048
5492449188347,45.218682514,0.99375886,0.009599299,0.002396411,0.11111053
5492469238030,45.238732197,0.9937577,0.009593425,0.0024010215,0.11112121
5492489318229,45.258812396,0.9937571,0.0095919855,0.0023938646,0.111126475
5492509367913,45.27886208,0.9937571,0.009582619,0.0024076956,0.111126654
5492529417596,45.298911763,0.99375725,0.009574058,0.002393914,0.11112659
5492549467279,45.318961446,0.99375784,0.009574539,0.0023958646,0.11112136
5492569516962,45.339011129,0.9937579,0.009564275,0.0024014732,0.111121505
5492589566645,45.359060812,0.9937585,0.009566032,0.0023932327,0.11111616
5492609616327,45.379110494,0.99375856,0.009561003,0.0023942958,0.11111625
5492629666010,45.399160177,0.99375916,0.009558082,0.0023954737,0.11111104
5492649715693,45.41920986,0.9937598,0.009562184,0.0023871146,0.11110572
5492669765377,45.439259544,0.9937616,0.009561241,0.0023785175,0.11108978
5492689815060,45.459309227,0.9937615,0.009569606,0.0023824233,0.111089826
5492709864743,45.47935891,0.9937615,0.009563559,0.0023939337,0.11109002
5492729914425,45.499408592,0.99376154,0.009556469,0.002388567,0.111090064
5492749964108,45.519458275,0.99376166,0.009543963,0.002385244,0.11109018
5492770013791,45.539507958,0.9937624,0.009529399,0.0023822703,0.111085005
5492790063474,45.559557641,0.9937629,0.00953335,0.0023832724,0.11107977
5492810113158,45.579607325,0.9937635,0.009531384,0.0023809471,0.111074485
5492830162841,45.599657008,0.99376416,0.009534079,0.0023837183,0.11106926
5492850212523,45.61970669,0.9937647,0.009529352,0.0023778696,0.111063905
5492870262206,45.639756373,0.99376535,0.009533163,0.0023766372,0.111058615
5492890311889,45.659806056,0.99376416,0.009534083,0.0023801846,0.111069284
5492910361572,45.679855739,0.9937641,0.009527215,0.0023884475,0.11106939
5492930411255,45.699905422,0.9937629,0.00952751,0.002397331,0.1110801
5492950460937,45.719955104,0.9937641,0.009536396,0.0023969335,0.11106949
5492970510621,45.740004788,0.99376404,0.009541702,0.0023975265,0.11106948
5492990560304,45.760054471,0.9937638,0.009551721,0.0024040188,0.111069486
5493010609987,45.780104154,0.9937639,0.0095480345,0.0024066255,0.111069575
5493030659670,45.800153837,0.9937628,0.009542361,0.0023970804,0.11108017
5493050739870,45.820234037,0.9937633,0.009537182,0.0023994187,0.111074924
5493070789553,45.84028372,0.9937651,0.009544564,0.0024044546,0.11105904
5493090839236,45.860333403,0.993765,0.009552925,0.0024141117,0.11105914
5493110888919,45.880383086,0.9937644,0.009551455,0.0024171432,0.111064516
5493130938602,45.900432769,0.9937644,0.009549388,0.0024255286,0.11106464
5493150988284,45.920482451,0.9937644,0.00954668,0.0024285992,0.11106472
5493171007451,45.940501618,0.99376494,0.009549947,0.002427415,0.11105941
5493191057133,45.9605513,0.9937654,0.009558382,0.0024314688,0.11105415
5493211106816,45.980600983,0.9937656,0.009553524,0.0024207905,0.111054145
5493231156499,46.000650666,0.99376553,0.00954986,0.0024171935,0.11105416
5493251206183,46.02070035,0.9937666,0.0095610395,0.002413175,0.11104347
5493271255866,46.040750033,0.9937672,0.00957164,0.002414412,0.11103815
5493291305549,46.060799716,0.99376714,0.0095685525,0.0024073042,0.111038096
5493311355231,46.080849398,0.99376774,0.009569949,0.0024046078,0.11103281
5493331404914,46.100899081,0.9937666,0.009572715,0.0023996572,0.11104346
5493351424080,46.120918247,0.99376667,0.009563616,0.002399879,0.11104355
5493371473763,46.14096793,0.99376714,0.009570493,0.0024032397,0.111038305
5493391523446,46.161017613,0.9937671,0.009584497,0.0024068,0.111038364
5493411573129,46.181067296,0.99376696,0.009593623,0.0024092917,0.111038424
5493431622812,46.201116979,0.9937663,0.009596525,0.0024057128,0.11104375
5493451672495,46.221166662,0.99376744,0.009599969,0.0023991845,0.11103318
5493471722178,46.241216345,0.99376684,0.009599428,0.002398322,0.11103858
5493491771861,46.261266028,0.9937668,0.009611665,0.0023903844,0.11103853
5493511821544,46.281315711,0.99376786,0.009619538,0.002389614,0.111027904
5493531871227,46.301365394,0.9937691,0.009624819,0.0023903097,0.111017294
5493551920910,46.321415077,0.9937684,0.009623366,0.0023919074,0.11102267
5493571970593,46.34146476,0.99376774,0.009626787,0.002394597,0.111028045
5493592020275,46.361514442,0.99376774,0.0096257655,0.002400783,0.11102818
5493612069958,46.381564125,0.99376845,0.0096244905,0.002397095,0.11102291
5493632119642,46.401613809,0.99376833,0.00963523,0.0023955442,0.1110229
5493652169325,46.421663492,0.9937687,0.009656442,0.0023979668,0.11101754
5493672219008,46.441713175,0.99376863,0.009661156,0.0024038658,0.11101758
5493692268691,46.461762858,0.99376863,0.009660563,0.002409172,0.11101763
5493712287857,46.481782024,0.993768,0.009663641,0.002412433,0.111022994
5493732337540,46.501831707,0.9937685,0.009661574,0.0024239505,0.11101788
5493752387222,46.521881389,0.9937691,0.0096630715,0.0024160442,0.11101254
5493772528456,46.542022623,0.99376976,0.009659325,0.0024136924,0.11100726
5493792578140,46.562072307,0.99376917,0.009658457,0.0024110626,0.11101261
5493812627823,46.58212199,0.99376863,0.009661659,0.002406588,0.11101796
5493832677506,46.602171673,0.9937686,0.009666401,0.002405578,0.11101796
5493852727188,46.622221355,0.9937666,0.009670559,0.0024166284,0.111033954
5493872776871,46.642271038,0.9937666,0.009681766,0.002412508,0.111033894
5493892826554,46.662320721,0.99376774,0.009685412,0.0024070106,0.111023225
5493912876237,46.682370404,0.9937683,0.009690706,0.0024076551,0.111017905
5493932925921,46.702420088,0.99376875,0.009701305,0.0024088924,0.11101257
5493952975603,46.72246977,0.9937687,0.0097041335,0.0024119518,0.11101263
5493973025286,46.742519453,0.99376947,0.009699408,0.0024061047,0.1110073
5493993074969,46.762569136,0.9937693,0.009704714,0.0024066973,0.11100727
5494013124652,46.782618819,0.99376994,0.009710008,0.002407342,0.11100197
5494033174335,46.802668502,0.99376875,0.009706346,0.0024076235,0.111012675
5494053224018,46.822718185,0.9937699,0.009710659,0.0024057585,0.11100207
5494073243184,46.842737351,0.9937687,0.009710685,0.0024056549,0.11101268
5494093292867,46.862787034,0.9937693,0.009710081,0.0024110049,0.11100744
5494113342550,46.882836717,0.99376935,0.009703249,0.0024096381,0.11100746
5494133392232,46.902886399,0.99376875,0.009702076,0.0024201989,0.11101287
5494153441916,46.922936083,0.99376863,0.009701483,0.0024255048,0.111012906
5494173491599,46.942985766,0.99376804,0.009701496,0.0024254532,0.11101821
5494193541282,46.963035449,0.99376744,0.009701509,0.0024254015,0.111023515
5494213590965,46.983085132,0.99376756,0.009690303,0.002429522,0.11102359
5494233640647,47.003134814,0.9937676,0.00968559,0.002423623,0.11102355
5494253690330,47.023184497,0.9937671,0.009680828,0.0024322115,0.11102898
5494273740013,47.04323418,0.99376655,0.009678542,0.0024187975,0.1110342
5494293789697,47.063283864,0.993766,0.0096711535,0.002415904,0.11103954
5494313808862,47.083303029,0.9937666,0.009667418,0.0024186121,0.11103431
5494333858545,47.103352712,0.99376726,0.009670876,0.0024120526,0.11102898
5494353908228,47.123402395,0.9937673,0.009663691,0.0023986723,0.1110289
5494373957912,47.143452079,0.9937673,0.009657239,0.0024111532,0.11102909
5494394007595,47.163501762,0.9937685,0.0096574025,0.0024191786,0.1110186
5494414057277,47.183551444,0.99376905,0.009662103,0.0024251293,0.11101333
5494434106960,47.203601127,0.9937695,0.009672702,0.0024263663,0.111007996
5494454156643,47.22365081,0.9937684,0.009663053,0.0024327226,0.111018755
5494474206326,47.243700493,0.9937697,0.00966014,0.0024212527,0.11100817
5494494256009,47.263750176,0.9937692,0.009642191,0.0024132943,0.111013636
5494514305693,47.28379986,0.99376875,0.009634731,0.002397347,0.11101897
5494534355375,47.303849542,0.99376875,0.00963217,0.0023976064,0.11101905
5494554374541,47.323868708,0.9937688,0.009622938,0.0024003992,0.111019224
5494574454741,47.343948908,0.99376947,0.009619267,0.002382399,0.11101389
5494594473907,47.363968074,0.9937684,0.009609359,0.0023688197,0.11102454
5494614523590,47.384017757,0.99376786,0.009602524,0.0023693382,0.11102993
5494634573273,47.40406744,0.99376786,0.009600388,0.0023676353,0.111029945
5494654653472,47.424147639,0.9937678,0.009605101,0.0023735345,0.11102998
5494674672639,47.444166806,0.9937672,0.009604889,0.0023641558,0.11103528
5494694722321,47.464216488,0.99376655,0.009608876,0.002378296,0.11104083
5494714833038,47.484327205,0.9937667,0.009591096,0.0023749766,0.11104097
5494734882721,47.504376888,0.9937662,0.009585489,0.0023746693,0.11104639
5494754932405,47.524426572,0.99376553,0.009589324,0.002372128,0.11105171
5494774982088,47.544476255,0.99376565,0.00958696,0.0023645086,0.11105169
5494795001253,47.56449542,0.99376625,0.009584528,0.0023632862,0.111046396
5494815050937,47.584545104,0.9937668,0.009593359,0.002352177,0.11104099
5494835100620,47.604594787,0.99376744,0.009587369,0.002358449,0.111035824
5494855150303,47.62464447,0.9937687,0.009583899,0.002347717,0.111025214
5494875199985,47.644694152,0.9937685,0.009596431,0.002346624,0.1110252
5494895249668,47.664743835,0.99376845,0.009601144,0.002352523,0.11102524
5494915299351,47.684793518,0.9937678,0.009605277,0.0023636771,0.11103063
5494935349034,47.704843201,0.9937678,0.009604388,0.0023603772,0.11103066
5494955398718,47.724892885,0.9937671,0.009611848,0.002374683,0.111036114
5494975448401,47.744942568,0.99376655,0.00960371,0.002377791,0.1110415
5494995498083,47.76499225,0.99376714,0.009604806,0.002376141,0.1110362
5495015547766,47.785041933,0.9937671,0.009610113,0.0023767338,0.11103618
5495035566932,47.805061099,0.99376774,0.009605386,0.002370886,0.11103084
5495055647132,47.825141299,0.9937672,0.009597937,0.002372118,0.11103623
5495075666298,47.845160465,0.993769,0.00958999,0.0023795771,0.11102043
5495095715981,47.865210148,0.9937697,0.009588101,0.0023776374,0.11101516
5495115765664,47.885259831,0.9937702,0.009591616,0.0023942003,0.11101
5495135815347,47.905309514,0.99377143,0.0095841745,0.0023879611,0.11099945
5495155865029,47.925359196,0.99377257,0.0095868,0.0023874585,0.11098894
5495175914713,47.94540888,0.99377316,0.009585187,0.0023829956,0.11098368
5495195964396,47.965458563,0.9937755,0.009582449,0.0023892622,0.1109626
5495216014079,47.985508246,0.9937743,0.009597188,0.0023815713,0.11097317
5495236033245,48.005527412,0.99377495,0.009588966,0.0023776805,0.11096791
5495256082928,48.025577095,0.9937743,0.009595385,0.0023758507,0.11097321
5495276132611,48.045626778,0.99377626,0.009578044,0.0023713687,0.11095734
5495296182294,48.065676461,0.99377745,0.009576888,0.0023681994,0.110946745
5495316231976,48.085726143,0.99377805,0.009578468,0.0023648283,0.11094146
5495336281659,48.105775826,0.9937787,0.009572557,0.0023695934,0.11093622
5495356331342,48.125825509,0.9937793,0.009561931,0.0023684595,0.11093092
5495376381025,48.145875192,0.99377865,0.009565473,0.0023849197,0.110936366
5495396430709,48.165924876,0.99377805,0.009564301,0.0023954813,0.110941775
5495416480392,48.185974559,0.9937775,0.009548394,0.002393653,0.1109471
5495436530074,48.206024241,0.9937776,0.009546618,0.0024095722,0.11094727
5495456579757,48.226073924,0.9937769,0.009544261,0.0024307466,0.11095279
5495476598924,48.246093091,0.9937787,0.009538323,0.0024356134,0.11093693
5495496648606,48.266142773,0.9937805,0.009530627,0.0024421958,0.11092118
5495516698289,48.286192456,0.99378175,0.009532817,0.0024367901,0.110910624
5495536747972,48.306242139,0.9937832,0.009513466,0.002433162,0.11090017
5495556797655,48.326291822,0.9937842,0.009511169,0.0024444584,0.110889725
5495576847338,48.346341505,0.9937854,0.009513017,0.0024372553,0.11087907
5495596897020,48.366391187,0.99378604,0.00951478,0.002421387,0.11087361
5495616946704,48.386440871,0.9937842,0.009526024,0.0024171122,0.11088945
5495636996387,48.406490554,0.99378425,0.009520717,0.0024165201,0.110889465
5495657046070,48.426540237,0.9937849,0.009515397,0.0024159788,0.110884175
5495677095753,48.44658992,0.9937851,0.0095000705,0.0024088963,0.11088416
5495697145436,48.466639603,0.9937857,0.009489444,0.0024077627,0.11087886
5495717164602,48.486658769,0.99378645,0.009484126,0.0024072216,0.11087359
5495737305835,48.506800002,0.99378765,0.009474094,0.002400842,0.11086295
5495757325002,48.526819169,0.9937883,0.009478818,0.0024068183,0.11085767
5495777374685,48.546868852,0.9937894,0.00948655,0.0024091736,0.11084714
5495797393851,48.566888018,0.9937899,0.009481822,0.0024033259,0.11084178
5495817443534,48.586937701,0.9937911,0.009481206,0.0024087252,0.11083124
5495837493216,48.606987383,0.9937922,0.009491793,0.00241001,0.1108206
5495857542899,48.627037066,0.9937915,0.00949652,0.0024158575,0.11082594
5495877562066,48.647056233,0.9937922,0.009494018,0.002421575,0.11082079
5495897611748,48.667105915,0.9937922,0.00948342,0.002420393,0.1108208
5495917661431,48.687155598,0.99379355,0.009476582,0.0024172247,0.110810235
5495937711114,48.707205281,0.9937947,0.009479344,0.0024192352,0.1107997
5495957760797,48.727254964,0.99379516,0.009489005,0.0024263023,0.110794514
5495977810481,48.747304648,0.99379563,0.00950043,0.0024252953,0.1107892
5495997860163,48.76735433,0.9937956,0.009494367,0.0024286553,0.11078927
5496017909846,48.787404013,0.99379563,0.009487836,0.002430708,0.11078936
5496037959529,48.807453696,0.99379677,0.009491835,0.0024236548,0.110778704
5496058009212,48.827503379,0.99379814,0.009484271,0.0024246827,0.110768184
5496078058895,48.847553062,0.9937994,0.00947385,0.0024326844,0.1107577
5496098108578,48.867602745,0.9937993,0.009477915,0.0024312383,0.1107577
5496118158261,48.887652428,0.99379975,0.009492797,0.0024312919,0.110752374
5496138207944,48.907702111,0.9938004,0.009486291,0.0024325834,0.11074715
5496158257627,48.927751794,0.99380094,0.009486145,0.0024466536,0.110742
5496178307310,48.947801477,0.9938008,0.009486308,0.0024671417,0.1107422
5496198356993,48.96785116,0.9938021,0.00948838,0.0024658828,0.1107316
5496218406676,48.987900843,0.9938026,0.009493833,0.0024673466,0.110726364
5496238456358,49.007950525,0.9938038,0.009490878,0.002467068,0.11071585
5496258506041,49.028000208,0.9938038,0.009490878,0.002467068,0.11071585
5496278555725,49.048049892,0.9938043,0.009492196,0.0024826967,0.11071069
5496298605408,49.068099575,0.9938049,0.009490529,0.002487521,0.11070542
5496318655091,49.088149258,0.99380606,0.009488709,0.002475546,0.1106947
5496338704774,49.108198941,0.99380666,0.009498406,0.0024706416,0.110689335
5496358754456,49.128248623,0.9938083,0.009505972,0.00247537,0.11067346
5496378804139,49.148298306,0.9938088,0.009512825,0.0024836035,0.11066826
5496398853822,49.168347989,0.99380934,0.009517527,0.0024895517,0.11066299
5496418872988,49.188367155,0.99380994,0.009516923,0.002494909,0.11065774
5496438922671,49.208416838,0.99381113,0.0095104175,0.0025050174,0.11064725
5496458972354,49.228466521,0.9938117,0.009510997,0.002497229,0.110641904
5496479022038,49.248516205,0.99381286,0.009523982,0.0024948798,0.1106313
5496499071721,49.268565888,0.9938133,0.009535734,0.002494623,0.11062607
5496519121403,49.28861557,0.993815,0.009532116,0.0025120913,0.110610396
5496539171086,49.308665253,0.9938156,0.009531512,0.0025174487,0.11060514
5496559190253,49.32868442,0.99381673,0.009536201,0.0025234476,0.11059457
5496579239935,49.348734102,0.9938167,0.00954091,0.0025293357,0.11059461
5496599289618,49.368783785,0.99381745,0.009525506,0.0025144634,0.11058934
5496619339301,49.388833468,0.9938175,0.00951648,0.002504715,0.11058942
5496639388984,49.408883151,0.99381745,0.009520606,0.0025159186,0.11058951
5496659438667,49.428932834,0.993819,0.009534714,0.0025337623,0.1105737
5496679457833,49.448952,0.99381965,0.009529394,0.0025332228,0.11056841
5496699507516,49.469001683,0.9938214,0.009529345,0.0025404042,0.11055265
5496719557199,49.489051366,0.993822,0.009530793,0.002530452,0.11054734
5496739698433,49.5091926,0.9938237,0.009534586,0.0025273452,0.11053144
5496759717598,49.529211765,0.99382544,0.009536641,0.0025352084,0.110515565
5496779767282,49.549261449,0.99382466,0.009550882,0.0025397064,0.1105209
5496799847482,49.569341649,0.9938251,0.009565608,0.002552141,0.110515654
5496819897164,49.589391331,0.99382687,0.009564397,0.0025444564,0.11049968
5496839946847,49.609441014,0.9938275,0.009560724,0.0025399842,0.11049441
5496859996531,49.629490698,0.99382824,0.009560484,0.0025266842,0.11048904
5496880046214,49.649540381,0.9938288,0.009566407,0.002522042,0.11048376
5496900126413,49.66962058,0.9938287,0.009561507,0.002519955,0.11048386
5496920176096,49.689670263,0.99382985,0.009565197,0.0025234192,0.11047329
5496940225779,49.709719946,0.9938286,0.009580554,0.0025303937,0.11048393
5496960275463,49.72976963,0.993829,0.009598534,0.0025294917,0.11047861
5496980325146,49.749819313,0.993829,0.009599709,0.0025215126,0.11047859
5497000374828,49.769868995,0.9938283,0.009610889,0.0025240094,0.11048396
5497020424511,49.789918678,0.9938276,0.009625745,0.002521419,0.110489264
5497040474194,49.809968361,0.99382824,0.009619164,0.0025123032,0.11048395
5497060523877,49.830018044,0.9938282,0.009623187,0.0025101043,0.11048396
5497080573560,49.850067727,0.9938288,0.0096233515,0.0025149565,0.1104788
5497100623244,49.870117411,0.9938299,0.009625926,0.002502824,0.110468194
5497120642409,49.890136576,0.9938304,0.009633332,0.0025085025,0.11046302
5497140692092,49.910186259,0.9938303,0.009643703,0.002501411,0.11046298
5497160741776,49.930235943,0.9938314,0.009647803,0.002512717,0.11045246
5497180791458,49.950285625,0.9938314,0.00964559,0.0025162662,0.110452525
5497200841141,49.970335308,0.9938307,0.009660188,0.0025159952,0.11045781
5497220890824,49.990384991,0.9938319,0.009670775,0.002517278,0.11044718
5497240940507,50.010434674,0.9938312,0.009680918,0.0025048142,0.11045239
5497260990190,50.030484357,0.9938317,0.009675603,0.002511395,0.11044721
5497281039872,50.050534039,0.9938328,0.009679236,0.0025140415,0.110436656
5497301089555,50.070583722,0.9938348,0.009667608,0.0025140475,0.11042085
5497321139239,50.090633406,0.9938359,0.009663038,0.0025156918,0.1104103
5497341188922,50.110683089,0.9938365,0.00966256,0.0025115206,0.11040502
5497361208087,50.130702254,0.9938372,0.0096677495,0.0025029413,0.110399686
5497381257771,50.150751938,0.9938378,0.009668378,0.002499042,0.11039441
5497401307454,50.170801621,0.99383837,0.0096680205,0.0024932781,0.11038914
5497421357137,50.190851304,0.993839,0.009662175,0.002488581,0.110383876
5497441406820,50.210900987,0.9938398,0.009645686,0.0024801698,0.110378645
5497461456502,50.230950669,0.99384034,0.0096481545,0.0024701213,0.1103733
5497481506185,50.251000352,0.99384147,0.009646829,0.0024767714,0.11036282
5497501555868,50.271050035,0.9938414,0.009659302,0.0024870709,0.11036292
5497521575034,50.291069201,0.99384207,0.009651322,0.0024834203,0.11035766
5497541624717,50.311118884,0.99384326,0.009643523,0.002484982,0.11034715
5497561674400,50.331168567,0.993842,0.009646575,0.0024855654,0.11035786
5497581724083,50.35121825,0.9938414,0.009647706,0.0024790429,0.110363215
5497601773767,50.371267934,0.9938415,0.009644564,0.0024741485,0.110363275
5497621823449,50.391317616,0.9938427,0.009645688,0.0024712821,0.11035268
5497641842615,50.411336782,0.99384266,0.009652346,0.0024687196,0.11035268
5497661892298,50.431386465,0.99384314,0.009662695,0.0024613466,0.11034733
5497681941981,50.451436148,0.99384373,0.009661565,0.0024592925,0.11034205
5497701991664,50.471485831,0.9938443,0.009660373,0.0024699576,0.11033685
5497722041347,50.491535514,0.99384433,0.009654477,0.0024746752,0.110336915
5497742121547,50.511615714,0.99384487,0.009648567,0.002479444,0.110331655
5497762171230,50.531665397,0.99384564,0.009645612,0.0024658395,0.110326275
5497782220913,50.55171508,0.99384624,0.0096392585,0.0024710333,0.11032112
5497802240079,50.571734246,0.99384683,0.009639498,0.0024665894,0.110315844
5497822289762,50.591783929,0.99384737,0.009641737,0.0024701469,0.11031061
5497842339445,50.611833612,0.9938486,0.009630949,0.0024774403,0.11030013
5497862389128,50.631883295,0.99384975,0.009635229,0.00246446,0.11028943
5497882438811,50.651932978,0.9938504,0.009636443,0.0024706926,0.11028428
5497902488493,50.67198266,0.993851,0.009624731,0.0024701783,0.11027906
5497922538176,50.692032343,0.9938522,0.009625344,0.0024623876,0.11026841
5497942587859,50.712082026,0.99385273,0.009630637,0.0024630278,0.11026309
5497962637543,50.73213171,0.99385333,0.009631213,0.0024577726,0.11025773
5497982687226,50.752181393,0.993854,0.0096232,0.0024484443,0.11025242
5498002706391,50.772200558,0.99385464,0.009617622,0.00244297,0.11024716
5498022756075,50.792250242,0.99385536,0.009618198,0.0024377229,0.11024182
5498042805758,50.812299925,0.99385643,0.009628196,0.0024443096,0.110231236
5498062855440,50.832349607,0.9938558,0.009623515,0.0024573081,0.11023672
5498082874607,50.852368774,0.99385643,0.009616575,0.00244843,0.11023141
5498102924290,50.872418457,0.99385655,0.009607457,0.0024421667,0.110231474
5498122973972,50.892468139,0.99385774,0.009606832,0.002443348,0.11022094
5498143023655,50.912517822,0.993859,0.009595356,0.0024498377,0.11021047
5498163042821,50.932536988,0.99385905,0.00958931,0.002445999,0.1102105
5498183092504,50.952586671,0.9938596,0.009583751,0.0024490764,0.110205255
5498203142187,50.972636354,0.9938601,0.009590144,0.002448028,0.110199936
5498223161353,50.99265552,0.99386084,0.009586717,0.002445238,0.11019467
5498243211036,51.012705203,0.9938626,0.009578213,0.00244736,0.11017886
5498263260719,51.032754886,0.99386275,0.009568187,0.0024408766,0.110178836
5498283310402,51.052804569,0.99386334,0.009566064,0.0024448547,0.1101736
5498303360085,51.072854252,0.9938641,0.009552165,0.002446923,0.1101684
5498323409767,51.092903934,0.99386454,0.009549333,0.002472352,0.11016332
5498343459450,51.112953617,0.99386406,0.009539785,0.002473961,0.11016872
5498363478617,51.132972784,0.9938654,0.009538545,0.0024647086,0.11015811
5498383528299,51.153022466,0.99386585,0.009533634,0.002476579,0.110153
5498403577982,51.173072149,0.9938669,0.009544809,0.0024725504,0.110142305
5498423627665,51.193121832,0.9938681,0.009536226,0.0024804007,0.11013183
5498443677349,51.213171516,0.9938688,0.009527609,0.0024820967,0.11012663
5498463727032,51.233221199,0.9938701,0.009523609,0.0024713469,0.11011601
5498483746197,51.253240364,0.99387115,0.009531689,0.0024743197,0.110105455
5498503795881,51.273290048,0.9938712,0.009525803,0.0024790314,0.11010552
5498523845564,51.293339731,0.9938712,0.00951932,0.0024890571,0.110105634
5498543895246,51.313389413,0.9938718,0.009518718,0.0024944148,0.11010038
5498563944929,51.333439096,0.99387246,0.009507627,0.002495872,0.11009518
5498583994612,51.353488779,0.9938724,0.009510877,0.0025037855,0.1100953
5498604044295,51.373538462,0.9938736,0.009510262,0.002509194,0.110084735
5498624093978,51.393588145,0.9938742,0.009510249,0.0025092447,0.11007943
5498644113144,51.413607311,0.993876,0.0095107965,0.0025040903,0.110063456
5498664162827,51.433656994,0.9938766,0.009509839,0.0024939606,0.11005815
5498684212510,51.453706677,0.99387777,0.009507209,0.0024827283,0.11004754
5498704262192,51.473756359,0.993878,0.009487992,0.0024819393,0.11004768
5498724311876,51.493806043,0.9938785,0.009486068,0.0024849132,0.11004244
5498744361559,51.513855726,0.9938791,0.009496082,0.0024914462,0.11003717
5498764411242,51.533905409,0.9938802,0.0094996495,0.0024928057,0.110026635
5498784460925,51.553955092,0.99388075,0.009503491,0.0024944083,0.110021405
5498804480091,51.573974258,0.99388194,0.009501613,0.002490136,0.110010825
5498824529774,51.594023941,0.9938825,0.009498271,0.002497709,0.110005654
5498844579457,51.614073624,0.99388313,0.009490122,0.002493751,0.110000394
5498864629140,51.634123307,0.9938843,0.009489417,0.00249086,0.10998981
5498884678822,51.654172989,0.99388486,0.009491988,0.0024972411,0.10998464
5498904728505,51.674222672,0.99388665,0.009491499,0.002495049,0.10996874
5498924778188,51.694272355,0.9938878,0.009496981,0.0024880732,0.10995808
5498944797354,51.714291521,0.9938889,0.009501081,0.0024855714,0.10994749
5498964847037,51.734341204,0.9938895,0.009493701,0.0024975296,0.109942384
5498984896720,51.754390887,0.9938901,0.009492926,0.002493551,0.10993712
5499004946404,51.774440571,0.9938907,0.009491603,0.0024959191,0.10993189
5499024996087,51.794490254,0.99389124,0.009497223,0.00249315,0.10992661
5499045015252,51.814509419,0.9938918,0.0095029725,0.0024999217,0.10992144
5499065064936,51.834559103,0.9938923,0.00950628,0.0024948325,0.109916195
5499085114618,51.854608785,0.9938935,0.009506055,0.0024898443,0.10990563
5499105164301,51.874658468,0.9938935,0.009504155,0.0024847512,0.109905675
5499125213984,51.894708151,0.9938942,0.009490615,0.002479028,0.10990043
5499145263667,51.914757834,0.9938954,0.009491563,0.0024753858,0.10988984
5499165313350,51.934807517,0.99389666,0.009488124,0.0024749648,0.109879345
5499185363033,51.9548572,0.9938967,0.009481486,0.0024628816,0.10987937
5499205382199,51.974876366,0.9938972,0.00947983,0.002464637,0.10987413
5499225431882,51.994926049,0.99389786,0.009477767,0.0024719783,0.10986897
5499245481565,52.014975732,0.993899,0.009483318,0.002464641,0.10985832
5499265531247,52.035025414,0.993899,0.009481678,0.0024718689,0.10985845
5499285580931,52.055075098,0.9938995,0.009485798,0.00248312,0.10985324
5499305630614,52.075124781,0.9939001,0.009483263,0.0024860841,0.10984801
5499325680297,52.095174464,0.99390125,0.0094885435,0.002486772,0.10983738
5499345699463,52.11519363,0.9939018,0.00949739,0.0024740524,0.10983198
5499365749146,52.135243313,0.9939025,0.00948702,0.0024694437,0.10982673
5499385798829,52.155292996,0.99390304,0.009494437,0.0024613878,0.10982137
5499405848512,52.175342679,0.9939041,0.009497176,0.002476875,0.1098109
5499425898194,52.195392361,0.9939053,0.009495141,0.002474652,0.10980031
5499445947877,52.215442044,0.9939046,0.009504245,0.0024788778,0.109805666
5499465997560,52.235491727,0.99390465,0.009497411,0.0024810294,0.109805755
5499486077760,52.255571927,0.9939057,0.009500148,0.0024888213,0.10979526
5499506127443,52.27562161,0.9939063,0.009498952,0.0024819558,0.10978991
5499526146610,52.295640777,0.9939065,0.009491415,0.0024798196,0.10978995
5499546196292,52.315690459,0.9939063,0.009496049,0.0024939876,0.10979009
5499566245975,52.335740142,0.9939058,0.009487971,0.0025022062,0.109795526
5499586295658,52.355789825,0.9939052,0.009486398,0.0024999392,0.10980085
5499606345341,52.375839508,0.99390525,0.009492292,0.0024952188,0.1098008
5499626425541,52.395919708,0.99390465,0.009492892,0.002489861,0.10980605
5499646475224,52.415969391,0.99390537,0.009482249,0.0024887375,0.10980076
5499666524907,52.436019074,0.9939049,0.009472234,0.0024822073,0.109806046
5499686574590,52.456068757,0.9939042,0.009482275,0.0024886364,0.10981138
5499706624273,52.47611844,0.99390364,0.009474749,0.0024837712,0.10981674
5499726673956,52.496168123,0.99390244,0.009473581,0.0024870168,0.109827414
5499746723639,52.516217806,0.99390304,0.0094682705,0.0024946304,0.10982224
5499766773322,52.536267489,0.99390304,0.00946179,0.002504658,0.109822355
5499786823005,52.556317172,0.99390244,0.009460258,0.0025111407,0.1098278
5499806872688,52.576366855,0.9939025,0.009454544,0.0025071711,0.10982785
5499826983405,52.596477572,0.9939037,0.009447923,0.0025065665,0.10981735
5499847033088,52.616527255,0.99390316,0.009441962,0.0025114752,0.10982284
5499867113288,52.636607455,0.9939037,0.009447338,0.0025080019,0.10981756
5499887162971,52.656657138,0.99390423,0.009452488,0.0025116017,0.109812304
5499907212654,52.676706821,0.99390495,0.009446039,0.0025144005,0.10980709
5499927262336,52.696756503,0.99390495,0.009444151,0.002520995,0.10980723
5499947312019,52.716806186,0.9939049,0.009438257,0.0025257154,0.10980728
5499967361702,52.736855869,0.99390495,0.009425954,0.0025277324,0.10980738
5499987411386,52.756905553,0.993905,0.00943017,0.002525819,0.1098074
5500007461069,52.776955236,0.99390495,0.009435477,0.0025264053,0.10980739
5500027480234,52.796974401,0.99390435,0.009434904,0.002531662,0.109812744
5500047529918,52.817024085,0.9939038,0.009429033,0.002536325,0.10981811
5500067579601,52.837073768,0.9939044,0.009423126,0.002541096,0.10981286
5500087629283,52.85712345,0.99390435,0.0094260285,0.0025449444,0.109812915
5500107678966,52.877173133,0.9939032,0.00942679,0.0025356573,0.1098235
5500127728649,52.897222816,0.9939038,0.009423607,0.002538281,0.109818265
5500147778332,52.917272499,0.99390376,0.0094295,0.0025335604,0.1098182
5500167828015,52.937322182,0.99390435,0.0094294865,0.0025336107,0.10981289
5500187877699,52.957371866,0.9939044,0.00942418,0.0025330244,0.10981291
5500207927381,52.977421548,0.9939055,0.009428287,0.0025443253,0.10980238
5500227977064,52.997471231,0.9939055,0.009431249,0.00256614,0.10980258
5500248026747,53.017520914,0.9939048,0.009424548,0.0025678498,0.10980797
5500268076430,53.037570597,0.9939054,0.009423575,0.0025639173,0.1098027
5500288126113,53.05762028,0.9939055,0.009428334,0.0025643448,0.109802805
5500308175796,53.077669963,0.9939054,0.009431495,0.0025559678,0.10980287
5500328225478,53.097719645,0.9939048,0.00943158,0.002552354,0.10980832
5500348275162,53.117769329,0.9939043,0.009431834,0.0025373467,0.10981356
5500368324845,53.137819012,0.9939043,0.009431255,0.0025339888,0.10981359
5500388405044,53.157899211,0.9939032,0.009418768,0.0025275894,0.10982428
5500408424211,53.177918378,0.9939039,0.00941083,0.002517325,0.109818965
5500428504411,53.197998578,0.9939039,0.009411734,0.0025114028,0.10981901
5500448523576,53.218017743,0.99390346,0.00940286,0.0025045422,0.109824404
5500468573259,53.238067426,0.99390405,0.009394914,0.0025031527,0.109819226
5500488622943,53.25811711,0.99390346,0.009393236,0.0025023487,0.10982464
5500508672626,53.278166793,0.9939036,0.009382493,0.0024904478,0.10982467
5500528722309,53.298216476,0.99390244,0.009381184,0.0024792028,0.10983529
5500548771992,53.318266159,0.99390364,0.009382652,0.0024750738,0.1098247
5500568821674,53.338315841,0.99390537,0.009379603,0.0024904662,0.10980902
5500588871357,53.358365524,0.9939054,0.009374166,0.0024786438,0.10980902
5500608921040,53.378415207,0.9939054,0.009375128,0.0024678204,0.10980901
5500628970723,53.39846489,0.9939066,0.009383315,0.002463065,0.10979844
5500649020407,53.418514574,0.9939071,0.009389523,0.0024700575,0.10979325
5500669070089,53.438564256,0.9939077,0.009387135,0.0024702463,0.10978804
5500689119772,53.458613939,0.9939083,0.009386496,0.0024690896,0.10978283
5500709169455,53.478663622,0.99390876,0.009394241,0.002472196,0.10977758
5500729219138,53.498713305,0.9939093,0.00939696,0.0024692167,0.10977229
5500749268821,53.518762988,0.9939099,0.009395807,0.0024708584,0.109767064
5500769318504,53.538812671,0.9939097,0.009411142,0.0024779236,0.10976707
5500789398704,53.558892871,0.9939091,0.009411155,0.0024778733,0.10977238
5500809509421,53.579003588,0.99390906,0.009415296,0.0024890907,0.109772466
5500829528587,53.599022754,0.9939083,0.009430691,0.0024961273,0.1097778
5500849578270,53.619072437,0.9939077,0.009429768,0.0024986644,0.10978317
5500869627953,53.63912212,0.9939077,0.009428595,0.0025092785,0.10978328
5500889677636,53.659171803,0.9939082,0.009434475,0.002504608,0.109777905
5500909727319,53.679221486,0.9939083,0.009429168,0.0025040216,0.10977792
5500929777001,53.699271168,0.9939082,0.009431221,0.0025072685,0.10977798
5500949826685,53.719320852,0.9939089,0.009433733,0.0025040081,0.10977271
5500969876368,53.739370535,0.99390876,0.009444807,0.0025071278,0.10977275
5500989926051,53.759420218,0.9939093,0.009441107,0.0025027096,0.10976747
5501009975734,53.779469901,0.9939093,0.009449575,0.002501218,0.109767474
5501030025417,53.799519584,0.9939098,0.009460175,0.0025024407,0.10976214
5501050075099,53.819569266,0.99391097,0.00946001,0.0024899256,0.10975144
5501070124782,53.839618949,0.99391156,0.009456833,0.0024887694,0.10974623
5501090174465,53.859668632,0.99391216,0.009454481,0.002479219,0.1097409
5501110224149,53.879718316,0.99391395,0.009457408,0.0024836487,0.10972504
5501130243314,53.899737481,0.9939145,0.009462435,0.0024771267,0.109719686
5501150292997,53.919787164,0.9939156,0.009468359,0.002464886,0.109708995
5501170342681,53.939836848,0.9939162,0.009465032,0.00246631,0.10970377
5501190392364,53.959886531,0.9939163,0.009456434,0.002462736,0.10970381
5501210442046,53.979936213,0.9939169,0.009448402,0.0024601165,0.10969853
5501230491729,53.999985896,0.9939187,0.009449586,0.0024534308,0.10968256
5501250541412,54.020035579,0.99391866,0.009453722,0.0024646306,0.10968265
5501270591095,54.040085262,0.99391973,0.009466272,0.0024801954,0.10967218
5501290640778,54.060134945,0.9939196,0.009465685,0.0024855023,0.10967222
5501310690462,54.080184629,0.9939191,0.009467244,0.0024882343,0.1096776
5501330740144,54.100234311,0.993919,0.0094684865,0.0024903642,0.109677665
5501350789827,54.120283994,0.9939201,0.009477006,0.002489355,0.10966705
5501370839510,54.140333677,0.99392,0.009488017,0.0024772857,0.10966694
5501390889193,54.16038336,0.9939211,0.009495,0.0024785139,0.1096564
5501410938876,54.180433043,0.99392164,0.009492321,0.0024839102,0.109651245
5501430988559,54.200482726,0.99392104,0.009499086,0.0024758275,0.10965652
5501451038241,54.220532408,0.9939217,0.009504966,0.002471157,0.10965116
5501471087925,54.240582092,0.99392235,0.009497974,0.0024680381,0.10964589
5501491107090,54.260601257,0.9939236,0.009489634,0.002457252,0.10963528
5501511156773,54.28065094,0.9939241,0.009498978,0.0024560406,0.109629974
5501531206457,54.300700624,0.9939251,0.009513633,0.0024543486,0.10961935
5501551256140,54.320750307,0.9939257,0.009513898,0.0024494238,0.109614074
5501571305823,54.34079999,0.99392676,0.00952221,0.0024481432,0.10960346
5501591355506,54.360849673,0.9939279,0.009525081,0.0024512508,0.1095929
5501611405188,54.380899355,0.99392855,0.009528528,0.002454765,0.10958767
5501631454871,54.400949038,0.9939291,0.00953186,0.0024456368,0.109582335
5501651504554,54.420998721,0.9939297,0.00952361,0.0024479232,0.10957711
5501671554237,54.441048404,0.9939296,0.009532931,0.0024413562,0.10957706
5501691603921,54.461098088,0.9939303,0.009525465,0.002433453,0.10957173
5501711653604,54.481147771,0.99393135,0.009536638,0.0024294178,0.10956104
5501731703286,54.501197453,0.99393195,0.009536126,0.0024313573,0.10955582
5501751752969,54.521247136,0.99393183,0.009546423,0.002428776,0.10955583
5501771772135,54.541266302,0.9939325,0.009534469,0.0024306916,0.109550625
5501791821818,54.561315985,0.9939326,0.009525996,0.0024379354,0.109550774
5501811932535,54.581426702,0.99393266,0.0095193,0.0024439292,0.109550916
5501831951702,54.601445869,0.99393326,0.009513277,0.002461693,0.10954583
5501852001384,54.621495551,0.9939338,0.009515166,0.0024637547,0.109540604
5501872051067,54.641545234,0.9939338,0.009513333,0.0024670241,0.10954067
5501892100750,54.661594917,0.9939342,0.0095286565,0.0024741369,0.109535374
5501912150433,54.6816446,0.9939336,0.009534562,0.0024693636,0.10954062
5501932200116,54.701694283,0.9939343,0.009529241,0.0024688297,0.10953532
5501952249798,54.721743965,0.99393475,0.009529812,0.0024635731,0.10952995
5501972299482,54.741793649,0.99393535,0.009529214,0.0024689313,0.1095247
5501992349165,54.761843332,0.99393576,0.009545122,0.0024707366,0.10951935
5502012398848,54.781893015,0.99393696,0.009545681,0.0024655315,0.109508686
5502032448531,54.801942698,0.9939375,0.009550661,0.0024756042,0.10950346
5502052498214,54.821992381,0.9939388,0.009533855,0.002481544,0.10949301
5502072547896,54.842042063,0.9939388,0.0095420545,0.0024622814,0.10949287
5502092597579,54.862091746,0.9939387,0.009550033,0.0024664607,0.10949291
5502112647262,54.882141429,0.9939398,0.009555899,0.0024618402,0.109482236
5502132696946,54.902191113,0.99393964,0.0095718205,0.0024635938,0.1094822
5502152746629,54.922240796,0.9939402,0.009577699,0.0024589223,0.10947683
5502172796312,54.942290479,0.9939407,0.009582993,0.002459558,0.10947151
5502192845994,54.962340161,0.9939425,0.009578801,0.0024561782,0.109455615
5502212865161,54.982359328,0.99394256,0.009575252,0.0024478664,0.109455585
5502232914844,55.002409011,0.99394244,0.009589781,0.0024362544,0.109455466
5502252964526,55.022458693,0.9939423,0.009599811,0.0024427306,0.10945549
5502273014209,55.042508376,0.9939423,0.009599811,0.0024427306,0.10945549
5502293063892,55.062558059,0.99394363,0.009593895,0.002447556,0.10944495
5502313113575,55.082607742,0.99394435,0.00958124,0.0024389217,0.109439634
5502333163258,55.102657425,0.99394554,0.009576453,0.0024408167,0.1094291
5502353212941,55.122707108,0.9939466,0.009587368,0.0024427387,0.10941854
5502373262624,55.142756791,0.9939489,0.009589982,0.002439132,0.10939734
5502393312307,55.162806474,0.9939495,0.009599664,0.0024315987,0.109391995
5502413361990,55.182856157,0.9939503,0.009613806,0.002449375,0.10938148
5502433442190,55.202936357,0.9939498,0.009608459,0.0024510145,0.10938688
5502453461356,55.222955523,0.99395096,0.009607186,0.002445102,0.10937631
5502473511038,55.243005205,0.9939523,0.00959648,0.0024547295,0.10936595
5502493560722,55.263054889,0.9939533,0.0096096415,0.002454531,0.10935531
5502513640922,55.283135089,0.99395394,0.009604353,0.0024496901,0.10935004
5502533690605,55.303184772,0.9939551,0.0096101705,0.002440395,0.10933938
5502553740287,55.323234454,0.99395615,0.009620421,0.0024330707,0.10932872
5502573759454,55.343253621,0.99395555,0.009623361,0.0024229211,0.109334014
5502593839654,55.363333821,0.99395686,0.009608896,0.0024189963,0.109323464
5502613889337,55.383383504,0.9939582,0.009600399,0.0024051499,0.109312765
5502633939020,55.403433187,0.99395937,0.009602289,0.0023972997,0.10930212
5502653988702,55.423482869,0.9939599,0.009608167,0.0023926273,0.10929675
5502674038385,55.443532552,0.9939605,0.009607547,0.0023955933,0.109291516
5502694088068,55.463582235,0.993961,0.00960792,0.0023983917,0.10928628
5502714107234,55.483601401,0.99396217,0.009604627,0.0023956134,0.1092757
5502734156917,55.503651084,0.9939628,0.009609914,0.0023962473,0.1092704
5502754206600,55.523700767,0.9939635,0.009606619,0.0023857725,0.10926509
5502774256283,55.54375045,0.9939646,0.009610039,0.0023770356,0.10925445
5502794336483,55.56383065,0.99396443,0.009624808,0.0023763047,0.109254435
5502814386166,55.583880333,0.9939655,0.009634829,0.0023828915,0.10924383
5502834435849,55.603930016,0.99396664,0.009640111,0.0023835776,0.10923321
5502854485532,55.623979699,0.9939666,0.009646001,0.0023788535,0.10923314
5502874535216,55.644029383,0.9939654,0.009645015,0.0023813548,0.10924383
5502894584898,55.664079065,0.99396557,0.009631437,0.0023665356,0.10924378
5502914634581,55.684128748,0.9939667,0.009628726,0.002369937,0.10923322
5502934684264,55.704178431,0.99396724,0.009634171,0.0023741769,0.109227955
5502954733947,55.724228114,0.99396765,0.009646422,0.00238379,0.10922273
5502974783630,55.744277797,0.99396765,0.009645839,0.0023890974,0.109222785
5502994833313,55.76432748,0.99396825,0.009645826,0.0023891488,0.10921748
5503014882995,55.784377162,0.99396837,0.009643919,0.0023827453,0.10921745
5503034932679,55.804426846,0.99396837,0.0096323,0.0023853146,0.10921752
5503054982362,55.824476529,0.9939689,0.009636989,0.0023839073,0.1092122
5503075032045,55.844526212,0.9939688,0.00964702,0.002390381,0.10921222
5503095081728,55.864575895,0.99396926,0.009656527,0.0023887255,0.109206915
5503115100894,55.884595061,0.9939704,0.0096642105,0.0023972967,0.109196424
5503135150577,55.904644744,0.9939708,0.009666946,0.0023996318,0.10919118
5503155230776,55.924724943,0.99397147,0.0096707,0.002395016,0.10918593
5503175280460,55.944774627,0.9939721,0.009659215,0.0023990574,0.10918078
5503195330143,55.96482431,0.9939734,0.009645374,0.0024036402,0.109170325
5503215379826,55.984873993,0.99397415,0.00963695,0.0023886217,0.10916496
5503235429508,56.004923675,0.9939753,0.00963392,0.002374571,0.109154254
5503255479191,56.024973358,0.9939753,0.009636028,0.0023664073,0.10915422
5503275528874,56.045023041,0.9939754,0.009633953,0.0023538836,0.10915414
5503295578557,56.065072724,0.9939755,0.009622032,0.0023515378,0.109154165
5503315628241,56.085122408,0.9939766,0.0096309,0.0023411342,0.10914343
5503335677924,56.105172091,0.9939771,0.009633238,0.0023451203,0.109138176
5503355727606,56.125221773,0.9939777,0.009642706,0.0023327428,0.10913278
5503375807806,56.145301973,0.9939776,0.009652738,0.0023392157,0.10913281
5503395857489,56.165351656,0.9939775,0.0096633695,0.002340383,0.10913279
5503415907173,56.18540134,0.99397796,0.009666916,0.0023569395,0.109127626
5503435956855,56.205451022,0.99397755,0.009659274,0.0023476742,0.10913294
5503456006538,56.225500705,0.9939776,0.009651666,0.0023367936,0.10913293
5503476056221,56.245550388,0.9939782,0.009651001,0.0023387452,0.10912768
5503496136421,56.265630588,0.9939782,0.009651015,0.0023418579,0.10912774
5503516186104,56.285680271,0.99397886,0.009646204,0.0023336168,0.109122396
5503536235787,56.305729954,0.99398,0.009642579,0.0023254429,0.109111734
5503556285470,56.325779637,0.9939807,0.009636934,0.0023313907,0.10910658
5503576335153,56.34582932,0.99398,0.009636895,0.0023432875,0.10911205
5503596384836,56.365879003,0.9939798,0.009655481,0.0023429382,0.10911202
5503616434518,56.385928685,0.9939798,0.009657143,0.002339439,0.10911204
5503636484202,56.405978369,0.9939794,0.009650132,0.0023293013,0.10911736
5503656564402,56.426058569,0.9939794,0.009650132,0.0023293013,0.10911736
5503676614084,56.446108251,0.99397933,0.009653824,0.0023330476,0.10911742
5503696663767,56.466157934,0.9939793,0.009659714,0.0023283227,0.10911735
5503716713451,56.486207618,0.9939797,0.009674514,0.0023226696,0.10911198
5503736763134,56.506257301,0.99397963,0.009686294,0.00231322,0.10911185
5503756812817,56.526306984,0.99397904,0.009685724,0.0023184756,0.10911721
5503776862500,56.546356667,0.9939795,0.009695161,0.0023303074,0.10911198
5503796942700,56.566436867,0.9939801,0.009695731,0.0023250517,0.10910662
5503817022899,56.586517066,0.99398124,0.009695123,0.0023304708,0.10909604
5503837103100,56.606597267,0.9939813,0.009690391,0.0023245718,0.109096006
5503857152783,56.62664695,0.9939806,0.009700451,0.0023310024,0.10910135
5503877232982,56.646727149,0.9939805,0.009698703,0.0023469245,0.109101504
5503897282666,56.666776833,0.9939804,0.009708167,0.0023587223,0.109101586
5503917332349,56.686826516,0.9939798,0.0097035775,0.0023659656,0.109107025
5503937382032,56.706876199,0.9939799,0.0097067915,0.0023458372,0.1091069
5503957462231,56.726956398,0.9939804,0.009709657,0.0023365996,0.10910157
5503977511914,56.747006081,0.9939804,0.009716582,0.0023399203,0.109101646
5503997561598,56.767055765,0.99398094,0.009721876,0.0023405547,0.109096326
5504017611280,56.787105447,0.9939803,0.009727196,0.0023410853,0.10910162
5504037660963,56.80715513,0.9939808,0.00973249,0.0023417198,0.1090963
5504057741163,56.82723533,0.99398196,0.009737773,0.0023424062,0.10908568
5504077790846,56.847285013,0.99398255,0.009729196,0.0023513276,0.109080486
5504097840529,56.867334696,0.9939825,0.009733339,0.0023625249,0.109080575
5504117890212,56.887384379,0.99398255,0.009730472,0.0023487355,0.1090805
5504137939895,56.907434062,0.99398184,0.009738964,0.0023529022,0.10908586
5504157989578,56.927483745,0.99398196,0.009736227,0.002351508,0.10908588
5504178039261,56.947533428,0.99398243,0.009736153,0.0023572387,0.10908059
5504198088943,56.96758311,0.9939825,0.009730842,0.0023618024,0.10908064
5504218138627,56.987632794,0.9939813,0.009736977,0.002359197,0.10909126
5504238188310,57.007682477,0.9939813,0.009736792,0.0023551455,0.10909128
5504258237993,57.02773216,0.9939814,0.009724202,0.0023450982,0.109091274
5504278287676,57.047781843,0.99398136,0.009731674,0.0023404222,0.1090912
5504298337359,57.067831526,0.9939808,0.009726452,0.0023504714,0.10909661
5504318387041,57.087881208,0.99398077,0.009731759,0.002351054,0.109096594
5504338436724,57.107930891,0.9939813,0.009736564,0.0023479653,0.10909131
5504358486407,57.127980574,0.99398184,0.009739439,0.0023506237,0.109086074
5504378536091,57.148030258,0.9939823,0.009748876,0.0023624555,0.10908084
5504398585774,57.168079941,0.99398273,0.009762462,0.0023684746,0.10907556
5504418635457,57.188129624,0.99398273,0.009759605,0.0023712271,0.109075636
5504438685139,57.208179306,0.99398273,0.009764405,0.0023586124,0.10907554
5504458734822,57.228228989,0.99398166,0.009762927,0.0023550612,0.1090862
5504478784505,57.248278672,0.9939815,0.009767651,0.002360951,0.10908622
5504498834188,57.268328355,0.99398035,0.009769337,0.0023640047,0.109096915
5504518883872,57.288378039,0.9939792,0.009763975,0.002370034,0.10910767
5504538933555,57.308427722,0.9939798,0.009761547,0.0023719466,0.109102435
5504558983237,57.328477404,0.99398035,0.00976582,0.0023754262,0.109097175
5504579032920,57.348527087,0.99398047,0.00975517,0.0023717794,0.10909721
5504599082603,57.36857677,0.99398094,0.0097559225,0.0023687752,0.10909191
5504619132286,57.388626453,0.99398154,0.0097680595,0.0023604608,0.10908657
5504639181969,57.408676136,0.9939821,0.009764002,0.0023554312,0.1090813
5504659201135,57.428695302,0.99398196,0.009774034,0.0023619034,0.10908133
5504679281335,57.448775502,0.9939821,0.009772253,0.00235619,0.10908129
5504699300501,57.468794668,0.9939815,0.009771506,0.0023601737,0.10908666
5504719350183,57.48884435,0.9939827,0.009762846,0.0023629726,0.10907614
5504739399867,57.508894034,0.99398196,0.009772891,0.0023693927,0.10908148
5504759449550,57.528943717,0.99398184,0.009782341,0.0023811725,0.10908156
5504779499233,57.5489934,0.9939819,0.009785291,0.0023755594,0.109081514
5504799609950,57.569104117,0.9939812,0.009786718,0.002373937,0.10908681
5504819659633,57.5891538,0.9939813,0.009785518,0.002370161,0.10908685
5504839709316,57.609203483,0.99398065,0.00978681,0.0023783764,0.10909227
5504859758998,57.629253165,0.99398106,0.009792415,0.002387345,0.10908705
5504879808681,57.649302848,0.9939817,0.009788635,0.0023963815,0.10908188
5504899858365,57.669352532,0.993981,0.009795382,0.0024111976,0.10908734
5504919908048,57.689402215,0.99398106,0.009787389,0.002400923,0.10908734
5504939988247,57.709482414,0.9939816,0.009785068,0.0024112626,0.10908223
5504960037930,57.729532097,0.99398124,0.009774323,0.0024090095,0.10908767
5504980087614,57.749581781,0.99398184,0.009766479,0.0024148875,0.109082505
5505000137297,57.769631464,0.9939812,0.009772212,0.0024179567,0.10908787
5505020186980,57.789681147,0.99398005,0.009765551,0.0024167136,0.1090986
5505040267179,57.809761346,0.99398184,0.009759279,0.0024087522,0.10908275
5505060316863,57.82981103,0.9939824,0.009758362,0.002419741,0.10907763
5505080366546,57.849860713,0.99398303,0.009757597,0.0024324316,0.109072514
5505100416228,57.869910395,0.9939829,0.009766274,0.0024284767,0.10907252
5505120465911,57.889960078,0.9939823,0.009765427,0.0024226098,0.10907787
5505140515594,57.910009761,0.993983,0.009757285,0.0024210738,0.10907268
5505160565277,57.930059444,0.993983,0.009755646,0.0024274783,0.109072804
5505180614960,57.950109127,0.99398357,0.0097523965,0.002424028,0.10906753
5505200664643,57.97015881,0.99398357,0.009752991,0.0024367878,0.109067716
5505220714326,57.990208493,0.99398416,0.009753422,0.0024326448,0.10906244
5505240764009,58.010258176,0.99398357,0.0097505655,0.0024316567,0.10906785
5505260813692,58.030307859,0.9939829,0.009758572,0.0024239342,0.10907311
5505280863375,58.050357542,0.993984,0.009761128,0.0024282455,0.10906255
5505300913058,58.070407225,0.99398327,0.009770591,0.002439973,0.10906794
5505320962741,58.090456908,0.9939832,0.009773254,0.002448469,0.10906805
5505341012423,58.11050659,0.99398214,0.009770346,0.00244375,0.10907873
5505361062107,58.130556274,0.9939814,0.009777833,0.002452694,0.10908414
5505381142307,58.150636474,0.99398136,0.009784187,0.0024566748,0.10908418
5505401191989,58.170686156,0.99398136,0.009783185,0.002459526,0.10908424
5505421241672,58.190735839,0.993982,0.0097804675,0.0024524408,0.1090789
5505441291356,58.210785523,0.9939814,0.00978347,0.002444778,0.10908417
5505461341039,58.230835206,0.99398124,0.009795174,0.0024373836,0.10908409
5505481390722,58.250884889,0.99398243,0.009795469,0.002430746,0.10907352
5505501409887,58.270904054,0.9939827,0.009782705,0.002422191,0.1090736
5505521459571,58.290953738,0.99398327,0.009779873,0.0024231009,0.109068364
5505541509254,58.311003421,0.9939833,0.009779312,0.00241041,0.10906826
5505561558936,58.331053103,0.9939827,0.009783497,0.0024092689,0.10907356
5505581608619,58.351102786,0.9939827,0.009781065,0.0024023503,0.10907352
5505601658302,58.371152469,0.99398214,0.0097763,0.002404674,0.1090789
5505621707985,58.391202152,0.9939822,0.00977067,0.002400276,0.10907894
5505641757668,58.411251835,0.99398285,0.009761246,0.0023941312,0.10907368
5505661807352,58.431301519,0.9939822,0.009762801,0.0024067822,0.10907916
5505681857034,58.451351201,0.9939817,0.009760448,0.0024092468,0.10908455
5505701906717,58.471400884,0.99398226,0.009759983,0.0024159392,0.10907937
5505721986917,58.491481084,0.99398273,0.009769794,0.0024218138,0.10907418
5505742036601,58.511530768,0.9939826,0.009781699,0.0024180745,0.1090742
5505762086283,58.53158045,0.99398315,0.009783413,0.0024202932,0.10906896
5505781827032,58.551321199,0.99398315,0.00978492,0.0024138682,0.1090689
5505801907232,58.571401399,0.9939831,0.009786515,0.002416939,0.10906896
5505821987432,58.591481599,0.9939836,0.009788853,0.0024126107,0.10906368
5505842037114,58.611531281,0.99398315,0.009789212,0.0024067059,0.10906906
5505862086798,58.631580965,0.9939831,0.009792339,0.0024096014,0.109069124
5505882136481,58.651630648,0.9939824,0.009800357,0.0024194436,0.109074526
5505902186164,58.671680331,0.9939812,0.009797422,0.0024233293,0.1090852
5505922235847,58.691730014,0.9939823,0.009795792,0.0024246736,0.10907467
5505942285530,58.711779697,0.9939823,0.0097956145,0.002411758,0.109074675
5505962365730,58.731859897,0.9939831,0.009784465,0.0024168368,0.10906954
5505982415413,58.75190958,0.99398226,0.009795443,0.002426877,0.10907492
5506002465096,58.771959263,0.99398226,0.009806641,0.0024227346,0.10907486
5506022514778,58.792008945,0.9939817,0.009807161,0.0024047117,0.10908003
5506042564461,58.812058628,0.99398106,0.009809967,0.0024047103,0.10908544
5506062614144,58.832108311,0.99398226,0.00980439,0.0024031694,0.109074935
5506082663827,58.852157994,0.99398184,0.009797068,0.0024031673,0.10908035
5506102713511,58.872207678,0.9939812,0.009799295,0.0024061983,0.109085724
5506122793710,58.892287877,0.9939816,0.00981404,0.0024186128,0.109080486
5506142843393,58.91233756,0.99398094,0.009817616,0.0024184547,0.10908589
5506162893076,58.932387243,0.9939823,0.009798324,0.002398253,0.10907527
5506182942760,58.952436927,0.993983,0.009799494,0.0023915533,0.10907002
5506202992442,58.972486609,0.9939829,0.009802579,0.0023976332,0.10907015
5506223072642,58.992566809,0.9939824,0.009792279,0.0023994478,0.109075636
5506243122325,59.012616492,0.99398184,0.009785884,0.0023966804,0.109080985
5506263172009,59.032666176,0.99398124,0.009791787,0.0023919032,0.10908623
5506283221691,59.052715858,0.9939817,0.009802389,0.0023931204,0.109080896
5506303271374,59.072765541,0.9939824,0.009796281,0.002391074,0.10907561
5506323321057,59.092815224,0.99398226,0.009795369,0.0023933204,0.10907568
5506343370740,59.112864907,0.9939829,0.00979234,0.0024064935,0.10907058
5506363420423,59.13291459,0.993983,0.009786541,0.002407379,0.109070666
5506383470105,59.152964272,0.99398357,0.0097826375,0.0024088172,0.10906545
5506403519788,59.173013955,0.9939824,0.009788306,0.0023995528,0.109076045
5506423569472,59.193063639,0.99398285,0.009795916,0.0024023275,0.109070905
5506443619155,59.213113322,0.9939824,0.009786755,0.0023960648,0.109076366
5506463668838,59.233163005,0.99398124,0.009776757,0.0023946087,0.10908707
5506483718521,59.253212688,0.99398124,0.009776368,0.0023991957,0.10908711
5506503768203,59.27326237,0.9939817,0.009786291,0.0023928303,0.10908173
5506523848404,59.293342571,0.99398124,0.009788732,0.0023838077,0.10908703
5506543898087,59.313392254,0.9939812,0.009792782,0.0023812118,0.10908704
5506563947770,59.333441937,0.9939818,0.009790036,0.002378219,0.10908177
5506583966936,59.353461103,0.99398303,0.009782858,0.0023725075,0.10907119
5506604047135,59.373541302,0.99398494,0.009762507,0.0023638092,0.10905536
5506624096818,59.393590985,0.99398434,0.009765517,0.0023527483,0.109060764
5506644146502,59.413640669,0.9939842,0.009767969,0.0023642683,0.10906095
5506664196185,59.433690352,0.9939855,0.009767363,0.0023696802,0.1090504
5506684245867,59.453740034,0.9939859,0.009772074,0.0023756218,0.10904512
5506704295550,59.473789717,0.9939842,0.009778585,0.002365433,0.109060936
5506724345233,59.4938394,0.9939866,0.009776462,0.0023515376,0.109039634
5506744394916,59.513889083,0.9939871,0.009779418,0.0023650955,0.1090345
5506764444599,59.533938766,0.99398935,0.009773412,0.0023922771,0.10901363
5506784555316,59.554049483,0.99399054,0.00976532,0.0024010588,0.10900324
5506804605000,59.574099167,0.9939906,0.0097677875,0.0023830805,0.10900319
5506824685199,59.594179366,0.99399054,0.009772334,0.0023799846,0.109003216
5506844765399,59.614259566,0.9939916,0.009782897,0.002378186,0.10899259
5506864815082,59.634309249,0.99399215,0.009786467,0.002382879,0.108987324
5506884864765,59.654358932,0.99399275,0.009783637,0.002380458,0.10898204
5506904914448,59.674408615,0.9939939,0.009790572,0.0023776814,0.10897144
5506924964131,59.694458298,0.9939944,0.009794211,0.0023714274,0.10896617
5506945013814,59.714507981,0.993996,0.00980375,0.0023737943,0.10895031
5506965063496,59.734557663,0.99399775,0.009803663,0.0023822016,0.1089345
5506985113180,59.754607347,0.99399775,0.0098018255,0.0023787578,0.108934514
5507005193380,59.774687547,0.99399894,0.009802184,0.0023731403,0.10892393
5507025243062,59.794737229,0.9940002,0.009794649,0.002364132,0.10891336
5507045292745,59.814786912,0.9940008,0.009794546,0.0023649996,0.108908124
5507065342429,59.834836596,0.99400073,0.009795823,0.0023676127,0.108908184
5507085392112,59.854886279,0.99400187,0.009799492,0.0023708625,0.10889762
5507105441795,59.874935962,0.9940025,0.009803243,0.0023602901,0.1088923
5507125521994,59.895016161,0.99400246,0.00980321,0.0023574985,0.10889241
5507145571678,59.915065845,0.99400413,0.009804104,0.0023482349,0.10887642
5507165621361,59.935115528,0.99400425,0.0098039135,0.0023453883,0.10887645
5507185671044,59.955165211,0.9940048,0.0098053,0.0023528133,0.10887126
5507205720726,59.975214893,0.9940046,0.009817602,0.0023608077,0.10887135
5507225770409,59.995264576,0.99400455,0.0098194,0.0023567688,0.10887138
5507245850610,60.015344777,0.9940056,0.009828278,0.0023493145,0.108860716
5507265900293,60.03539446,0.9940068,0.009839467,0.0023452686,0.108850025
5507285949975,60.055444142,0.99400777,0.009860672,0.0023476984,0.10883936
5507305999658,60.075493825,0.99400896,0.00986239,0.002331881,0.10882859
5507326049341,60.095543508,0.99400955,0.0098564895,0.0023366602,0.108823344
5507346099024,60.115593191,0.99401003,0.009867673,0.0023325675,0.10881796
5507366148707,60.135642874,0.9940111,0.009871213,0.0023491767,0.10880749
5507386198391,60.155692558,0.99401164,0.009868614,0.002358374,0.1088023
5507406278590,60.175772757,0.9940129,0.009866582,0.0023561362,0.108791724
5507426328273,60.19582244,0.99401397,0.009867878,0.0023578722,0.10878117
5507446377956,60.215872123,0.9940152,0.009862015,0.0023475492,0.10877054
5507466427639,60.235921806,0.9940147,0.009858096,0.0023385254,0.108775824
5507486477322,60.255971489,0.9940158,0.009861456,0.0023368185,0.10876522
5507506527005,60.276021172,0.99401635,0.009865392,0.0023350853,0.108759925
5507526576688,60.296070855,0.9940169,0.009863637,0.0023510607,0.10875478
5507546626371,60.316120538,0.9940188,0.009856217,0.0023471073,0.108738914
5507566676054,60.336170221,0.9940194,0.009850316,0.0023518868,0.10873367
5507586725736,60.356219903,0.99401975,0.009871534,0.0023542617,0.10872831
5507606775420,60.376269587,0.99401975,0.009869465,0.002351983,0.108728334
5507626825103,60.39631927,0.99402034,0.009878469,0.0023400295,0.10872293
5507646905302,60.416399469,0.9940208,0.0098778745,0.0023453897,0.108717665
5507666954985,60.436449152,0.99402153,0.009866343,0.002335568,0.10871234
5507687004669,60.456498836,0.9940211,0.00986574,0.0023213539,0.108717576
5507707054352,60.476548519,0.99402106,0.009859912,0.0023177685,0.10871759
5507727104035,60.496598202,0.994021,0.0098665515,0.0023156872,0.1087176
5507747153718,60.516647885,0.99402165,0.009862078,0.0023063333,0.10871228
5507767203400,60.536697567,0.99402237,0.009851967,0.0023183797,0.108707175
5507787253083,60.55674725,0.994023,0.009844052,0.0023209176,0.108701944
5507807302766,60.576796933,0.994023,0.009840625,0.002309851,0.10870193
5507827352449,60.596846616,0.99402374,0.009829873,0.0023051864,0.10869667
5507847402133,60.6168963,0.9940244,0.009824807,0.00229444,0.10869136
5507867451816,60.636945983,0.99402493,0.009825466,0.0022952838,0.10868612
5507887501498,60.656995665,0.99402446,0.009811741,0.002300521,0.108691566
5507907551181,60.677045348,0.99402565,0.0098016355,0.0023134735,0.10868113
5507927600864,60.697095031,0.99402505,0.00980275,0.0023173774,0.10868649
5507947650547,60.717144714,0.99402505,0.009803252,0.0023104534,0.10868644
5507967700230,60.737194397,0.99402404,0.009794396,0.0023135806,0.10869713
5507987749914,60.757244081,0.99402416,0.009782118,0.0023101876,0.10869717
5508007799596,60.777293763,0.99402356,0.009781492,0.0023129988,0.10870254
5508027849279,60.797343446,0.9940243,0.009773169,0.002303982,0.10869722
5508047898962,60.817393129,0.9940243,0.009772706,0.0022916102,0.10869713
5508067948645,60.837442812,0.9940243,0.009773286,0.0022863026,0.10869708
5508087998328,60.857492495,0.99402493,0.009768547,0.0022804667,0.10869173
5508108048010,60.877542177,0.994025,0.009763975,0.0022718045,0.10869171
5508128128211,60.897622378,0.9940251,0.009744687,0.00228283,0.108691916
5508148177894,60.917672061,0.99402463,0.009732243,0.0022788788,0.108697265
5508168227577,60.937721744,0.99402475,0.0097205015,0.0022751694,0.10869729
5508188277259,60.957771426,0.9940256,0.009705254,0.0022700718,0.10869203
5508208357460,60.977851627,0.99402505,0.00970699,0.0022571383,0.10869723
5508228407143,60.99790131,0.994025,0.009700312,0.0022659139,0.10869733
5508248456825,61.017950992,0.9940251,0.009695936,0.0022670531,0.10869742
5508268506508,61.038000675,0.9940252,0.00968995,0.0022702136,0.10869749
5508288556191,61.058050358,0.9940246,0.0096899625,0.0022701619,0.10870279
5508308605875,61.078100042,0.9940251,0.009695838,0.0022654864,0.10869742
5508328655558,61.098149725,0.9940257,0.009687732,0.0022579664,0.10869207
5508348705241,61.118199408,0.99402636,0.009683012,0.0022597273,0.10868685
5508368785440,61.138279607,0.9940259,0.009664552,0.0022706715,0.10869236
5508388835124,61.158329291,0.9940264,0.009670544,0.002264893,0.108686976
5508408884807,61.178378974,0.9940277,0.009667104,0.0022529978,0.10867626
5508428934489,61.198428656,0.9940277,0.00966319,0.0022610563,0.10867639
5508448984172,61.218478339,0.99402654,0.009661705,0.0022586742,0.10868703
5508469033855,61.238528022,0.99402595,0.009662298,0.002253315,0.10869228
5508489083538,61.258577705,0.99402714,0.009664738,0.0022563068,0.10868175
5508509133221,61.278627388,0.994026,0.009662379,0.0022548584,0.10869238
5508529182905,61.298677072,0.99402523,0.009667117,0.0022606945,0.10869771
5508549232587,61.318726754,0.9940259,0.009670154,0.0022535478,0.10869238
5508569282270,61.338776437,0.99402714,0.009659566,0.002248691,0.10868181
5508589331953,61.35882612,0.99402773,0.009657342,0.0022465985,0.10867652
5508609412153,61.37890632,0.9940276,0.009666797,0.0022583744,0.108676605
5508629431319,61.398925486,0.99402875,0.00966305,0.002257988,0.10866596
5508649481002,61.418975169,0.99402964,0.009645824,0.002249396,0.10866066
5508669530684,61.439024851,0.9940301,0.009648481,0.0022629343,0.10865551
5508689610885,61.459105052,0.9940301,0.009645835,0.0022531168,0.10865548
5508709660568,61.479154735,0.9940297,0.009637478,0.00225029,0.10866084
5508729710250,61.499204417,0.99403024,0.00963385,0.0022484183,0.108655535
5508749759933,61.5192541,0.99403024,0.009643886,0.0022548866,0.10865558
5508769809617,61.539303784,0.9940306,0.009655069,0.0022507906,0.10865018
5508789859300,61.559353467,0.99403065,0.0096569825,0.002248507,0.1086502
5508809878465,61.579372632,0.9940301,0.009648031,0.0022630773,0.10865568
5508829928149,61.599422316,0.99402964,0.009637833,0.0022727796,0.1086611
5508850038866,61.619533033,0.9940301,0.009638466,0.002272241,0.10865577
5508870088549,61.639582716,0.9940301,0.009635396,0.0022764415,0.10865583
5508890138232,61.659632399,0.99403065,0.009640112,0.0022823808,0.108650565
5508910187915,61.679682082,0.9940312,0.009644827,0.00228832,0.1086453
5508930237597,61.699731764,0.9940318,0.009644235,0.0022936794,0.108640045
5508950287280,61.719781447,0.99403125,0.009635921,0.002291447,0.10864538
5508970367481,61.739861648,0.9940301,0.009637105,0.0022807287,0.10865589
5508990417163,61.75991133,0.9940301,0.009634632,0.002278913,0.10865591
5509010466846,61.779961013,0.9940303,0.009619306,0.0022675851,0.10865592
5509030516529,61.800010696,0.99402976,0.009613407,0.0022718774,0.10866138
5509050566212,61.820060379,0.994028,0.009614207,0.002278613,0.10867743
5509070615895,61.840110062,0.99402755,0.009606762,0.002275322,0.10868279
5509090665579,61.860159746,0.99402696,0.009604774,0.0022677248,0.108688064
5509110715261,61.880209428,0.99402696,0.009600765,0.0022764571,0.10868818
5509130764944,61.900259111,0.99402744,0.009603739,0.0022983195,0.10868307
5509150814627,61.920308794,0.99402755,0.009587177,0.002309074,0.10868329
5509170864310,61.940358477,0.99402755,0.009583705,0.0023167247,0.108683415
5509190944510,61.960438677,0.99402684,0.00959865,0.0023096844,0.10868867
5509210994193,61.98048836,0.99402755,0.009587251,0.0023008673,0.10868335
5509231043876,62.000538043,0.9940277,0.009575246,0.0022961686,0.10868339
5509251093559,62.020587726,0.99402833,0.009570921,0.0022871816,0.108678065
5509271143242,62.040637409,0.9940277,0.00957508,0.002298326,0.10868346
5509291192924,62.060687091,0.9940288,0.009575056,0.0022984282,0.10867284
5509311242608,62.080736775,0.99403113,0.009565166,0.0023120053,0.108651794
5509331292291,62.100786458,0.9940301,0.009562615,0.0023039812,0.1086624
5509351341974,62.120836141,0.9940307,0.00956103,0.002302231,0.10865711
5509371391657,62.140885824,0.9940303,0.0095429495,0.002308226,0.10866256
5509391441340,62.160935507,0.9940293,0.009522484,0.0023099615,0.10867326
5509411491022,62.180985189,0.99402994,0.009509341,0.0023116576,0.10866804
5509431540705,62.201034872,0.9940288,0.009510983,0.0023039908,0.10867861
5509451590388,62.221084555,0.9940282,0.00950875,0.00230136,0.10868394
5509471640072,62.241134239,0.9940288,0.009512886,0.0023126067,0.108678736
5509491689755,62.261183922,0.99402994,0.009512861,0.0023127082,0.10866812
5509511739438,62.281233605,0.9940288,0.009514047,0.0023019912,0.10867863
5509531789120,62.301283287,0.9940288,0.009515207,0.0022913758,0.10867853
5509551838803,62.32133297,0.99402773,0.009501968,0.002298036,0.10868929
5509571888486,62.341382653,0.9940277,0.009507275,0.0022986163,0.10868928
5509591938169,62.361432336,0.99402755,0.00951673,0.0023103924,0.10868935
5509611987853,62.38148202,0.99402755,0.00951673,0.0023103924,0.10868935
5509632037535,62.401531702,0.99402696,0.00952263,0.0023056143,0.1086946
5509652087218,62.421581385,0.9940258,0.009516186,0.0023155476,0.10870533
5509672136901,62.441631068,0.99402636,0.009511446,0.00230971,0.10869996
5509692186584,62.461680751,0.9940265,0.009510866,0.0023150179,0.10870003
5509712236267,62.481730434,0.9940264,0.009515594,0.002320906,0.10870007
5509732285950,62.501780117,0.99402565,0.009526801,0.002316708,0.10870528
5509752366150,62.521860317,0.99402636,0.009527951,0.0023061438,0.10869989
5509772415833,62.54191,0.99402624,0.009526787,0.002316775,0.10869998
5509792465516,62.561959683,0.9940268,0.009531503,0.002322714,0.10869471
5509812515199,62.582009366,0.99402684,0.009526195,0.0023221336,0.108694725
5509832564881,62.602059048,0.9940267,0.00953623,0.0023286021,0.10869475
5509852645082,62.622139249,0.99402785,0.0095415125,0.0023292843,0.10868412
5509872694765,62.642188932,0.99402845,0.009542663,0.0023187038,0.108678706
5509892744447,62.662238614,0.994029,0.009545366,0.0023176705,0.1086734
5509912794130,62.682288297,0.9940295,0.009549072,0.00231082,0.108668044
5509932843814,62.702337981,0.9940301,0.009560256,0.002306724,0.10866267
5509952893497,62.722387664,0.9940294,0.009570303,0.002313141,0.10866801
5509972943180,62.742437347,0.9940299,0.009580326,0.0023196603,0.108662724
5509992992863,62.76248703,0.9940299,0.009576329,0.002321611,0.10866281
5510013042545,62.782536712,0.99402994,0.0095697865,0.0023217916,0.1086629
5510033092228,62.802586395,0.99403054,0.009570531,0.0023126286,0.10865757
5510053141911,62.822636078,0.994031,0.009580668,0.0023067747,0.1086522
5510073191595,62.842685762,0.99403083,0.009596591,0.0023085151,0.10865216
5510093241278,62.862735445,0.9940314,0.009597159,0.0023032587,0.1086468
5510113290961,62.882785128,0.9940313,0.009608354,0.0022991113,0.10864673
5510133340643,62.90283481,0.99403197,0.009603731,0.0023064683,0.108641565
5510153390326,62.922884493,0.99403304,0.009610568,0.0023110185,0.10863099
5510173440009,62.942934176,0.99403423,0.009613327,0.0023150828,0.10862044
5510193489692,62.962983859,0.99403584,0.009619176,0.0023105089,0.10860444
5510213539375,62.983033542,0.9940363,0.0096297795,0.00231172,0.108599104
5510233589058,63.003083225,0.99403626,0.009632085,0.0023095212,0.10859911
5510253638741,63.023132908,0.99403745,0.009632487,0.0023059335,0.108588524
5510273688424,63.043182591,0.994038,0.009636016,0.002298769,0.108583175
5510293738107,63.063232274,0.99403846,0.00964532,0.0022988704,0.10857785
5510313787790,63.083281957,0.9940386,0.009645901,0.002293563,0.10857781
5510333837473,63.10333164,0.994039,0.009661232,0.0023006615,0.10857252
5510353887155,63.123381322,0.9940395,0.0096609965,0.0023035652,0.10856726
5510373936839,63.143431006,0.9940413,0.009656585,0.0022935183,0.108551316
5510393986522,63.163480689,0.99404186,0.009651016,0.0023004778,0.10854613
5510414036205,63.183530372,0.99404186,0.0096580265,0.0023053505,0.10854619
5510434085888,63.203580055,0.99404293,0.009665331,0.002310456,0.10853561
5510454166088,63.223660255,0.9940435,0.0096677635,0.0023042671,0.108530246
5510474185253,63.24367942,0.9940435,0.009664183,0.0023089703,0.1085303
5510494265454,63.263759621,0.9940447,0.009658144,0.002313835,0.10851975
5510514315137,63.283809304,0.9940447,0.009655509,0.0023125063,0.10851974
5510534364819,63.303858986,0.9940447,0.00966404,0.0023062327,0.108519696
5510554414502,63.323908669,0.99404466,0.00966695,0.0023100798,0.10851975
5510574464185,63.343958352,0.99404514,0.009671087,0.0023213264,0.10851453
5510594513868,63.364008035,0.994045,0.009678129,0.002330216,0.10851464
5510614563552,63.384057719,0.9940444,0.009676449,0.002328526,0.10852005
5510634613235,63.404107402,0.9940439,0.009671549,0.0023298988,0.10852544
5510654662917,63.424157084,0.9940445,0.0096708,0.0023281428,0.108520135
5510674712600,63.444206767,0.99404347,0.009663561,0.0023268498,0.108530775
5510694792801,63.464286968,0.99404454,0.009674152,0.002328112,0.108520135
5510714842484,63.484336651,0.99404496,0.009696564,0.0023198535,0.10851467
5510734892166,63.504386333,0.99404603,0.00969123,0.0023193774,0.10850405
5510754941849,63.524436016,0.9940472,0.009699037,0.0023186535,0.10849344
5510774991532,63.544485699,0.9940477,0.00970098,0.0023175832,0.10848812
5510795102249,63.564596416,0.99404716,0.009703024,0.0023219283,0.1084935
5510815182449,63.584676616,0.99404776,0.009705128,0.0023148966,0.10848813
5510835232132,63.604726299,0.9940477,0.009709361,0.0023079948,0.10848808
5510855251298,63.624745465,0.99404764,0.0097231185,0.0023070967,0.10848808
5510875300981,63.644795148,0.99404866,0.009722811,0.0023202873,0.108477645
5510895350664,63.664844831,0.9940482,0.0097110495,0.0023296925,0.10848308
5510915430864,63.684925031,0.9940493,0.0097034,0.002350448,0.10847269
5510935480547,63.704974714,0.9940509,0.0097030895,0.0023850217,0.108457126
5510955530230,63.725024397,0.9940522,0.009691455,0.0024022234,0.10844688
5510975579913,63.74507408,0.9940515,0.009687269,0.0024046341,0.108452454
5510995629596,63.765123763,0.99405164,0.009686071,0.0023640983,0.10845222
5511015679279,63.785173446,0.9940519,0.009681486,0.0023316557,0.10845203
5511035728961,63.805223128,0.9940525,0.00967815,0.0023216358,0.10844672
5511055778644,63.825272811,0.9940538,0.009663471,0.0023319183,0.10843632
5511075858845,63.845353012,0.9940554,0.009664715,0.002349768,0.10842063
5511095908528,63.865402695,0.9940572,0.009655905,0.0023442502,0.10840474
5511115958210,63.885452377,0.99405736,0.009649825,0.0023316317,0.10840477
5511136007893,63.90550206,0.9940585,0.009647809,0.0023318557,0.108394235
5511156057576,63.925551743,0.9940592,0.009637903,0.0023254105,0.10838899
5511176107260,63.945601427,0.9940598,0.009630486,0.0023302643,0.108383834
5511196156943,63.96565111,0.9940604,0.009627655,0.0023273292,0.10837855
5511216206626,63.985700793,0.9940605,0.009613208,0.0023284706,0.10837865
5511236256308,64.005750475,0.99406165,0.009615564,0.0023196454,0.10836801
5511256305991,64.025800158,0.994063,0.009604027,0.002308386,0.10835743
5511276355674,64.045849841,0.99406356,0.0096095605,0.0022937085,0.10835205
5511296405357,64.065899524,0.9940637,0.009596557,0.002283932,0.10835205
5511316455041,64.085949208,0.99406433,0.009588698,0.0022791422,0.10834678
5511336504723,64.10599889,0.9940645,0.009571255,0.002271556,0.10834685
5511356584923,64.12607909,0.9940651,0.0095702605,0.0022620459,0.1083415
5511376634606,64.146128773,0.9940658,0.009569108,0.0022547217,0.10833615
5511396684290,64.166178457,0.9940668,0.009573812,0.00226071,0.108325556
5511416733972,64.186228139,0.9940674,0.0095738,0.0022607613,0.10832025
5511436783655,64.206277822,0.99406785,0.009583247,0.002272585,0.10831502
5511456833338,64.226327505,0.9940681,0.009562903,0.0022683141,0.10831508
5511476913537,64.246407704,0.9940686,0.009567897,0.0022670093,0.10830976
5511496963221,64.266457388,0.9940699,0.009556416,0.002263542,0.108299166
5511517012904,64.286507071,0.99407095,0.009563772,0.0022622743,0.10828855
5511537062587,64.306556754,0.99407154,0.009572797,0.002256502,0.10828319
5511557112270,64.326606437,0.994071,0.009563469,0.0022578866,0.10828859
5511577161953,64.34665612,0.99407154,0.009566737,0.002251009,0.10828324
5511597211635,64.366705802,0.99407214,0.009557941,0.0022547625,0.108278
5511617261318,64.386755485,0.99407285,0.00955061,0.002257631,0.10827277
5511637311002,64.406805169,0.99407405,0.00954212,0.0022389337,0.108262
5511657391201,64.426885368,0.9940752,0.009545147,0.0022330852,0.10825133
5511677440884,64.446935051,0.99407685,0.009551984,0.0022320221,0.10823538
5511697490567,64.466984734,0.99407876,0.009546641,0.0022315974,0.10821948
5511717509733,64.4870039,0.99407864,0.009545485,0.002242213,0.10821957
5511737589934,64.507084101,0.9940787,0.009539608,0.002246936,0.10821963
5511757639617,64.527133784,0.99407893,0.009526283,0.0022436723,0.10821968
5511777689299,64.547183466,0.9940788,0.009526282,0.002243672,0.10821967
5511797738982,64.567233149,0.9940794,0.009526848,0.002238415,0.10821431
5511817788665,64.587282832,0.99407935,0.009531001,0.0022496087,0.1082144
5511837838348,64.607332515,0.99408,0.009525681,0.0022490819,0.1082091
5511857888031,64.627382198,0.99408054,0.009531271,0.002253817,0.108203836
5511877998749,64.647492916,0.99408114,0.009521753,0.002251783,0.10819853
5511898048432,64.667542599,0.99408233,0.00951744,0.0022497624,0.1081879
5511918098114,64.687592281,0.9940836,0.009515053,0.0022532828,0.10817735
5511938147797,64.707641964,0.9940846,0.009520336,0.0022539617,0.10816671
5511958197480,64.727691647,0.99408644,0.009520301,0.0022541145,0.1081508
5511978247163,64.74774133,0.99408704,0.009510249,0.002247702,0.10814545
5511998296846,64.767791013,0.9940867,0.009500223,0.0022411887,0.10815075
5512018346529,64.787840696,0.9940859,0.009504387,0.0022523312,0.10815613
5512038396212,64.807890379,0.99408543,0.009503823,0.0022575888,0.1081615
5512058445895,64.827940062,0.99408525,0.009507975,0.0022687821,0.108161576
5512078495578,64.847989745,0.99408543,0.009502668,0.002268205,0.108161606
5512098545261,64.868039428,0.9940842,0.009496805,0.0022728336,0.10817227
5512118594944,64.888089111,0.9940843,0.009489765,0.0022881802,0.10817245
5512138644627,64.908138794,0.99408364,0.009483313,0.0022981677,0.108177856
5512158694309,64.928188476,0.9940832,0.009474553,0.002306119,0.10818331
5512178743993,64.94823816,0.99408257,0.0094783595,0.0023052613,0.10818862
5512198793676,64.968287843,0.99408257,0.009475462,0.002314794,0.10818873
5512218843359,64.988337526,0.9940831,0.009474872,0.0023201527,0.10818347
5512238893042,65.008387209,0.9940836,0.009486053,0.0023160507,0.10817809
5512258942724,65.028436891,0.99408346,0.0094955135,0.002327822,0.10817816
5512278992407,65.048486574,0.99408394,0.009505539,0.0023343358,0.10817288
5512299072608,65.068566775,0.9940839,0.009510847,0.0023349135,0.10817286
5512319122291,65.088616458,0.99408406,0.009494899,0.002333178,0.1081729
5512339171973,65.10866614,0.9940836,0.009489981,0.002325978,0.10817817
5512359221656,65.128715823,0.9940825,0.00947804,0.0023324622,0.10818893
5512379271339,65.148765506,0.99408185,0.009472304,0.002346458,0.10819439
5512399321022,65.168815189,0.9940814,0.009460545,0.0023558678,0.10819982
5512419370706,65.188864873,0.99408203,0.0094552245,0.0023553406,0.10819452
5512439420389,65.208914556,0.9940819,0.009454068,0.0023659563,0.10819461
5512459470071,65.228964238,0.99408203,0.009447028,0.0023813026,0.10819479
5512479519754,65.249013921,0.994082,0.009444717,0.0024025345,0.10819499
5512499569437,65.269063604,0.994082,0.009438254,0.0024125727,0.1081951
5512519619120,65.289113287,0.99408203,0.009432946,0.002411995,0.10819512
5512539699320,65.309193487,0.99408203,0.009432066,0.0024094114,0.10819514
5512559749003,65.32924317,0.9940821,0.009423913,0.0024099308,0.10819524
5512579798686,65.349292853,0.9940828,0.009415492,0.0024106523,0.108190045
5512599848369,65.369342536,0.9940817,0.009413919,0.0024075285,0.10820069
5512619898052,65.389392219,0.9940816,0.009418897,0.0023981077,0.10820068
5512639947735,65.409441902,0.99408156,0.009416037,0.0024093797,0.10820087
5512659997418,65.429491585,0.99408084,0.009424848,0.0024122417,0.108206235
5512680047101,65.449541268,0.9940815,0.0094215125,0.002414106,0.10820102
5512700096784,65.469590951,0.99408036,0.0094166,0.002419331,0.10821178
5512720146467,65.489640634,0.99408084,0.0094256345,0.0024175018,0.10820647
5512740226667,65.509720834,0.9940803,0.009418043,0.002425012,0.10821192
5512760276350,65.529770517,0.9940809,0.00941803,0.0024250622,0.1082066
5512780326033,65.5498202,0.99408036,0.009405006,0.002442365,0.10821216
5512800375716,65.569869883,0.9940797,0.009407811,0.0024610595,0.10821769
5512820425398,65.589919565,0.9940779,0.009406694,0.0024715248,0.10823371
5512840475081,65.609969248,0.994078,0.009394922,0.002480985,0.10823384
5512860524764,65.630018931,0.9940767,0.009399101,0.0024920783,0.108244546
5512880574448,65.650068615,0.99407727,0.009397932,0.0025027443,0.10823934
5512900624131,65.670118298,0.99407685,0.00939206,0.0025074244,0.108244725
5512920673814,65.690167981,0.99407554,0.009391508,0.002512632,0.10825538
5512940723496,65.710217663,0.9940757,0.009379159,0.0025274,0.10825557
5512960773179,65.730267346,0.99407625,0.009378567,0.0025327578,0.10825031
5512980822862,65.750317029,0.9940756,0.009382733,0.0025439016,0.10825571
5513000872545,65.770366712,0.9940744,0.009381908,0.0025460469,0.108266406
5513020952745,65.790446912,0.99407387,0.009370224,0.0025549855,0.10827195
5513041002428,65.810496595,0.99407214,0.009363704,0.0025597564,0.108288065
5513061052111,65.830546278,0.99407226,0.0093630375,0.00255433,0.10828813
5513081132311,65.850626478,0.9940712,0.009353694,0.0025485635,0.10829881
5513101181994,65.870676161,0.9940723,0.009361722,0.002536191,0.10828807
5513121231677,65.890725844,0.99407226,0.009363607,0.0025339313,0.10828808
5513141281360,65.910775527,0.9940734,0.009367772,0.002531026,0.10827748
5513161331043,65.93082521,0.9940732,0.009383516,0.0025353658,0.108277515
5513181411243,65.95090541,0.99407256,0.0093936045,0.002533783,0.10828282
5513201460926,65.970955093,0.99407387,0.009386186,0.0025289895,0.108272254
5513221510609,65.991004776,0.99407387,0.009384016,0.00253015,0.108272344
5513241560292,66.011054459,0.9940743,0.009399561,0.0025341709,0.10826708
5513261609974,66.031104141,0.9940747,0.009404553,0.0025360137,0.10826183
5513281690175,66.051184342,0.99407464,0.009410295,0.0025304465,0.108261876
5513301739858,66.071234025,0.994074,0.009415293,0.002532193,0.10826726
5513321789540,66.091283707,0.9940739,0.009426487,0.0025280414,0.10826719
5513341839223,66.11133339,0.9940746,0.009425506,0.0025390286,0.10826208
5513361888907,66.131383074,0.9940751,0.009421454,0.002539716,0.108256854
5513381938590,66.151432757,0.9940756,0.009424544,0.0025484296,0.10825165
5513401988273,66.17148244,0.9940754,0.009439312,0.0025607795,0.10825171
5513422068472,66.191562639,0.9940759,0.0094488235,0.0025621927,0.10824648
5513442118156,66.211612323,0.9940777,0.009460134,0.002536179,0.108230494
5513462167839,66.231662006,0.99407756,0.009467213,0.0025080817,0.108230464
5513482217522,66.251711689,0.9940788,0.009467305,0.0024556369,0.10822032
5513502267204,66.271761371,0.99407643,0.009396476,0.0024904953,0.10824774
5513522316887,66.291811054,0.99407524,0.009502162,0.0025557124,0.108247966
5513542366570,66.311860737,0.994079,0.009472921,0.0025440217,0.108216
5513562416253,66.33191042,0.9940803,0.009359752,0.002475873,0.10821599
5513582465936,66.351960103,0.9940766,0.009508317,0.0024595642,0.10823724
5513602515620,66.372009787,0.99407643,0.009586172,0.0024631822,0.108232155
5513622565302,66.392059469,0.9940804,0.00947428,0.002449644,0.10820589
5513642614985,66.412109152,0.99408036,0.009468393,0.002454374,0.108205944
5513662664668,66.432158835,0.994078,0.009537436,0.0024617333,0.108221695
5513682714351,66.452208518,0.9940794,0.009515808,0.0024418565,0.10821119
5513702764034,66.472258201,0.9940831,0.009439337,0.0023990914,0.10818489
5513722813717,66.492307884,0.99408275,0.009475337,0.0024137509,0.1081849
5513742863400,66.512357567,0.99408084,0.009547584,0.0024498529,0.10819558
5513762943600,66.532437767,0.9940828,0.009520427,0.0024524252,0.10817977
5513782962766,66.552456933,0.9940835,0.009445531,0.0024221854,0.10817991
5513803012449,66.572506616,0.9940821,0.009466888,0.0024276443,0.108190626
5513823092649,66.592586816,0.99408144,0.009481077,0.0024427301,0.10819607
5513843142332,66.612636499,0.9940842,0.009442761,0.002425317,0.10817478
5513863192015,66.632686182,0.9940851,0.009467529,0.00243237,0.108164154
5513883241698,66.652735865,0.994084,0.009515582,0.0024322781,0.10816942
5513903321898,66.672816065,0.9940851,0.009520854,0.0024451453,0.10815898
5513923371581,66.692865748,0.99408686,0.009453822,0.0024302672,0.10814854
5513943421264,66.712915431,0.9940871,0.009430838,0.002427161,0.10814866
5513963470947,66.732965114,0.994086,0.009476108,0.0024394323,0.10815398
5513983520629,66.753014796,0.9940889,0.009490579,0.0024233707,0.10812738
5514003570312,66.773064479,0.99409145,0.009461318,0.00241329,0.10810628
5514023619995,66.793114162,0.99409187,0.00948533,0.0024061103,0.10810091
5514043669678,66.813163845,0.9940916,0.0095012635,0.0024077222,0.108100966
5514063719362,66.833213529,0.99409264,0.009456762,0.0023979675,0.108095884
5514083769045,66.853263212,0.9940934,0.009441736,0.0023935423,0.10809071
5514103818727,66.873312894,0.99409187,0.009466569,0.0024122512,0.108101405
5514123868410,66.893362577,0.9940935,0.009483032,0.0024088265,0.108085394
5514143918093,66.91341226,0.99409425,0.009464433,0.0023910915,0.10808005
5514163967776,66.933461943,0.9940944,0.009465893,0.0023736511,0.10808003
5514184017459,66.953511626,0.9940929,0.009498838,0.0023791073,0.10809077
5514204067143,66.97356131,0.99409336,0.009499402,0.0023738497,0.1080854
5514224116825,66.993610992,0.99409485,0.009478145,0.002371643,0.10807485
5514244166508,67.013660675,0.99409527,0.009489482,0.0023631756,0.10806938
5514264246708,67.033740875,0.99409574,0.009507702,0.0023437254,0.10806383
5514284265874,67.053760041,0.99409825,0.009493121,0.0023571698,0.10804278
5514304346074,67.073840241,0.9941009,0.0094738165,0.00243577,0.10801705
5514324395757,67.093889924,0.9941011,0.009485043,0.002509677,0.10801243
5514344445440,67.113939607,0.99410105,0.009500391,0.0025167156,0.10801245
5514364495123,67.13398929,0.99410224,0.009449471,0.0024704898,0.10800692
5514384544806,67.154038973,0.99410295,0.009425568,0.0024917917,0.10800191
5514404594488,67.174088655,0.9941042,0.009450669,0.0025626018,0.10798656
5514424644171,67.194138338,0.9941062,0.009463655,0.0025910735,0.10796553
5514444724372,67.214218539,0.9941092,0.00946474,0.0025807102,0.1079389
5514464774055,67.234268222,0.9941086,0.009474962,0.0025590756,0.10794401
5514484823737,67.254317904,0.99410796,0.009480251,0.0025558923,0.10794935
5514504873420,67.274367587,0.99410915,0.009467094,0.0025538632,0.10793914
5514524953621,67.294447788,0.9941088,0.009444703,0.0025252225,0.10794519
5514545003303,67.31449747,0.9941065,0.009482812,0.002432201,0.10796608
5514565052986,67.334547153,0.99410546,0.009511326,0.0023092346,0.10797562
5514585133187,67.354627354,0.9941062,0.009507039,0.002249743,0.10796976
5514605182869,67.374677036,0.9941079,0.009510628,0.0022690922,0.10795405
5514625232552,67.394726719,0.99410826,0.009522265,0.0022973395,0.10794906
5514645312753,67.41480692,0.9941079,0.0095038675,0.0022839746,0.107954316
5514665362436,67.434856603,0.994108,0.009500317,0.0022482357,0.10795395
5514685412118,67.454906285,0.9941091,0.009517043,0.0022306973,0.10794307
5514705461801,67.474955968,0.9941101,0.009526483,0.002242568,0.10793254
5514725511484,67.495005651,0.99411124,0.009532344,0.0022379379,0.10792186
5514745561167,67.515055334,0.9941118,0.009538792,0.0022279487,0.10791644
5514765610851,67.535105018,0.9941113,0.009559084,0.0021354042,0.10792078
5514785691050,67.555185217,0.99411184,0.009564439,0.0021217763,0.10791529
5514805771250,67.575265417,0.9941113,0.009581431,0.0020644013,0.10792002
5514825820933,67.5953151,0.99410915,0.009574484,0.002028877,0.10794092
5514845870616,67.615364783,0.9941089,0.0096107405,0.0020179413,0.107940584
5514865950817,67.635444984,0.9941104,0.009619813,0.00204867,0.107924744
5514886000499,67.655494666,0.9941105,0.009603457,0.0020619459,0.107924834
5514906080699,67.675574866,0.99411047,0.009626418,0.002048327,0.10792465
5514926130382,67.695624549,0.99411047,0.009628219,0.002043371,0.10792459
5514946180065,67.715674232,0.9941105,0.00962146,0.002036509,0.10792454
5514966229748,67.735723915,0.9941103,0.009642116,0.0020441222,0.10792455
5514986279431,67.755773598,0.9941096,0.00965159,0.0020558394,0.10792994
5515006329114,67.775823281,0.99411064,0.009656876,0.0020565188,0.10791931
5515026378797,67.795872964,0.99411184,0.0096492665,0.0020530606,0.10790874
5515046428480,67.815922647,0.9941125,0.00964431,0.0020500605,0.10790346
5515066478162,67.835972329,0.99411243,0.0096500395,0.0020554685,0.107903495
5515086527845,67.856022012,0.9941136,0.009649301,0.0020433085,0.10789278
5515106577529,67.876071696,0.99411434,0.00964881,0.0020259125,0.10788735
5515126627212,67.896121379,0.99411494,0.009700611,0.0020062602,0.10787679
5515146707411,67.916201578,0.9941154,0.009728748,0.0019496738,0.10787119
5515166757094,67.936251261,0.99411434,0.009718242,0.0019149455,0.10788184
5515186806778,67.956300945,0.99411243,0.0097130705,0.0018000412,0.10790203
5515206856461,67.976350628,0.994111,0.009766049,0.0017573499,0.10791211
5515226906144,67.996400311,0.9941132,0.00977778,0.0017480947,0.107890755
5515246955826,68.016449993,0.99411553,0.009770129,0.0017663073,0.107869655
5515267036027,68.036530194,0.9941155,0.009786022,0.0017442628,0.107869126
5515287085710,68.056579877,0.994115,0.009774886,0.0017442383,0.10787424
5515307135392,68.076629559,0.99411577,0.009760497,0.0017442111,0.10786882
5515327185075,68.096679242,0.9941171,0.009734862,0.001767019,0.1078584
5515347265276,68.116759443,0.99411744,0.009755509,0.0017746828,0.1078531
5515367314959,68.136809126,0.99411887,0.0097903,0.0017596912,0.107836865
5515387364641,68.156858808,0.9941197,0.009766401,0.001753233,0.10783153
5515407414324,68.176908491,0.9941197,0.009766976,0.0017479248,0.10783148
5515427464007,68.196958174,0.9941206,0.009792923,0.0017562162,0.10782087
5515447544207,68.217038374,0.99412066,0.009787865,0.0017651833,0.10782077
5515467593890,68.237088057,0.9941226,0.009744221,0.0018219776,0.107805
5515487643573,68.25713774,0.99412495,0.009710238,0.0019606038,0.10778502
5515507723773,68.27721794,0.9941259,0.009668748,0.002111097,0.10777623
5515527773456,68.297267623,0.9941241,0.009659254,0.0021361965,0.10779346
5515547823139,68.317317306,0.9941237,0.009658757,0.002092316,0.1077991
5515567872822,68.337366989,0.99412304,0.009668043,0.0020524282,0.10780425
5515587953021,68.357447188,0.99412227,0.009689342,0.0020393962,0.10780946
5515608002705,68.377496872,0.9941214,0.0096790185,0.002002771,0.107819945
5515628052388,68.397546555,0.9941229,0.009653049,0.0019519338,0.10780919
5515648132587,68.417626754,0.9941235,0.009652791,0.0019329209,0.107803844
5515668182270,68.437676437,0.99412405,0.009656209,0.0019449876,0.107798606
5515688262471,68.457756638,0.9941239,0.00965681,0.0019649747,0.10779869
5515708312154,68.477806321,0.9941246,0.009654106,0.0019315068,0.10779286
5515728361836,68.497856003,0.9941253,0.009628139,0.0020094775,0.10778826
5515748442037,68.517936204,0.99412805,0.009622073,0.0020741452,0.107762314
5515768491720,68.537985887,0.99413055,0.009614712,0.0021781335,0.10773675
5515788541402,68.558035569,0.9941328,0.009606524,0.0022132692,0.10771589
5515808560569,68.578054736,0.99413234,0.009611012,0.0021890744,0.10772102
5515828610251,68.598104418,0.9941307,0.009626153,0.0021308593,0.10773634
5515848690452,68.618184619,0.99413025,0.009634351,0.0020702835,0.10774099
5515868740135,68.638234302,0.9941313,0.009642965,0.0020466973,0.10772982
5515888789818,68.658283985,0.99413246,0.009643621,0.0020622243,0.10771914
5515908839500,68.678333667,0.99413216,0.0096679,0.002076516,0.107719176
5515928889183,68.69838335,0.99413335,0.009672037,0.002087811,0.10770866
5515948938866,68.718433033,0.99413455,0.009667282,0.002082031,0.10769801
5515969019066,68.738513233,0.99413556,0.009669692,0.0021092505,0.10768764
5515989068749,68.758562916,0.99413663,0.00959647,0.0021831782,0.10768287
5516009118432,68.778612599,0.9941386,0.009528698,0.0023121412,0.107668184
5516029168115,68.798662282,0.9941442,0.0095417155,0.0024695154,0.10761136
5516049248315,68.818742482,0.9941482,0.009522797,0.0025150192,0.107575275
5516069297998,68.838792165,0.9941485,0.009503959,0.0024618546,0.10757538
5516089347681,68.858841848,0.9941472,0.009532136,0.0024144745,0.107586026
5516109427881,68.878922048,0.9941466,0.009532163,0.0024144459,0.10759205
5516129477564,68.898971731,0.99414724,0.009506491,0.002429158,0.10758752
5516149527247,68.919021414,0.9941473,0.009492052,0.0024284984,0.10758772
5516169576930,68.939071097,0.99414724,0.009495089,0.0024260732,0.107587725
5516189657130,68.959151297,0.9941485,0.009492071,0.002438402,0.1075774
5516209706813,68.97920098,0.9941502,0.009479332,0.002447297,0.10756176
5516229756496,68.999250663,0.99415034,0.00947462,0.0024432174,0.10756191
5516249806179,69.019300346,0.9941519,0.009490506,0.0024450922,0.10754594
5516269886379,69.039380546,0.9941532,0.009474219,0.0024425867,0.10753536
5516289936062,69.059430229,0.99415386,0.009463247,0.0024396142,0.10753007
5516309985745,69.079479912,0.99415386,0.00946075,0.002439444,0.10753018
5516330065944,69.099560111,0.9941549,0.009477093,0.0024301365,0.10751953
5516350115628,69.119609795,0.9941554,0.00948181,0.0024222261,0.10751418
5516370165311,69.139659478,0.99415606,0.009470606,0.0024264369,0.10750895
5516390245510,69.159739677,0.9941559,0.009485957,0.0024334674,0.107508965
5516410295193,69.17978936,0.9941565,0.009496917,0.00241898,0.10750358
5516430344877,69.199839044,0.9941564,0.009492468,0.0024125269,0.10750362
5516450394560,69.219888727,0.9941582,0.00949295,0.0024193586,0.107487835
5516470474759,69.239968926,0.994158,0.009507174,0.0024242834,0.10748787
5516490524442,69.260018609,0.9941581,0.009500635,0.0024249929,0.10748798
5516510604642,69.280098809,0.9941593,0.009496661,0.0024121022,0.10747739
5516530654325,69.300148492,0.9941599,0.009498228,0.0024021687,0.10747207
5516550704008,69.320198175,0.99416035,0.009506691,0.002406873,0.1074668
5516570784208,69.340278375,0.9941615,0.009502905,0.0024149686,0.1074563
5516590833891,69.360328058,0.994162,0.00949898,0.0024122675,0.107450984
5516610883574,69.380377741,0.9941621,0.009503847,0.0024157611,0.10745106
5516630963775,69.400457942,0.99416304,0.0095137535,0.0024126123,0.10744045
5516651013457,69.420507624,0.9941638,0.00950753,0.0023983025,0.10743509
5516671063140,69.440557307,0.9941643,0.00951581,0.0023961163,0.10742979
5516691112823,69.46060699,0.9941641,0.009530366,0.0023947011,0.10742978
5516711193023,69.48068719,0.9941637,0.009528494,0.002383686,0.10743511
5516731242706,69.500736873,0.9941642,0.00953212,0.0023780318,0.10742984
5516751292389,69.520786556,0.99416417,0.009534329,0.0023844778,0.107429974
5516771372590,69.540866757,0.99416465,0.009545507,0.0023803676,0.10742459
5516791422272,69.560916439,0.99416506,0.00953171,0.0024393846,0.107419714
5516811532989,69.581027156,0.99416524,0.009459419,0.0025966186,0.1074208
5516831582672,69.601076839,0.9941698,0.00948743,0.0024549447,0.1073807
5516851632355,69.621126522,0.99417543,0.009506189,0.0024461742,0.10732632
5516871682038,69.641176205,0.9941801,0.0094838,0.002503444,0.107284226
5516891762238,69.661256405,0.99418217,0.009480309,0.0025602542,0.10726356
5516911842438,69.681336605,0.99418133,0.009488141,0.0026013753,0.10726957
5516931922638,69.701416805,0.99418086,0.009466541,0.002610722,0.1072755
5516951972321,69.721466488,0.99417984,0.009460317,0.0025992799,0.10728623
5516972022004,69.741516171,0.9941799,0.009455924,0.0025840828,0.10728616
5516992071687,69.761565854,0.9941799,0.009452848,0.00258572,0.107286245
5517012121369,69.781615536,0.99418044,0.00945227,0.002594059,0.10728115
5517032171052,69.801665219,0.99418217,0.009444222,0.0026053058,0.107265525
5517052220736,69.821714903,0.9941832,0.009452245,0.0026195182,0.10725507
5517072300935,69.841795102,0.99418473,0.009474583,0.0026113433,0.107238986
5517092350618,69.861844785,0.9941851,0.009493631,0.002461701,0.10723756
5517112400301,69.881894468,0.9941836,0.0095321275,0.0022912351,0.10725173
5517132449985,69.901944152,0.9941828,0.0095743695,0.0022425791,0.10725604
5517152499668,69.921993835,0.99418515,0.009564624,0.0022734879,0.1072344
5517172549351,69.942043518,0.9941876,0.0095462445,0.002306517,0.10721295
5517192599033,69.9620932,0.99418753,0.00956565,0.002302973,0.10721257
5517212648716,69.982142883,0.99418914,0.009578801,0.002273103,0.10719619
5517232698399,70.002192566,0.99419165,0.009560505,0.002266879,0.10717482
5517252717565,70.022211732,0.9941923,0.009549975,0.0022903762,0.10716958
5517272797766,70.042291933,0.99419194,0.009587403,0.0022919674,0.10716932
5517292816931,70.062311098,0.99419296,0.009595089,0.0023341894,0.107158795
5517312866614,70.082360781,0.9941956,0.009533974,0.0024019761,0.107137784
5517332916297,70.102410464,0.99419814,0.009496168,0.0024458966,0.10711645
5517352965980,70.122460147,0.99420124,0.009523681,0.0025064975,0.107084684
5517373015663,70.14250983,0.994204,0.009512803,0.002544122,0.10705836
5517393065346,70.162559513,0.9942059,0.009495994,0.002533769,0.10704233
5517413084512,70.182578679,0.9942054,0.009517743,0.0024615005,0.107046776
5517433134195,70.202628362,0.99420524,0.009563376,0.0023986609,0.10704562
5517453183878,70.222678045,0.9942076,0.009566228,0.0023798312,0.10702364
5517473233561,70.242727728,0.99421066,0.00955315,0.00239775,0.10699706
5517493283244,70.262777411,0.99421096,0.0095697455,0.002410767,0.106991686
5517513332926,70.282827093,0.9942108,0.009593101,0.0024070132,0.106991485
5517533382609,70.302876776,0.9942133,0.009595084,0.0023400083,0.106969655
5517553432293,70.32292646,0.9942143,0.009604165,0.0021738268,0.10696297
5517573481976,70.342976143,0.9942107,0.009660412,0.0020506803,0.1069935
5517593531659,70.363025826,0.9942077,0.009701286,0.0019861895,0.10701929
5517613581342,70.383075509,0.9942097,0.009677827,0.001965197,0.10700318
5517633631024,70.403125191,0.99421114,0.009695603,0.0019994893,0.10698752
5517653650191,70.423144358,0.9942088,0.0097184265,0.0019372923,0.1070081
5517673699874,70.443194041,0.99420923,0.009714528,0.0018208491,0.10700686
5517693749556,70.463243723,0.99421245,0.009674482,0.0018248422,0.10698006
5517713799239,70.483293406,0.99421275,0.00967602,0.0019140573,0.10697543
5517733848922,70.503343089,0.99421495,0.009726911,0.0019763033,0.10694927
5517753898605,70.523392772,0.99421626,0.009711535,0.0019693854,0.10693863
5517773948289,70.543442456,0.9942166,0.00968568,0.0019177849,0.10693874
5517793997971,70.563492138,0.9942145,0.00976642,0.0017303189,0.10695438
5517814108688,70.583602855,0.99421024,0.009785456,0.0014873788,0.10699587
5517834158371,70.603652538,0.9942075,0.009748197,0.0013295651,0.10702666
5517854208054,70.623702221,0.9942068,0.009773439,0.0012946385,0.10703158
5517874227220,70.643721387,0.99420816,0.009793103,0.001361356,0.10701624
5517894276903,70.66377107,0.99420816,0.009793995,0.0013486809,0.107016265
5517914357103,70.68385127,0.99420834,0.009800115,0.0012419369,0.10701523
5517934406786,70.703900953,0.9942084,0.0098088,0.001195834,0.10701453
5517954456469,70.723950636,0.99420935,0.009823973,0.0012240228,0.10700394
5517974506152,70.744000319,0.99421024,0.009843481,0.001242339,0.10699346
5517994555835,70.764050002,0.99420995,0.009837827,0.0011825084,0.10699822
5518014575001,70.784069168,0.99420905,0.009868374,0.0011481519,0.107003115
5518034624684,70.804118851,0.994209,0.009882377,0.0011142469,0.10700261
5518054674367,70.824168534,0.9942098,0.009859132,0.0011165336,0.10699718
5518074754566,70.844248733,0.99421096,0.009848485,0.0011611612,0.10698685
5518094804250,70.864298417,0.99421114,0.009836753,0.0011922166,0.10698709
5518114823415,70.884317582,0.99421185,0.009815971,0.0011978607,0.1069817
5518134873098,70.904367265,0.99421304,0.009809869,0.0011988616,0.10697098
5518154922782,70.924416949,0.9942125,0.00980394,0.00121815,0.10697641
5518174972465,70.944466632,0.99421287,0.009816912,0.001249191,0.106971316
5518195022148,70.964516315,0.994214,0.009823047,0.0012486255,0.106960595
5518215071830,70.984565997,0.9942143,0.009795368,0.0012396246,0.106960475
5518235121513,71.00461568,0.9942137,0.009799318,0.0012334754,0.10696563
5518255171196,71.024665363,0.9942148,0.00980033,0.0012538311,0.106955126
5518275220879,71.044715046,0.99421537,0.009791877,0.0012632036,0.10694983
5518295270563,71.06476473,0.994217,0.009802749,0.0012750666,0.10693389
5518315320246,71.084814413,0.99421567,0.009816424,0.0012894085,0.10694457
5518335339411,71.104833578,0.99421597,0.009801783,0.0012753545,0.10694441
5518355389094,71.124883261,0.9942155,0.009781021,0.0012830473,0.10694961
5518375438777,71.144932944,0.9942154,0.009786828,0.0013003107,0.10694954
5518395488460,71.164982627,0.994216,0.009787677,0.0013173745,0.106944166
5518415538143,71.18503231,0.99421716,0.009784826,0.0013459754,0.10693368
5518435587826,71.205081993,0.99421775,0.0097773485,0.0013593265,0.10692845
5518455606992,71.225101159,0.99421877,0.00978681,0.0013711902,0.106917925
5518475656675,71.245150842,0.9942182,0.009786247,0.0013764387,0.106923275
5518495706358,71.265200525,0.9942189,0.009770249,0.0013913275,0.10691803
5518515756041,71.285250208,0.99421936,0.009779621,0.0014063191,0.106912665
5518535805724,71.305299891,0.9942203,0.009800505,0.001408451,0.106901914
5518555855406,71.325349573,0.9942209,0.009795189,0.0014079325,0.10689661
5518575874573,71.34536874,0.9942222,0.009787243,0.0014096539,0.10688599
5518595924255,71.365418422,0.99422216,0.009790511,0.0014200752,0.10688599
5518615973938,71.385468105,0.99422204,0.00979888,0.0014335106,0.10688596
5518636054139,71.405548306,0.9942232,0.009798898,0.0014385453,0.10687519
5518656103822,71.425597989,0.9942238,0.009787308,0.0014388966,0.10686974
5518676153504,71.445647671,0.9942244,0.009790103,0.0014480567,0.10686446
5518696203187,71.465697354,0.9942247,0.009808613,0.0014539015,0.106859066
5518716252870,71.485747037,0.9942265,0.009805732,0.0014602671,0.10684308
5518736302554,71.505796721,0.9942266,0.009801734,0.0014721112,0.10684306
5518756352237,71.525846404,0.9942271,0.009806029,0.0014694938,0.10683756
5518776401919,71.545896086,0.99422824,0.00974848,0.001501043,0.106831945
5518796451602,71.565945769,0.99423134,0.009639774,0.0017991936,0.10680808
5518816562319,71.586056486,0.99423337,0.009585181,0.0020573733,0.10678985
5518836612002,71.606106169,0.99423295,0.00955338,0.0020430475,0.10679671
5518856661685,71.626155852,0.99423134,0.009575072,0.0018795659,0.10681246
5518876711368,71.646205535,0.99423015,0.009599564,0.001806352,0.10682285
5518896761052,71.666255219,0.99423003,0.0096026985,0.0018206745,0.10682312
5518916810734,71.686304901,0.9942313,0.009576662,0.0018550255,0.106813
5518936860417,71.706354584,0.99423254,0.009548234,0.0018898685,0.10680296
5518956940617,71.726434784,0.9942326,0.009534999,0.0019147106,0.106803335
5518976990300,71.746484467,0.9942345,0.009569891,0.00194018,0.1067822
5518997039983,71.76653415,0.9942358,0.009565703,0.0019290947,0.10677151
5519017089666,71.786583833,0.99423575,0.009571362,0.001923977,0.106771454
5519037139349,71.806633516,0.994236,0.009603204,0.0019274488,0.10676608
5519057189032,71.826683199,0.9942368,0.009576592,0.0019168477,0.106760696
5519077238715,71.846732882,0.9942387,0.009535038,0.002012459,0.10674538
5519097318915,71.866813082,0.994242,0.009466255,0.002252853,0.106715776
5519117368598,71.886862765,0.99424064,0.009407179,0.002467567,0.106729195
5519137418281,71.906912448,0.9942375,0.009422102,0.0024719264,0.10675714
5519157467964,71.926962131,0.99423575,0.009444816,0.0023823257,0.1067732
5519177517646,71.947011813,0.99423426,0.0094288075,0.002332855,0.10678933
5519197597847,71.967092014,0.9942334,0.009456247,0.0023103983,0.10679503
5519217647530,71.987141697,0.99423426,0.009413262,0.0023083636,0.10679074
5519237697212,72.007191379,0.99423456,0.009379789,0.0022846437,0.10679135
5519257746895,72.027241062,0.994234,0.009382625,0.0022564412,0.10679668
5519277796578,72.047290745,0.99423456,0.009387741,0.0022572593,0.10679147
5519297876778,72.067370945,0.99423605,0.009408453,0.002273627,0.10677577
5519317926461,72.087420628,0.9942373,0.009393319,0.0022716955,0.106765375
5519337976144,72.107470311,0.99423736,0.009394989,0.0022471424,0.10676541
5519358025827,72.127519994,0.9942376,0.009427277,0.0022179617,0.10676012
5519378075511,72.147569678,0.994236,0.009410607,0.002239709,0.10677695
5519398125194,72.167619361,0.9942338,0.009387259,0.0022711665,0.10679901
5519418174876,72.187669043,0.9942307,0.0094149755,0.002253654,0.10682548
5519438255076,72.207749243,0.9942308,0.009412519,0.00222654,0.10682524
5519458304760,72.227798927,0.9942327,0.009383994,0.002238218,0.106809616
5519478354443,72.24784861,0.99423194,0.0093655065,0.0023371598,0.106816396
5519498404125,72.267898292,0.9942323,0.009352901,0.0023993102,0.106812686
5519518453808,72.287947975,0.99423194,0.009326884,0.0023771457,0.10681878
5519538503491,72.307997658,0.9942322,0.009315263,0.0023225474,0.10681888
5519558553174,72.328047341,0.9942333,0.009326445,0.0022957206,0.1068083
5519578602857,72.348097024,0.9942337,0.009342895,0.0023037673,0.106803216
5519598652539,72.368146706,0.99423474,0.009344825,0.0023189243,0.106792845
5519618702223,72.38819639,0.9942349,0.009320142,0.0023234591,0.10679302
5519638751906,72.408246073,0.99423486,0.009321829,0.0023318282,0.106793135
5519658801589,72.428295756,0.9942366,0.009315046,0.0023324208,0.106777295
5519678851272,72.448345439,0.99423724,0.009309446,0.0023367638,0.10677214
5519698900955,72.468395122,0.9942371,0.009319268,0.0023398027,0.10677219
5519718950637,72.488444804,0.9942381,0.009334414,0.002337428,0.10676159
5519739000320,72.508494487,0.994238,0.009339521,0.002339562,0.10676168
5519759050004,72.528544171,0.9942386,0.009333629,0.0023443506,0.106756434
5519779099687,72.548593854,0.9942387,0.009328321,0.0023437806,0.10675645
5519799149370,72.568643537,0.9942386,0.009333629,0.0023443506,0.106756434
5519819199053,72.58869322,0.9942386,0.009330378,0.0023527243,0.106756546
5519839248735,72.608742902,0.9942398,0.009335092,0.002358703,0.10674598
5519859298418,72.628792585,0.99423945,0.009355756,0.0023662914,0.106745966
5519879348101,72.648842268,0.9942395,0.009360496,0.0023721703,0.10674602
5519899397784,72.668891951,0.99424076,0.00934809,0.0023700786,0.10673543
5519919447468,72.688941635,0.9942413,0.009344612,0.002373618,0.106730185
5519939497151,72.708991318,0.99424124,0.009357019,0.002378321,0.10673023
5519959546833,72.729041,0.99424225,0.009367041,0.0023848696,0.106719635
5519979596516,72.749090683,0.99424446,0.0093723,0.0023856396,0.10669839
5519999646199,72.769140366,0.994245,0.009378165,0.0023809506,0.106693015
5520019695882,72.789190049,0.99424493,0.009384024,0.0023851078,0.10669307
5520039745565,72.809239732,0.99424547,0.009387715,0.0023835283,0.10668777
5520059795249,72.829289416,0.9942455,0.009380115,0.002384009,0.10668786
5520079875448,72.849369615,0.99424607,0.009385981,0.00237932,0.10668249
5520099925131,72.869419298,0.99424595,0.009396044,0.0023857781,0.10668251
5520119974814,72.889468981,0.994247,0.009400188,0.0023970657,0.10667198
5520140024497,72.909518664,0.99424696,0.0094049275,0.0024029443,0.10667202
5520160104697,72.929598864,0.99424624,0.009410248,0.0024034635,0.1066773
5520180154380,72.949648547,0.99424636,0.009409678,0.0024087806,0.10667737
5520200204062,72.969698229,0.99424684,0.009411082,0.0024005668,0.106672026
5520220253746,72.989747913,0.9942479,0.009416583,0.0024090991,0.10666153
5520240303429,73.009797596,0.9942489,0.009425646,0.002407475,0.106650926
5520260353112,73.029847279,0.99425006,0.009436317,0.0024101387,0.1066404
5520280402795,73.049896962,0.99425167,0.009432554,0.002411947,0.10662455
5520300452478,73.069946645,0.9942524,0.009428677,0.0024069773,0.10661942
5520320502160,73.089996327,0.9942533,0.00946957,0.0023424434,0.10660897
5520340582361,73.110076528,0.9942526,0.009407535,0.0024321051,0.10661758
5520360632044,73.130126211,0.9942517,0.00934362,0.002467271,0.10663096
5520380681727,73.150175894,0.99425006,0.009354038,0.0024105338,0.10664713
5520400731409,73.170225576,0.9942494,0.009373712,0.0023702534,0.10665222
5520420811610,73.190305777,0.9942522,0.009396649,0.0023244685,0.106625326
5520440861293,73.21035546,0.9942566,0.009419806,0.0022983104,0.10658265
5520460910975,73.230405142,0.9942601,0.009408581,0.0023074425,0.10655104
5520480960658,73.250454825,0.99426013,0.009397763,0.0023321589,0.10655133
5520501010341,73.270504508,0.9942606,0.009392411,0.0023405673,0.10654612
5520521060024,73.290554191,0.9942617,0.009354999,0.0023178102,0.10654085
5520541109708,73.310603875,0.99426156,0.009372347,0.0023034378,0.106540754
5520561189907,73.330684074,0.99426454,0.0094141755,0.002313598,0.10650885
5520581239590,73.350733757,0.9942664,0.0093981875,0.0023120404,0.10649294
5520601289273,73.37078344,0.99426734,0.009419398,0.0023144153,0.10648227
5520621338957,73.390833124,0.9942678,0.009424127,0.0023203432,0.106477
5520641388639,73.410882806,0.99426794,0.009407165,0.002330597,0.106477216
5520661438322,73.430932489,0.9942693,0.009381813,0.0023342376,0.10646673
5520681518522,73.451012689,0.99426985,0.0093827965,0.002338803,0.10646146
5520701568205,73.471062372,0.99427,0.009419434,0.0023481555,0.1064561
5520721617888,73.491112055,0.9942717,0.009434441,0.0023336334,0.10644011
5520741667571,73.511161738,0.99427307,0.009411054,0.002317836,0.10642958
5520761717254,73.531211421,0.99427176,0.009426437,0.0023247495,0.10644021
5520781766937,73.551261104,0.99427176,0.009425869,0.0023300585,0.10644026
5520801816620,73.571310787,0.9942731,0.009401851,0.0023249679,0.10642969
5520821866302,73.591360469,0.99427354,0.0094169155,0.0023244913,0.10642436
5520841915985,73.611410152,0.9942744,0.009440594,0.002353978,0.10641393
5520861965669,73.631459836,0.99427545,0.009438412,0.0023729482,0.10640354
5520882045869,73.651540036,0.9942767,0.009423512,0.0023710157,0.10639303
5520902095551,73.671589718,0.994278,0.009408037,0.0023598685,0.1063824
5520922145234,73.691639401,0.99427634,0.009403119,0.0023574403,0.106398344
5520942133884,73.711628051,0.99427754,0.00939437,0.0023614038,0.106387764
5520962183567,73.731677734,0.99427825,0.009376038,0.0023635072,0.106382556
5520982263766,73.751757933,0.99427825,0.009391636,0.0023637966,0.10638127
5521002313450,73.771807617,0.99428153,0.009702395,0.0024297119,0.10632136
5521022363133,73.7918573,0.9942905,0.009384352,0.0026522477,0.10626063
5521042412816,73.811906983,0.9942943,0.009599629,0.0025929296,0.106207065
5521062462498,73.831956665,0.9943119,0.00987363,0.002234361,0.10602462
5521082512181,73.852006348,0.99458176,0.009163461,0.0016856492,0.10353892
5521102561864,73.872056031,0.99509865,0.008469777,9.665564E-4,0.09851901
5521122642064,73.892136231,0.99575084,0.007961936,-8.016216E-5,0.091743425
5521142661230,73.912155397,0.9964663,0.0063657467,-7.1727484E-4,0.08374933
5521162710914,73.932205081,0.99715495,0.0029515042,-0.001409738,0.07530834
5521182760596,73.952254763,0.9977224,-0.0032553086,-0.0032102843,0.06729998
5521202840796,73.972334963,0.99798554,-0.010433397,0.0048936484,0.062387746
5521222890479,73.992384646,0.9982386,-0.013374884,-0.0028441176,0.057730816
5521242940162,74.012434329,0.99850494,-0.019141033,-0.004498051,0.05100306
5521262989845,74.032484012,0.9983805,-0.023678914,-0.0044356384,0.051536553
5521283039528,74.052533695,0.99806076,-0.023689315,-0.020142667,0.053924594
5521303089211,74.072583378,0.9970047,-0.022568842,-0.04107697,0.061522055
5521323138894,74.092633061,0.9955501,-0.01216415,-0.062362872,0.069592014
5521343188577,74.112682744,0.99448836,0.011827537,-0.07453613,0.0727832
5521363238259,74.132732426,0.9936376,0.041131694,-0.0769248,0.07123942
5521383287943,74.15278211,0.99248606,0.06648994,-0.077784024,0.06708397
5521403337626,74.172831793,0.99117786,0.084365726,-0.08052728,0.06296279
5521423387309,74.192881476,0.9903933,0.096497364,-0.07836347,0.060570654
5521443436992,74.212931159,0.9902277,0.10648217,-0.06961526,0.057135537
5521463486675,74.232980842,0.9904002,0.116969794,-0.0576038,0.045906622
5521483536357,74.253030524,0.990277,0.12941688,-0.043068413,0.02734985
5521503555524,74.273049691,0.9887695,0.14503224,-0.03541719,0.0067965537
5521523635723,74.29312989,0.98592395,0.1623709,-0.038711753,-0.0095412815
5521543685407,74.313179574,0.98232085,0.18061583,-0.04405482,-0.0219773
5521563735090,74.333229257,0.97823393,0.19994628,-0.04250042,-0.035687707
5521583784773,74.35327894,0.973777,0.21785401,-0.037793525,-0.05357029
5521603834455,74.373328622,0.96910673,0.2335449,-0.030733954,-0.07310553
5521623884138,74.393378305,0.96440977,0.24714845,-0.020967059,-0.09160697
5521643933821,74.413427988,0.9600056,0.2581519,-0.009968984,-0.10792461
5521663983504,74.433477671,0.9559255,0.26624963,8.1202306E-4,-0.1237619
5521684033188,74.453527355,0.95188534,0.27304128,0.015473289,-0.13828756
5521704082870,74.473577037,0.9475173,0.27990183,0.03606386,-0.15021779
5521724132553,74.49362672,0.94321376,0.28552112,0.056263983,-0.1601876
5521744182236,74.513676403,0.94020474,0.28813446,0.0710951,-0.16715012
5521764231919,74.533726086,0.9389975,0.2874619,0.08245756,-0.16985357
5521784281602,74.553775769,0.9394605,0.2825354,0.09156835,-0.17088868
5521804392319,74.573886486,0.9445955,0.26574197,0.081788264,-0.17444552
5521824442002,74.593936169,0.952021,0.25117964,0.070810445,-0.15984604
5521844522202,74.614016369,0.9569978,0.24596687,0.07138917,-0.13623211
5521864571885,74.634066052,0.95891136,0.24538325,0.07912956,-0.118383564
5521884621568,74.654115735,0.95950824,0.2445312,0.090316765,-0.10673023
5521904671250,74.674165417,0.96058804,0.24032304,0.100650065,-0.096876584
5521924720934,74.694215101,0.96169996,0.24147527,0.101687,-0.08051543
5521944770617,74.714264784,0.96077144,0.25003278,0.10797512,-0.052375916
5521964820300,74.734314467,0.95866036,0.26321846,0.105953604,-0.021453341
5521984869983,74.75436415,0.95507336,0.28169158,0.09208175,0.0023813453
5522004919666,74.774413833,0.95075655,0.30017287,0.07590709,0.0140143065
5522024969348,74.794463515,0.9478523,0.31047,0.070114024,0.016385747
5522045019031,74.814513198,0.9486231,0.3080514,0.07036438,0.016355786
5522065068714,74.834562881,0.9542121,0.28848153,0.07652205,0.020055307
5522085118398,74.854612565,0.96152097,0.25776568,0.08994037,0.030743532
5522105168081,74.874662248,0.9671613,0.2278312,0.10120956,0.0494849
5522125217764,74.894711931,0.97023016,0.20545834,0.106391974,0.071561694
5522145267446,74.914761613,0.97109485,0.19244446,0.1068459,0.09232542
5522165317129,74.934811296,0.9701702,0.18799192,0.1074784,0.10898291
5522185366812,74.954860979,0.96845573,0.19118877,0.10757601,0.11818519
5522205416495,74.974910662,0.96661615,0.19916064,0.106126696,0.12134853
5522225466179,74.994960346,0.9646699,0.20830895,0.10410112,0.12321728
5522245515862,75.015010029,0.9628712,0.21595581,0.09981109,0.12759252
5522265565544,75.035059711,0.96136034,0.22130395,0.09491396,0.13342465
5522285615227,75.055109394,0.96073896,0.2233914,0.087523006,0.13934426
5522305664910,75.075159077,0.96111506,0.2220161,0.07835446,0.1443168
5522325714593,75.09520876,0.9633006,0.21338506,0.065716974,0.14899732
5522345764276,75.115258443,0.9659013,0.20174706,0.056873523,0.15198128
5522365813959,75.135308126,0.9685188,0.19002882,0.052954227,0.15184285
5522385863642,75.155357809,0.9710583,0.17918858,0.05161727,0.14924166
5522405913325,75.175407492,0.972881,0.17152162,0.04821092,0.14750825
5522425963008,75.195457175,0.97386134,0.1673337,0.04326706,0.14738247
5522446012691,75.215506858,0.9735277,0.17123526,0.03819061,0.14650527
5522466062374,75.235556541,0.97318244,0.17703289,0.033708688,0.14296523
5522486112057,75.255606224,0.97289294,0.1798984,0.03346051,0.14140801
5522506161739,75.275655906,0.9722378,0.18207996,0.037041314,0.142227
5522526211423,75.29570559,0.97041833,0.18677826,0.050647657,0.14435017
5522546261106,75.315755273,0.9673837,0.19190021,0.07152931,0.14908633
5522566310789,75.335804956,0.9667589,0.1919686,0.06851904,0.15437095
5522586360472,75.355854639,0.96925735,0.18433397,0.04701185,0.1560485
5522606410154,75.375904321,0.97297066,0.16497108,0.035837937,0.15756981
5522626459837,75.395954004,0.97703004,0.14115825,0.025025917,0.15767159
5522646509520,75.416003687,0.97918886,0.120738074,0.033463366,0.15966158
5522666559203,75.43605337,0.98162645,0.10439873,0.041085392,0.15434551
5522686608887,75.456103054,0.9851425,0.09352262,0.038524676,0.13879338
5522706658570,75.476152737,0.98890764,0.08467351,0.031096451,0.11800512
5522726708252,75.496202419,0.99150187,0.07775756,0.023700258,0.10156865
5522746757935,75.516252102,0.9922338,0.07633147,0.02019208,0.09611432
5522766807618,75.536301785,0.9920867,0.07724313,0.0162367,0.0976413
5522786857301,75.556351468,0.99198425,0.076576956,0.006988038,0.10027267
5522806906984,75.576401151,0.9920539,0.07657158,0.0020940334,0.09980758
5522826956668,75.596450835,0.9921168,0.07692063,0.0016493938,0.09891762
5522846975833,75.61647,0.9918839,0.07722924,-0.00597498,0.10082912
5522867025516,75.636519683,0.9912279,0.07868737,-0.012474789,0.10545136
5522887075199,75.656569366,0.9907312,0.082817145,-0.013226791,0.1068563
5522907124882,75.676619049,0.9902628,0.08590098,-0.016833443,0.10824648
5522927174565,75.696668732,0.9902461,0.08584196,-0.020842483,0.10774727
5522947224248,75.716718415,0.99076515,0.0833555,-0.01965111,0.10511954
5522967304447,75.736798614,0.99131906,0.08056457,-0.017297992,0.10245384
5522987354131,75.756848298,0.9911124,0.086565286,-0.025757503,0.097669214
5523007403814,75.776897981,0.9929099,0.08845229,-0.0367733,0.07038478
5523027453497,75.796947664,0.99591446,0.070619866,-0.031066062,0.04692848
5523047503180,75.816997347,0.9986322,0.046266284,-0.014124406,0.019841079
5523067552863,75.83704703,0.99955285,0.029512899,-0.0030858812,0.0037030098
5523087602545,75.857096712,0.9996008,0.026913239,0.0014966729,0.008461814
5523107682746,75.877176913,0.9989535,0.036211547,0.0027894287,0.027798971
5523127732429,75.897226596,0.9974017,0.04605229,0.003898818,0.05526194
5523147782111,75.917276278,0.9951952,0.04961486,0.007304841,0.08409367
5523167831794,75.937325961,0.99277943,0.046144202,0.010378145,0.11023639
5523187881477,75.957375644,0.9896372,0.041320395,0.013409609,0.13686116
5523207900643,75.97739481,0.98620886,0.035629585,0.01684101,0.16074549
5523227950326,75.997444493,0.9827643,0.029035324,0.023050325,0.18110783
5523248000009,76.017494176,0.97985905,0.020204315,0.029020946,0.19653456
5523268019175,76.037513342,0.9783254,0.011697735,0.027672973,0.20488262
5523288068858,76.057563025,0.9784371,0.0045537967,0.020604571,0.2054644
5523308118541,76.077612708,0.97953504,6.004907E-4,0.012222739,0.20090154
5523328168224,76.097662391,0.9804546,0.0010968115,0.005340418,0.19667003
5523348187390,76.117681557,0.98041105,0.0035542178,0.00270686,0.1969118
5523368237073,76.13773124,0.97980666,0.007158784,0.002224462,0.19980691
5523388286756,76.157780923,0.97860575,0.011696366,0.0034304014,0.20538315
5523408336439,76.177830606,0.9770273,0.016082698,0.0046930276,0.21245503
5523428386122,76.197880289,0.9757213,0.019608082,0.007372227,0.21801196
5523448435805,76.217929972,0.9750016,0.02068102,0.015075274,0.22071956
5523468454971,76.237949138,0.9740439,0.01689112,0.026823208,0.22412878
5523488504654,76.257998821,0.97261345,0.015346332,0.032217916,0.22967274
5523508554337,76.278048504,0.9698161,0.019795528,0.024674142,0.24177732
5523528573502,76.298067669,0.96523213,0.033295326,-7.923139E-5,0.25926518
5523548623186,76.318117353,0.96294093,0.051514976,-0.012181963,0.26446673
5523568672869,76.338167036,0.9623804,0.0715937,-0.027759183,0.26062974
5523588692034,76.358186201,0.9610685,0.082200095,-0.028492931,0.26225677
5523608741718,76.378235885,0.95886976,0.092886776,-0.012982893,0.26790363
5523628760883,76.39825505,0.95699954,0.0856482,0.027446635,0.27579516
5523648810566,76.418304733,0.9550415,0.06675483,0.057101544,0.28315902
5523668860250,76.438354417,0.9556013,0.047098,0.0399387,0.28811982
5523688879415,76.458373582,0.95609134,0.036003858,0.026710361,0.28961995
5523708929098,76.478423265,0.9554862,0.038034186,0.008166429,0.2924601
5523728978782,76.498472949,0.9531916,0.052217577,-0.011587826,0.29759875
5523748997947,76.518492114,0.9488646,0.076970585,-0.025087178,0.30512673
5523769047630,76.538541797,0.9433518,0.092271894,-0.011639924,0.3184932
5523789066796,76.558560963,0.9387331,0.09356753,0.008566453,0.33158997
5523809116479,76.578610646,0.9358673,0.09360324,0.008699185,0.33958074
5523829166162,76.598660329,0.9341647,0.08525159,0.0038652734,0.34648758
5523849185328,76.618679495,0.93200946,0.07399137,-0.003418578,0.3547846
5523869235011,76.638729178,0.9287242,0.063026525,-0.009218265,0.365259
5523889254177,76.658748344,0.92407787,0.05408001,-0.013351068,0.3781235
5523909303860,76.678798027,0.91849834,0.047793306,-0.01465076,0.39225268
5523929353543,76.69884771,0.91196096,0.04289932,-0.010179461,0.4079012
5523949372709,76.718866876,0.9039807,0.040899057,-0.0012171451,0.42561108
5523969483426,76.738977593,0.89579463,0.03992704,0.008753726,0.44258463
5523989533109,76.759027276,0.88852024,0.03825334,0.018349545,0.45687184
5524009552275,76.779046442,0.88220143,0.037612118,0.025414113,0.46867907
5524029601958,76.799096125,0.8769024,0.03788253,0.02958296,0.47825933
5524049621123,76.81911529,0.87314856,0.03777267,0.03240351,0.48490712
5524069670807,76.839164974,0.87047786,0.036291473,0.036748387,0.48949048
5524089720490,76.859214657,0.8671933,0.035610545,0.041654807,0.49494725
5524109739655,76.879233822,0.9357599,0.044462044,0.039158367,0.34762517
5524129789339,76.899283506,0.95272535,0.050989017,0.039809175,0.2968667
5524149808504,76.919302671,0.94782954,0.054918155,0.04519784,0.31074166
5524169858187,76.939352354,0.9358729,0.054507453,0.057286464,0.34335008
5524189877353,76.95937152,0.9338508,0.057039466,0.062472623,0.3475145
5524209927036,76.979421203,0.93244374,0.060059465,0.06489541,0.35032865
5524229946202,76.999440369,0.92729557,0.06303084,0.06518876,0.36318117
5524249995885,77.019490052,0.922611,0.06625866,0.06460878,0.37446576
5524270045568,77.039539735,0.8988724,0.06629007,0.0686528,0.42769274
5524290064734,77.059558901,0.87222797,0.06642292,0.07399024,0.47888613
5524310083900,77.079578067,0.82140267,0.06391206,0.08207954,0.5607814
5524330133583,77.09962775,0.76486456,0.0622715,0.08903473,0.63496244
5524350152749,77.119646916,0.74639344,0.066673756,0.091172405,0.65584993
5524370202431,77.139696598,0.67100924,0.06278127,0.097998574,0.73225784
5524390221598,77.159715765,0.656826,0.058918305,0.1023064,0.74474263
5524410271280,77.179765447,0.6400515,0.06273839,0.103227496,0.7587767
5524430290447,77.199784614,0.6213462,0.066672415,0.104486816,0.77367073
5524450309613,77.21980378,0.6015273,0.071115725,0.10580158,0.788615
5524470359296,77.239853463,0.5831999,0.07444026,0.10754017,0.8017305
5524490378462,77.259872629,0.5649609,0.07615918,0.11040348,0.8141437
5524510428145,77.279922312,0.5448423,0.07731729,0.11352356,0.82721305
5524530447310,77.299941477,0.52216136,0.079645224,0.11517449,0.84127223
5524550466476,77.319960643,0.49915612,0.08358703,0.115842335,0.85465616
5524570516159,77.340010326,0.47720093,0.08799856,0.11662309,0.86656487
5524590535325,77.360029492,0.45572302,0.090386435,0.11859716,0.877543
5524610585008,77.380079175,0.43427154,0.08904606,0.12307286,0.88788074
5524630604175,77.400098342,0.41184527,0.08599466,0.12996389,0.89782953
5524650623340,77.420117507,0.38828352,0.08291729,0.13859954,0.9072767
5524670673024,77.440167191,0.36359322,0.080470294,0.14773954,0.91624105
5524690692189,77.460186356,0.339312,0.07746606,0.15294543,0.9249185
5524710711355,77.480205522,0.31604576,0.07681773,0.157864,0.9323589
5524730761038,77.500255205,0.29264322,0.07530112,0.15852366,0.9399788
5524750780204,77.520274371,0.2690974,0.07087248,0.1562973,0.94769984
5524770799369,77.540293536,0.24494167,0.06597428,0.154215,0.9549182
5524790879570,77.560373737,0.22050487,0.06396812,0.15337802,0.9611248
5524810898736,77.580392903,0.19748479,0.06413756,0.15291454,0.9661797
5524830948419,77.600442586,0.17750618,0.064254984,0.15248694,0.9701086
5524850967585,77.620461752,0.15963295,0.063330665,0.15320134,0.97315776
5524870986750,77.640480917,0.14114448,0.06198207,0.15510125,0.9757972
5524891036433,77.6605306,0.120754145,0.06073301,0.15709676,0.97828966
5524911055599,77.680549766,0.099015415,0.059174582,0.15900159,0.9805166
5524931074766,77.700568933,0.07679106,0.056521185,0.16009241,0.9824862
5524951124449,77.720618616,0.054509364,0.05217365,0.15994337,0.98423827
5524971143615,77.740637782,0.0319502,0.04693539,0.1586906,0.98569447
5524991162780,77.760656947,0.008656047,0.041046306,0.15690194,0.9867229
5525011181946,77.780676113,0.016003435,-0.036758006,-0.14834598,-0.9881226
5525031231629,77.800725796,0.04103564,-0.03411689,-0.14031273,-0.9886681
5525051250795,77.820744962,0.06525675,-0.033178944,-0.13291225,-0.98842055
5525071300478,77.840794645,0.08663562,-0.0300791,-0.1314026,-0.98707795
5525091319644,77.860813811,0.1060509,-0.02621944,-0.13027239,-0.9854415
5525111338810,77.880832977,0.12461704,-0.020638209,-0.12940684,-0.9835134
5525131388493,77.90088266,0.14275508,-0.013555913,-0.12787329,-0.9813694
5525151407659,77.920901826,0.15996128,-0.007018524,-0.12567247,-0.97906566
5525171457342,77.940951509,0.17697111,-0.0076689194,-0.118520945,-0.97702366
5525191476508,77.960970675,0.19247346,-0.0033934657,-0.1151993,-0.974511
5525211526191,77.981020358,0.20766936,-0.0014141343,-0.10918443,-0.9720856
5525231545357,78.001039524,0.2216198,0.0021455497,-0.104142465,-0.9695537
5525251595040,78.021089207,0.2335202,0.0077065723,-0.10074248,-0.9670884
5525271614206,78.041108373,0.2440906,0.011017202,-0.09762085,-0.9647635
5525291663889,78.061158056,0.2537807,0.012690043,-0.09464852,-0.9625363
5525311683054,78.081177221,0.2625897,0.014249162,-0.09173323,-0.96043146
5525331732738,78.101226905,0.26991898,0.016935553,-0.08852607,-0.95865536
5525351751903,78.12124607,0.2765617,0.019448977,-0.08596009,-0.9569463
5525371801586,78.141295753,0.28334978,0.014324535,-0.08742429,-0.95491606
5525391820752,78.161314919,0.28945863,0.013535853,-0.08770741,-0.9530676
5525411870435,78.181364602,0.2951089,0.011557935,-0.08813689,-0.9513197
5525431889601,78.201383768,0.29940224,0.009177944,-0.08797982,-0.9500178
5525451939284,78.221433451,0.30143762,0.0065679634,-0.08746762,-0.94944286
5525471958450,78.241452617,0.30184597,0.004504447,-0.08749876,-0.9493223
5525492008133,78.2615023,0.3017714,0.0027804677,-0.08918043,-0.9491961
5525512027299,78.281521466,0.30170265,0.0014897834,-0.09211555,-0.9489405
5525532076982,78.301571149,0.30124134,1.4230283E-4,-0.095716305,-0.94873184
5525552126665,78.321620832,0.300085,-0.004970833,-0.10265912,-0.9483594
5525572176348,78.341670515,0.2969408,-0.0058869882,-0.10617442,-0.9489566
5525592195514,78.361689681,0.29276213,-0.0072438205,-0.11004861,-0.94980377
5525612245197,78.381739364,0.2887739,-0.008031207,-0.112654515,-0.9507125
5525632294880,78.401789047,0.2848937,-0.007808144,-0.11319727,-0.9518199
5525652314046,78.421808213,0.2815877,-0.005823729,-0.11142966,-0.95302564
5525672363729,78.441857896,0.27936718,-0.0023478225,-0.107475474,-0.9541475
5525692413412,78.461907579,0.27701914,3.3721296E-4,-0.10288977,-0.9553398
5525712432578,78.481926745,0.27293348,-2.5694622E-4,-0.10101775,-0.9567146
5525732482261,78.501976428,0.26651463,-0.0035111667,-0.10356228,-0.95824456
5525752501426,78.521995593,0.25947392,-0.0056051337,-0.109476276,-0.9595087
5525772551110,78.542045277,0.2545121,-0.004382435,-0.1152804,-0.96016395
5525792570275,78.562064442,0.25263813,-1.0768263E-4,-0.11845237,-0.9602828
5525812589441,78.582083608,0.25219044,0.0037738243,-0.11962849,-0.9602473
5525832639124,78.602133291,0.2514063,0.0059599415,-0.11935349,-0.96047604
5525852658291,78.622152458,0.2488839,0.0057567875,-0.11775283,-0.96133137
5525872707973,78.64220214,0.24474214,0.0039043492,-0.11480979,-0.9627589
5525892727140,78.662221307,0.24052756,6.3545926E-4,-0.11239177,-0.96411324
5525912776822,78.682270989,0.23697217,-0.002503476,-0.11151972,-0.96509135
5525932826505,78.702320672,0.23264003,-0.0046743476,-0.11201227,-0.9660797
5525952845672,78.722339839,0.22674888,-0.005838072,-0.112481005,-0.9674187
5525972895354,78.742389521,0.21931371,-0.006364044,-0.11216167,-0.96916497
5525993006071,78.762500238,0.2110636,-0.0072016246,-0.11140833,-0.971076
5526013025237,78.782519404,0.2027717,-0.008998187,-0.11108442,-0.9728633
5526033074919,78.802569086,0.19435193,-0.011576339,-0.111311935,-0.97452706
5526053124603,78.82261877,0.18597372,-0.014411188,-0.11170666,-0.9760778
5526073143768,78.842637935,0.17780764,-0.017554631,-0.112381816,-0.97746956
5526093193451,78.862687618,0.16860683,-0.020617133,-0.11384361,-0.9788699
5526113243135,78.882737302,0.15767637,-0.023248317,-0.116452724,-0.9803246
5526133262300,78.902756467,0.9590389,0.10008043,-0.071054734,-0.25530276
5526153311983,78.92280615,0.9550908,0.103132494,-0.07487436,-0.2675053
5526173361667,78.942855834,0.9575726,0.10886936,-0.076953374,-0.25550044
5526193411350,78.962905517,0.95628947,0.114581354,-0.08045708,-0.25672603
5526213430515,78.982924682,0.95625204,0.12077245,-0.08089113,-0.25387567
5526233480199,79.002974366,0.95570856,0.12452964,-0.07917674,-0.2546459
5526253529882,79.023024049,0.95345956,0.12536873,-0.07792341,-0.26291746
5526273549047,79.043043214,0.9526631,0.12672642,-0.077546835,-0.26525438
5526293598730,79.063092897,0.94793934,0.12940693,-0.08179151,-0.27924034
5526313648414,79.083142581,0.94352865,0.13325197,-0.09102666,-0.28932977
5526333698097,79.103192264,0.93860793,0.13710068,-0.101797,-0.29975992
5526353717262,79.123211429,0.93282676,0.14165938,-0.11210989,-0.31176618
5526373766946,79.143261113,0.9261577,0.14686058,-0.118701726,-0.3264564
5526393816628,79.163310795,0.9191064,0.15263857,-0.12221301,-0.34206575
5526413835794,79.183329961,0.91211164,0.15749864,-0.1250159,-0.35723612
5526433885477,79.203379644,0.9046106,0.15974541,-0.12861271,-0.37365744
5526453935160,79.223429327,0.8963215,0.15955314,-0.1313889,-0.39228517
5526473954326,79.243448493,0.88809466,0.15746155,-0.13275485,-0.4109378
5526494004008,79.263498175,0.8801335,0.1537264,-0.13352033,-0.4288421
5526514053692,79.283547859,0.872251,0.14884332,-0.13244954,-0.4466331
5526534072857,79.303567024,0.86502326,0.14365397,-0.13030039,-0.46273118
5526554122540,79.323616707,0.8587986,0.13824293,-0.1312971,-0.47551557
5526574172224,79.343666391,0.8523404,0.13365257,-0.13393104,-0.48756048
5526594191389,79.363685556,0.8442385,0.13080762,-0.1359896,-0.50165474
5526614241072,79.383735239,0.83502764,0.1298102,-0.1363686,-0.5169931
5526634260238,79.403754405,0.8265195,0.12991443,-0.13628009,-0.5304862
5526654309921,79.423804088,0.81911206,0.12969305,-0.13730894,-0.5416471
5526674329088,79.443823255,0.8120578,0.12900244,-0.13857599,-0.55201215
5526694378770,79.463872937,0.804999,0.12794557,-0.1390882,-0.562371
5526714428453,79.48392262,0.79796374,0.12765224,-0.1395593,-0.57226044
5526734447619,79.503941786,0.7909134,0.1264076,-0.14135413,-0.5818042
5526754497302,79.523991469,0.7822863,0.12600541,-0.14119536,-0.5934769
5526774546985,79.544041152,0.7716405,0.12737934,-0.14002097,-0.6072394
5526794627186,79.564121353,0.7599818,0.12935488,-0.13824391,-0.6217585
5526814676868,79.584171035,0.74772424,0.13045754,-0.13594614,-0.6367166
5526834696035,79.604190202,0.73572975,0.13180393,-0.13763739,-0.6499119
5526854745717,79.624239884,0.18907785,0.029724464,-0.18946834,-0.9630514
5526874764883,79.64425905,0.097515196,0.022438597,-0.1939858,-0.9758877
5526894814566,79.664308733,0.050304074,0.025657358,-0.19844514,-0.978484
5526914864249,79.684358416,0.10179849,-0.0054626768,0.20526779,0.973382
5526934883415,79.704377582,0.16436993,-3.3258545E-4,0.21030836,0.9637183
5526954933097,79.724427264,0.22033255,0.0062161596,0.21387124,0.95166916
5526974982781,79.744476948,0.27248302,0.014281222,0.21570945,0.9375599
5526995001946,79.764496113,0.27707985,0.015059612,0.21749122,0.93578714
5527015051629,79.784545796,0.31896126,0.026498785,0.21767782,0.922051
5527035070796,79.804564963,0.36070043,0.03814717,0.2155987,0.9066186
5527055120478,79.824614645,0.39426085,0.04757542,0.21148089,0.89306825
5527075170161,79.844664328,0.42878428,0.057227302,0.2060805,0.87772435
5527095189327,79.864683494,0.4418509,0.062967665,0.2022113,0.87173015
5527115239010,79.884733177,0.47951975,0.076138176,0.19820026,0.8514579
5527135288693,79.90478286,0.48899335,0.084337935,0.19848563,0.84520775
5527155338376,79.924832543,0.49814796,0.09258684,0.1999615,0.83862495
5527175357542,79.944851709,0.5069211,0.099792786,0.20283441,0.83182365
5527195407225,79.964901392,0.5144955,0.10360914,0.20690012,0.82568264
5527215456908,79.984951075,0.51967746,0.10238599,0.2117944,0.8213377
5527235506592,80.005000759,0.5220879,0.09616314,0.2169183,0.81922126
5527255556275,80.025050442,0.52269876,0.08718472,0.22029997,0.818934
5527275575440,80.045069607,0.52190495,0.0799734,0.22132559,0.8198992
5527295625124,80.065119291,0.52129143,0.07665027,0.21927159,0.8211577
5527315674806,80.085168973,0.52251387,0.07714699,0.2136071,0.82182693
5527335724489,80.105218656,0.5258148,0.080972485,0.20495766,0.8215563
5527355774172,80.125268339,0.530882,0.08688675,0.19598018,0.81988215
5527375823855,80.145318022,0.5369817,0.09262419,0.190069,0.81666726
5527395873538,80.165367705,0.54341567,0.096122384,0.18848462,0.8123629
5527415892704,80.185386871,0.5502383,0.09725504,0.19046612,0.8071567
5527435942387,80.205436554,0.5574028,0.0963514,0.1934759,0.80161434
5527455992070,80.225486237,0.5651675,0.09407219,0.19523941,0.7960011
5527476041752,80.245535919,0.5730888,0.09067425,0.195012,0.79077035
5527496091435,80.265585602,0.5803592,0.08708993,0.19352548,0.78622293
5527516141119,80.285635286,0.586086,0.08426403,0.19199885,0.78264886
5527536160284,80.305654451,0.589693,0.08351657,0.19043604,0.78039813
5527556209967,80.325704134,0.5921896,0.085282154,0.18820596,0.7788561
5527576259651,80.345753818,0.5948577,0.08896395,0.18490972,0.777199
5527596309334,80.365803501,0.59776103,0.0934471,0.18083635,0.7754017
5527616359017,80.385853184,0.60100955,0.09766192,0.17647703,0.7733729
5527636408700,80.405902867,0.6043247,0.1000068,0.17385599,0.7710801
5527656427866,80.425922033,0.6427568,0.11058769,0.16677484,0.7394729
5527676477549,80.445971716,0.64349484,0.111993425,0.16649476,0.73868215
5527696527231,80.466021398,0.64351183,0.112586826,0.16700679,0.73846155
5527716576914,80.486071081,0.64347935,0.11353028,0.16632652,0.73849905
5527736626597,80.506120764,0.64354587,0.114017725,0.16350688,0.73899543
5527756645763,80.52613993,0.6430379,0.1115843,0.15882152,0.7408286
5527776695446,80.546189613,0.6414931,0.1055926,0.15328565,0.7442045
5527796806163,80.56630033,0.6390112,0.097473145,0.14783031,0.7485385
5527815848785,80.585342952,0.6369798,0.08766128,0.14242329,0.752521
5527835898468,80.605392635,0.638484,0.08128691,0.1348739,0.7533523
5527855948151,80.625442318,0.6447971,0.080310605,0.124509946,0.7498561
5527875997833,80.645492,0.65489805,0.08516421,0.11317199,0.7423259
5527896017000,80.665511167,0.66692483,0.095186874,0.10239206,0.73189247
5527916066682,80.685560849,0.6784116,0.10701616,0.095370434,0.72056216
5527936116365,80.705610532,0.6875899,0.118118435,0.09398419,0.710236
5527956166048,80.725660215,0.69359934,0.12611866,0.09786464,0.7024504
5527976215731,80.745709898,0.6978414,0.13007182,0.10499686,0.6964729
5527996234897,80.765729064,0.70045096,0.13026763,0.11341936,0.69248456
5528016284580,80.785778747,0.7026309,0.1284902,0.12079642,0.68935364
5528036334263,80.80582843,0.7043368,0.12647392,0.12527879,0.68718207
5528056353429,80.825847596,0.7060419,0.12539601,0.12631421,0.68543816
5528076403112,80.845897279,0.70905894,0.1260091,0.124743745,0.6824926
5528096452795,80.865946962,0.71333194,0.12869035,0.12226879,0.67797256
5528116502478,80.885996645,0.7183274,0.13374795,0.120119326,0.67207783
5528136521644,80.906015811,0.72323227,0.1394889,0.1186088,0.6658904
5528156571327,80.926065494,0.7273652,0.14429678,0.11745888,0.6605466
5528176621009,80.946115176,0.73123586,0.1471086,0.11622758,0.65585387
5528196670692,80.966164859,0.7356202,0.1475199,0.114834204,0.6510868
5528216689859,80.986184026,0.7399357,0.14665301,0.11379932,0.6465584
5528236739541,81.006233708,0.74394166,0.14617084,0.113292836,0.64214456
5528256789224,81.026283391,0.74708956,0.14543879,0.11552021,0.6382475
5528276838907,81.046333074,0.7958302,0.15221752,0.106821924,0.57625806
5528296888591,81.066382758,0.7960923,0.1489908,0.11080129,0.57598776
5528316907756,81.086401923,0.79577154,0.14484915,0.11266665,0.57712454
5528336957439,81.106451606,0.79502016,0.14070928,0.11170544,0.5793666
5528357007123,81.12650129,0.7942937,0.13763717,0.10798841,0.58180076
5528377056806,81.146550973,0.7935938,0.13496651,0.102205865,0.58442014
5528397106488,81.166600655,0.79259706,0.13214462,0.09463433,0.5876837
5528417125654,81.186619821,0.79227555,0.12902962,0.08598818,0.59013295
5528437175338,81.206669505,0.7927802,0.12642986,0.077165596,0.5912366
5528457225020,81.226719187,0.793997,0.124524646,0.07000016,0.5908997
5528477244186,81.246738353,0.79595363,0.12376563,0.06573967,0.5889127
5528497293869,81.266788036,0.7980483,0.12500456,0.06472415,0.5859211
5528517343552,81.286837719,0.79929805,0.12748672,0.067787796,0.58333063
5528537393235,81.306887402,0.7993766,0.13043804,0.07459237,0.58173794
5528557412401,81.326906568,0.7980947,0.13401046,0.0834336,0.5814851
5528577462084,81.346956251,0.79586107,0.13849907,0.0916405,0.5822587
5528597511767,81.367005934,0.7933061,0.14311476,0.09760852,0.5836576
5528617561450,81.387055617,0.7910142,0.14748925,0.10121895,0.58506274
5528637580616,81.407074783,0.7891912,0.15266964,0.10230769,0.58600557
5528657630299,81.427124466,0.7873395,0.15908769,0.10108441,0.5870004
5528677679982,81.447174149,0.7857493,0.16669437,0.09820917,0.58750826
5528697729665,81.467223832,0.7849895,0.17521128,0.094517194,0.5866508
5528717779347,81.487273514,0.7845492,0.18377559,0.09121302,0.5851405
5528737829030,81.507323197,0.78422874,0.19262412,0.08805403,0.58320475
5528757848196,81.527342363,0.81589127,0.20618954,0.073150486,0.5352163
5528777897879,81.547392046,0.84052825,0.21755487,0.05887653,0.49266198
5528797917046,81.567411213,0.8579121,0.22648782,0.046128824,0.45887065
5528817966728,81.587460895,0.87104625,0.23371537,0.034016848,0.43069515
5528838016411,81.607510578,0.87448823,0.23922019,0.02707356,0.42108318
5528858035577,81.627529744,0.87732583,0.24419135,0.02259407,0.41250402
5528878085260,81.647579427,0.8803167,0.24769333,0.020641861,0.40406007
5528898134943,81.66762911,0.87941366,0.24837662,0.024526495,0.4053876
5528918184626,81.687678793,0.8785145,0.24685398,0.029865364,0.40790117
5528938234309,81.707728476,0.8772935,0.24462995,0.036163792,0.4113446
5528958283992,81.727778159,0.87596273,0.24413581,0.042151082,0.4138964
5528978333675,81.747827842,0.8744027,0.2483381,0.044410516,0.41445848
5528998352841,81.767847008,0.87262076,0.25429982,0.04406029,0.41463634
5529018402523,81.78789669,0.87134856,0.2572972,0.043695472,0.41550028
5529038452207,81.807946374,0.8705518,0.25647214,0.04337687,0.41770813
5529058501890,81.827996057,0.86960393,0.25437498,0.042236753,0.42106822
5529078521055,81.848015222,0.8683771,0.25459448,0.038995713,0.4237713
5529098570738,81.868064905,0.86730826,0.25845557,0.034533285,0.42401007
5529118620422,81.888114589,0.8666915,0.26389515,0.030604735,0.42221877
5529138670105,81.908164272,0.86555845,0.26988602,0.029446986,0.42083627
5529158719788,81.928213955,0.86386395,0.2728769,0.033243388,0.42210466
5529178769471,81.948263638,0.8617841,0.27310804,0.03978561,0.42562592
5529198819153,81.96831332,0.85890913,0.27143532,0.04601658,0.4318338
5529218868836,81.988363003,0.8552286,0.26817816,0.051151834,0.44050905
5529238918519,82.008412686,0.8507735,0.26368693,0.05541539,0.4512015
5529258968203,82.02846237,0.8453862,0.25901106,0.058375254,0.46349537
5529279017886,82.048512053,0.8393396,0.25399676,0.05952336,0.4769191
5529299067568,82.068561735,0.8327854,0.24924617,0.058521137,0.4908363
5529319117251,82.088611418,0.82587767,0.24457228,0.056412384,0.50490415
5529339166934,82.108661101,0.81999224,0.23575991,0.056852017,0.5184572
5529359216617,82.128710784,0.8138171,0.22796665,0.057581335,0.53142947
5529379235783,82.14872995,0.80739367,0.22177619,0.05848384,0.54360867
5529399285466,82.168779633,0.8012097,0.21515468,0.06044123,0.55508417
5529419335149,82.188829316,0.7946531,0.20841463,0.06387863,0.566577
5529439384832,82.208878999,0.7871802,0.20223847,0.0690666,0.5785125
5529459434515,82.228928682,0.7792665,0.19773091,0.07518497,0.58990973
5529479484198,82.248978365,0.7711241,0.19461203,0.083205305,0.60047525
5529499533881,82.269028048,0.7621876,0.19310607,0.09187913,0.61101425
5529519553046,82.289047213,0.7520247,0.19144927,0.10025082,0.6227006
5529539602730,82.309096897,0.74089944,0.18819548,0.10739446,0.63570195
5529559652413,82.32914658,0.7295741,0.18443082,0.11234305,0.6489115
5529579702096,82.349196263,0.7187557,0.18133643,0.11492147,0.66128695
5529599751779,82.369245946,0.70868707,0.1797741,0.115191914,0.67243946
5529619801462,82.389295629,0.6985442,0.17754681,0.11588222,0.6834358
5529639851144,82.409345311,0.6882144,0.1734913,0.11784514,0.6945317
5529659900827,82.429394994,0.6765163,0.16758509,0.120381705,0.7069295
5529679950511,82.449444678,0.66394097,0.15972838,0.12256012,0.7201724
5529700000194,82.469494361,0.6509426,0.14952056,0.12421226,0.7338179
5529720019359,82.489513526,0.6378604,0.13793284,0.12516938,0.74728924
5529740069042,82.509563209,0.62489265,0.12898882,0.12581031,0.75963336
5529760118726,82.529612893,0.61308616,0.12581791,0.12677519,0.7695606
5529780168409,82.549662576,0.6021934,0.12685949,0.12886949,0.7776005
5529800218091,82.569712258,0.590384,0.1267749,0.1332286,0.78589123
5529820267774,82.589761941,0.5765704,0.12292566,0.13937862,0.7956315
5529840317457,82.609811624,0.561341,0.11722032,0.14495423,0.80631506
5529860367140,82.629861307,0.5455542,0.11149644,0.14858432,0.8172282
5529880416823,82.64991099,0.53002536,0.10732556,0.1502788,0.8276295
5529900466507,82.669960674,0.5143503,0.1045911,0.15111998,0.8376558
5529920516189,82.690010356,0.4979444,0.10225938,0.15189128,0.8476576
5529940565872,82.710060039,0.4820931,0.099889435,0.15287066,0.85687745
5529960615555,82.730109722,0.44853136,0.094174065,0.15611905,0.87497306
5529980634721,82.750128888,0.4203479,0.089155465,0.15853307,0.8889467
5530000684404,82.770178571,0.40761626,0.08688387,0.15836208,0.8951099
5530020795121,82.790289288,0.39582878,0.08455479,0.15730385,0.90079176
5530040814286,82.810308453,0.38410214,0.08255639,0.15597394,0.90626836
5530060863970,82.830358137,0.36432314,0.08002875,0.15563725,0.9146809
5530080913653,82.85040782,0.3514303,0.07999287,0.15507387,0.9198099
5530100963336,82.870457503,0.34079394,0.07904279,0.15468684,0.92395014
5530121013019,82.890507186,0.3354615,0.07927032,0.15458973,0.9258962
5530141062702,82.910556869,0.33134013,0.079325266,0.1547061,0.927355
5530161112384,82.930606551,0.32707775,0.07765644,0.15442216,0.9290552
5530181162067,82.950656234,0.32406768,0.07253962,0.15356126,0.9306649
5530201211751,82.970705918,0.32301325,0.06554408,0.15303203,0.9316371
5530221261434,82.990755601,0.32353282,0.062026814,0.15283938,0.93172926
5530241311117,83.010805284,0.32498568,0.06263527,0.15257962,0.93122536
5530261360800,83.030854967,0.32642648,0.065327585,0.15151076,0.93071085
5530281410482,83.050904649,0.32696703,0.065822266,0.14957793,0.9307988
5530301460165,83.070954332,0.3261645,0.059664175,0.14710638,0.9318888
5530321509848,83.091004015,0.32621688,0.051403116,0.14440253,0.9327852
5530341559532,83.111053699,0.32849848,0.047213793,0.14291671,0.93243474
5530361609215,83.131103382,0.33384952,0.04938543,0.14295459,0.9304137
5530381628380,83.151122547,0.3411057,0.054209586,0.14354292,0.9274178
5530401678063,83.17117223,0.3483581,0.056624666,0.1439315,0.9245129
5530421727747,83.191221914,0.3542906,0.05580379,0.14460002,0.9222011
5530441777429,83.211271596,0.3586434,0.05411239,0.1456659,0.92045003
5530461827112,83.231321279,0.36223122,0.052295465,0.14600487,0.91909546
5530481876795,83.251370962,0.36532062,0.0503438,0.14477526,0.9181757
5530501926478,83.271420645,0.367532,0.048281975,0.1419227,0.9178492
5530521976161,83.291470328,0.36974,0.046549547,0.1382099,0.91761845
5530542025844,83.311520011,0.37299612,0.046503015,0.13332228,0.9170259
5530562045010,83.331539177,0.38270634,0.047846258,0.1297108,0.913467
5530582094693,83.35158886,0.38729745,0.048663914,0.12675887,0.9119017
5530602174893,83.37166906,0.39534274,0.049187526,0.12390174,0.90880865
5530622224576,83.391718743,0.40515134,0.049303487,0.121299155,0.904825
5530642274259,83.411768426,0.4147596,0.049190946,0.11972652,0.90067774
5530662323941,83.431818108,0.43106183,0.050196044,0.119527645,0.892961
5530682373624,83.451867791,0.43770367,0.050810527,0.121535465,0.8894172
5530702423307,83.471917474,0.44255897,0.05116803,0.12244788,0.88686526
5530722472991,83.491967158,0.44478875,0.05261734,0.1260565,0.8851577
5530742522674,83.512016841,0.45183697,0.053742986,0.12978454,0.8809716
5530762572357,83.532066524,0.459657,0.051713645,0.1309936,0.8768591
5530782622039,83.552116206,0.4615455,0.048071533,0.13242702,0.8758584
5530802702240,83.572196407,0.46289375,0.045088608,0.13388851,0.875083
5530822751923,83.59224609,0.470658,0.044864226,0.13423595,0.8708898
5530842801606,83.612295773,0.4689603,0.041772388,0.13386652,0.8720156
5530862851288,83.632345455,0.46535048,0.035492994,0.13107799,0.8746472
5530882900971,83.652395138,0.46180514,0.029064575,0.12536238,0.8775965
5530902950654,83.672444821,0.45785782,0.024315989,0.11873499,0.8807253
5530923000337,83.692494504,0.45566332,0.021653209,0.113702565,0.88259494
5530943050021,83.712544188,0.45555353,0.020241456,0.11181552,0.88292617
5530963099703,83.73259387,0.4570319,0.020350894,0.11347717,0.8819471
5530983149386,83.752643553,0.45827913,0.019758308,0.11948922,0.88051814
5531003199069,83.772693236,0.4579161,0.01957829,0.123985104,0.88008946
5531023187718,83.792681885,0.4547843,0.019621562,0.12584269,0.8814477
5531043237401,83.812731568,0.45003316,0.020892989,0.12666646,0.88373595
5531063287083,83.83278125,0.4442036,0.021771811,0.12698165,0.8866144
5531083336767,83.852830934,0.43826464,0.022269448,0.12586525,0.8897113
5531103386450,83.872880617,0.4344313,0.023178168,0.12333268,0.89192003
5531123436133,83.8929303,0.4318926,0.02706256,0.123354785,0.89303976
5531143485816,83.912979983,0.42989042,0.03283161,0.1260827,0.8934313
5531163535499,83.933029666,0.42719522,0.03794163,0.12978345,0.89399153
5531183585181,83.953079348,0.424266,0.041456617,0.13185416,0.89492697
5531203634864,83.973129031,0.42094323,0.04384403,0.13218358,0.89633256
5531223715065,83.993209232,0.41834274,0.045518722,0.13149367,0.8975673
5531243764748,84.013258915,0.41705185,0.04742889,0.1299298,0.89829654
5531263814430,84.033308597,0.41737726,0.050173268,0.12594584,0.89856356
5531283864113,84.05335828,0.41877955,0.05371569,0.12002876,0.8985162
5531303913797,84.073407964,0.420131,0.057036307,0.114481576,0.89840466
5531323963480,84.093457647,0.42134306,0.061719682,0.10964331,0.898131
5531344013163,84.11350733,0.42297614,0.0661538,0.106843136,0.8973849
5531364062845,84.133557012,0.42534664,0.06891949,0.10563931,0.896198
5531384112528,84.153606695,0.42845586,0.07040752,0.10529246,0.8946406
5531404162211,84.173656378,0.43292215,0.0729826,0.104766965,0.892343
5531424211894,84.193706061,0.43943116,0.07785147,0.10430291,0.8887971
5531444261577,84.213755744,0.44623435,0.0805352,0.10560583,0.8850064
5531464311261,84.233805428,0.45120108,0.078888126,0.10683598,0.8824853
5531484360943,84.25385511,0.45355096,0.07376764,0.10372962,0.8820941
5531504410626,84.273904793,0.45476875,0.06823525,0.095696636,0.8828202
5531524460309,84.293954476,0.45645726,0.06508718,0.08663148,0.8831226
5531544509992,84.314004159,0.45951998,0.06571257,0.080205634,0.8820943
5531564559675,84.334053842,0.46374285,0.06679802,0.07956979,0.8798575
5531584609358,84.354103525,0.46856079,0.06837296,0.08366251,0.876799
5531604659041,84.374153208,0.47337273,0.07098641,0.091055505,0.8732629
5531624708724,84.394202891,0.47792798,0.07533433,0.10064796,0.8693559
5531644758407,84.414252574,0.48233512,0.084782645,0.108224355,0.8651314
5531664808090,84.434302257,0.48597676,0.090668835,0.1160011,0.8614811
5531684857773,84.45435194,0.4898321,0.09413421,0.12265976,0.8579964
5531704907456,84.474401623,0.49567607,0.09813856,0.12544017,0.8537792
5531724957138,84.494451305,0.5031531,0.09983191,0.1273898,0.84890664
5531745006821,84.514500988,0.5115733,0.1019728,0.12846693,0.84343976
5531765056505,84.534550672,0.5195567,0.1055089,0.12820329,0.83814836
5531785106188,84.554600355,0.52448374,0.110432245,0.12669171,0.83466804
5531805216905,84.574711072,0.5264932,0.114705384,0.12607944,0.83291763
5531825266588,84.594760755,0.5277095,0.1184203,0.12689297,0.8315031
5531845316271,84.614810438,0.5281661,0.120291516,0.12963171,0.8305217
5531865396471,84.634890638,0.5289495,0.12201004,0.1333936,0.82917565
5531885446154,84.654940321,0.52901083,0.12245772,0.13823134,0.8282775
5531905495837,84.674990004,0.5287876,0.12522776,0.14241421,0.82729673
5531925545519,84.695039686,0.52851146,0.12788709,0.14641592,0.8263674
5531945595202,84.715089369,0.5279596,0.12937842,0.15298589,0.82529706
5531965614368,84.735108535,0.52688324,0.1297352,0.16205701,0.8241969
5531985664051,84.755158218,0.5259809,0.1286843,0.1715462,0.82301664
5532005713734,84.775207901,0.5232386,0.12345689,0.1817098,0.8233841
5532025824451,84.795318618,0.5187583,0.11642811,0.19090885,0.8251595
5532045874134,84.815368301,0.51458806,0.11174074,0.1959908,0.8272248
5532065923817,84.835417984,0.5118689,0.11093347,0.19492549,0.82926965
5532085973501,84.855467668,0.5094434,0.112428844,0.18912613,0.8319006
5532106023183,84.87551735,0.50673926,0.11605162,0.1828359,0.834457
5532126072866,84.895567033,0.5041958,0.11925047,0.18076399,0.83599657
5532146122549,84.915616716,0.50052506,0.11809259,0.18517514,0.83740026
5532166172232,84.935666399,0.49665815,0.113340884,0.19383076,0.83839977
5532186221915,84.955716082,0.49340048,0.10778887,0.20104016,0.8393572
5532206271598,84.975765765,0.49020955,0.10289555,0.20421062,0.8410738
5532226321280,84.995815447,0.4862778,0.09904456,0.20326069,0.8440435
5532246370964,85.015865131,0.481857,0.09631325,0.19958149,0.8477646
5532266420647,85.035914814,0.4779202,0.09472414,0.19490084,0.85125405
5532286470330,85.055964497,0.47450274,0.09487841,0.19038971,0.8541645
5532306520013,85.07601418,0.471312,0.096731015,0.18596324,0.8566947
5532326569696,85.096063863,0.4685244,0.09916203,0.1815944,0.8588803
5532346619378,85.116113545,0.4659643,0.10061385,0.17685845,0.8610896
5532366669061,85.136163228,0.46430293,0.10097513,0.17119302,0.8630875
5532386718745,85.156212912,0.46316266,0.10032767,0.16444246,0.8650859
5532406798944,85.176293111,0.46232283,0.09900266,0.15701383,0.8670656
5532426848627,85.196342794,0.4614476,0.09848231,0.15115198,0.8686314
5532446898310,85.216392477,0.4602136,0.09940343,0.14772354,0.8697703
5532466947994,85.236442161,0.45913127,0.09971501,0.14418395,0.87089974
5532486997677,85.256491844,0.45865667,0.098967224,0.14155303,0.87166643
5532507047360,85.276541527,0.45934185,0.09703943,0.13993824,0.8717832
5532527097042,85.296591209,0.46078908,0.09584282,0.13962588,0.87120163
5532547146725,85.316640892,0.46269053,0.09588074,0.14004642,0.8701216
5532567196408,85.336690575,0.46547863,0.09805165,0.14150298,0.8681547
5532587246091,85.356740258,0.4682471,0.09903428,0.14483723,0.8660018
5532607295774,85.376789941,0.47098246,0.09760992,0.14680868,0.86434656
5532627345458,85.396839625,0.47517088,0.09678404,0.1458772,0.8623024
5532647364623,85.41685879,0.4804766,0.09878318,0.14432152,0.8593925
5532667414306,85.436908473,0.48544252,0.10334812,0.1434488,0.8562052
5532687463989,85.456958156,0.4894281,0.10914173,0.14461315,0.8530155
5532707513672,85.477007839,0.49408337,0.115447626,0.14660455,0.84915286
5532727563355,85.497057522,0.49876618,0.11866945,0.15050332,0.8452803
5532747613038,85.517107205,0.50202006,0.11680182,0.15728658,0.84237415
5532767662721,85.537156888,0.5039922,0.11267563,0.16580997,0.8401209
5532787773438,85.557267605,0.505031,0.10870849,0.1726572,0.8386392
5532807823121,85.577317288,0.5058359,0.1057894,0.17462331,0.8381201
5532827872803,85.59736697,0.5077839,0.104453556,0.17228474,0.83759356
5532847922487,85.617416654,0.51010555,0.10459122,0.16670483,0.8372949
5532867972170,85.637466337,0.5125027,0.10419584,0.16010326,0.8371685
5532888021853,85.65751602,0.514921,0.10252541,0.15505017,0.8368418
5532908071536,85.677565703,0.51640815,0.09925912,0.15260944,0.836768
5532928121219,85.697615386,0.51711565,0.09718674,0.15209493,0.836668
5532948170901,85.717665068,0.5178943,0.09578877,0.15305021,0.8361732
5532968190068,85.737684235,0.5188171,0.09421239,0.15584323,0.83526385
5532988239750,85.757733917,0.5188873,0.093190655,0.15947941,0.8346484
5533008289433,85.7777836,0.5184915,0.091700695,0.1607157,0.8348222
5533028339116,85.797833283,0.5185257,0.09067341,0.16057745,0.8349397
5533048419317,85.817913484,0.5181201,0.0914227,0.16088013,0.83505154
5533068468999,85.837963166,0.51681006,0.09244332,0.16270223,0.8353979
5533088518682,85.858012849,0.5146741,0.09164069,0.1640995,0.8365309
5533108568365,85.878062532,0.51213425,0.08992569,0.1647159,0.8381531
5533128587531,85.898081698,0.50896895,0.08758183,0.16508119,0.84025496
5533148637214,85.918131381,0.50501287,0.08508144,0.1662202,0.84267074
5533168717414,85.938211581,0.4991484,0.07963189,0.16933039,0.84607154
5533188767097,85.958261264,0.49307215,0.07500989,0.17052664,0.8498082
5533208816780,85.978310947,0.48803023,0.07275696,0.16879407,0.8532535
5533228866463,85.99836063,0.48359773,0.07145757,0.16681507,0.85627085
5533248916146,86.018410313,0.4788164,0.07028637,0.16684467,0.8590446
5533268965829,86.038459996,0.47373512,0.07049878,0.16785936,0.8616427
5533289015512,86.058509679,0.46904457,0.06826108,0.17117448,0.8637343
5533309065195,86.078559362,0.46462873,0.06540976,0.17676161,0.8652151
5533329084361,86.098578528,0.46077773,0.064696774,0.18349445,0.865926
5533349134043,86.11862821,0.45743057,0.064847186,0.18988205,0.86631227
5533369183727,86.138677894,0.45406815,0.06370082,0.19584268,0.8668392
5533389263927,86.158758094,0.4503565,0.061634567,0.20056298,0.8678449
5533409283093,86.17877726,0.44584426,0.059619334,0.20404957,0.8695011
5533429332776,86.198826943,0.44060326,0.058372825,0.20664655,0.87164134
5533449382458,86.218876625,0.4350021,0.056962468,0.2097281,0.87380934
5533469462659,86.238956826,0.4298064,0.05592454,0.21322595,0.875599
5533489481824,86.258975991,0.42534605,0.055499908,0.21675488,0.8769366
5533509531508,86.279025675,0.42153725,0.05487544,0.2197589,0.8780668
5533529581191,86.299075358,0.41843864,0.054203756,0.22112553,0.87924653
5533549630874,86.319125041,0.41513738,0.04955439,0.222867,0.8806451
5533569680556,86.339174723,0.41356498,0.045707308,0.22062705,0.8821557
5533589699723,86.35919389,0.41319248,0.046712488,0.21176144,0.8844473
5533609749406,86.379243573,0.41268262,0.048901696,0.2020529,0.886835
5533629799088,86.399293255,0.41241962,0.05126164,0.19555672,0.88827926
